Model,Loss,Accuracy,Training Time
LeNet-5,0.36871978640556335,0.8654510974884033,280.08453726768494
LeNet-5 with sample_weight,0.4786738455295563,0.8104227781295776,260.553884267807
