{"loss": [0.5307255387306213, 0.3867949843406677, 0.36709529161453247, 0.35490790009498596, 0.3467847406864166, 0.33931732177734375, 0.33431047201156616, 0.32866331934928894, 0.324502557516098, 0.3200359344482422, 0.31601598858833313, 0.312950074672699, 0.30932173132896423, 0.30598214268684387, 0.30223092436790466, 0.28950780630111694, 0.2847529947757721, 0.28226175904273987, 0.2792554795742035, 0.2714955806732178, 0.2685281038284302], "accuracy": [0.8221550583839417, 0.858651876449585, 0.864319384098053, 0.8682994246482849, 0.8702496290206909, 0.872331976890564, 0.8735451102256775, 0.8755033016204834, 0.876746654510498, 0.8776811361312866, 0.8790725469589233, 0.8798637986183167, 0.8811023831367493, 0.8820862174034119, 0.8828965425491333, 0.8871933817863464, 0.8885370492935181, 0.8891069889068604, 0.8897199034690857, 0.8922719359397888, 0.8930726647377014], "val_loss": [0.3969850540161133, 0.3686331808567047, 0.3544444143772125, 0.34029167890548706, 0.337910532951355, 0.3315310478210449, 0.3277222216129303, 0.3235528767108917, 0.3243957757949829, 0.32001766562461853, 0.32287758588790894, 0.3195239305496216, 0.3226258456707001, 0.322155624628067, 0.32015666365623474, 0.3156385123729706, 0.3161788284778595, 0.31860268115997314, 0.32181116938591003, 0.3176971971988678, 0.319765567779541], "val_accuracy": [0.8556895852088928, 0.8646015524864197, 0.8672521710395813, 0.8729546666145325, 0.8718514442443848, 0.8750322461128235, 0.8765509724617004, 0.8773390054702759, 0.8772960305213928, 0.8791443109512329, 0.8785855770111084, 0.8789437413215637, 0.8790583610534668, 0.879430890083313, 0.8796887993812561, 0.8817377090454102, 0.881408154964447, 0.8822821378707886, 0.881193220615387, 0.8839728236198425, 0.8833280801773071], "lr": [0.0009, 0.0009, 0.0009, 0.0009, 0.0009, 0.0009, 0.0009, 0.0009, 0.0009, 0.0009, 0.0009, 0.0009, 0.0009, 0.0009, 0.0009, 0.00045, 0.00045, 0.00045, 0.00045, 0.000225, 0.000225]}