{"loss": [0.6477922797203064, 0.4105697572231293, 0.3809131681919098, 0.36561957001686096, 0.3560420274734497, 0.3482193052768707, 0.3423171937465668, 0.3370014727115631, 0.33303987979888916, 0.32885345816612244, 0.32535040378570557, 0.3227136433124542, 0.3190706670284271, 0.3164241909980774, 0.31433233618736267, 0.31184688210487366, 0.3090456426143646, 0.30680811405181885, 0.30402010679244995, 0.30206090211868286, 0.29989662766456604, 0.2974783182144165, 0.2956964373588562, 0.2858332097530365, 0.2830943763256073, 0.2808835208415985, 0.27899831533432007, 0.2734961211681366, 0.27195459604263306], "accuracy": [0.7961893677711487, 0.852533757686615, 0.8604826927185059, 0.8653717041015625, 0.8675289154052734, 0.8698022961616516, 0.8715105056762695, 0.8728860020637512, 0.8742535710334778, 0.8752772212028503, 0.8764282464981079, 0.8769329190254211, 0.8780520558357239, 0.8788974285125732, 0.8794148564338684, 0.880271315574646, 0.8808556199073792, 0.8814255595207214, 0.8823807835578918, 0.8828424215316772, 0.8835254311561584, 0.8839377164840698, 0.8847289681434631, 0.8878954648971558, 0.888328492641449, 0.8892168402671814, 0.8900446891784668, 0.8914902210235596, 0.8918961882591248], "val_loss": [0.40311774611473083, 0.37437525391578674, 0.35850790143013, 0.3444829285144806, 0.3391109108924866, 0.33332347869873047, 0.33357757329940796, 0.3277510106563568, 0.33194223046302795, 0.32356658577919006, 0.32321617007255554, 0.3200205862522125, 0.3215937316417694, 0.3204987943172455, 0.3185935616493225, 0.31967878341674805, 0.31935328245162964, 0.31758221983909607, 0.3184531331062317, 0.3169410824775696, 0.31832611560821533, 0.31732118129730225, 0.3191235363483429, 0.314155250787735, 0.3147590160369873, 0.3140566349029541, 0.31617647409439087, 0.3149718940258026, 0.31579065322875977], "val_accuracy": [0.8531965613365173, 0.8622230887413025, 0.8667507171630859, 0.8702610731124878, 0.8730836510658264, 0.8750609159469604, 0.873957633972168, 0.8770667910575867, 0.874129593372345, 0.8770095109939575, 0.8775539398193359, 0.8792732954025269, 0.8791157007217407, 0.8791729807853699, 0.8790153861045837, 0.8785998821258545, 0.8797317743301392, 0.8811502456665039, 0.8791300058364868, 0.8805484771728516, 0.8790010809898376, 0.881293535232544, 0.881293535232544, 0.8825543522834778, 0.8820385932922363, 0.8826689720153809, 0.8823824524879456, 0.8828409314155579, 0.8834713697433472], "lr": [0.00030000000000000014, 0.00030000000000000014, 0.00030000000000000014, 0.00030000000000000014, 0.00030000000000000014, 0.00030000000000000014, 0.00030000000000000014, 0.00030000000000000014, 0.00030000000000000014, 0.00030000000000000014, 0.00030000000000000014, 0.00030000000000000014, 0.00030000000000000014, 0.00030000000000000014, 0.00030000000000000014, 0.00030000000000000014, 0.00030000000000000014, 0.00030000000000000014, 0.00030000000000000014, 0.00030000000000000014, 0.00030000000000000014, 0.00030000000000000014, 0.00030000000000000014, 0.00015000000000000007, 0.00015000000000000007, 0.00015000000000000007, 0.00015000000000000007, 7.500000000000003e-05, 7.500000000000003e-05]}