{"loss": [0.5453647375106812, 0.39056524634361267, 0.36860573291778564, 0.35634344816207886, 0.3481481671333313, 0.3414400815963745, 0.33595776557922363, 0.3302214741706848, 0.3262082040309906, 0.32238802313804626, 0.31837818026542664, 0.3147667348384857, 0.3116298019886017, 0.3084471523761749, 0.3053601086139679, 0.29300713539123535, 0.2889183759689331, 0.28543639183044434, 0.2835461497306824, 0.27548420429229736, 0.2733123004436493], "accuracy": [0.8189343810081482, 0.8583159446716309, 0.8636348247528076, 0.8676801323890686, 0.8700060844421387, 0.8718495965003967, 0.8733174204826355, 0.8752151131629944, 0.8757500648498535, 0.8773866295814514, 0.878348171710968, 0.8794642090797424, 0.880414605140686, 0.8816754817962646, 0.8823473453521729, 0.8861633539199829, 0.8872268199920654, 0.8880499005317688, 0.8888044953346252, 0.8910158276557922, 0.8917465209960938], "val_loss": [0.41183605790138245, 0.3629832863807678, 0.35621488094329834, 0.3385288417339325, 0.3407071828842163, 0.33099716901779175, 0.33010464906692505, 0.3241276443004608, 0.3238751292228699, 0.32071879506111145, 0.32400888204574585, 0.31830912828445435, 0.32225990295410156, 0.3210780620574951, 0.3216091990470886, 0.31477588415145874, 0.314891517162323, 0.31653693318367004, 0.3184072971343994, 0.31556764245033264, 0.31764841079711914], "val_accuracy": [0.8479238748550415, 0.8666360974311829, 0.8671375513076782, 0.8720090389251709, 0.8718801140785217, 0.8751755356788635, 0.8756483197212219, 0.8775396347045898, 0.877668559551239, 0.8784995675086975, 0.8777258992195129, 0.8791013360023499, 0.8783849477767944, 0.8783993124961853, 0.877768874168396, 0.8808636665344238, 0.8816946744918823, 0.8815944194793701, 0.8816230893135071, 0.8827406167984009, 0.8827979564666748], "lr": [0.0007000000000000001, 0.0007000000000000001, 0.0007000000000000001, 0.0007000000000000001, 0.0007000000000000001, 0.0007000000000000001, 0.0007000000000000001, 0.0007000000000000001, 0.0007000000000000001, 0.0007000000000000001, 0.0007000000000000001, 0.0007000000000000001, 0.0007000000000000001, 0.0007000000000000001, 0.0007000000000000001, 0.00035000000000000005, 0.00035000000000000005, 0.00035000000000000005, 0.00035000000000000005, 0.00017500000000000003, 0.00017500000000000003]}