{"loss": [0.6019742488861084, 0.4014018774032593, 0.37613171339035034, 0.36243268847465515, 0.3522419035434723, 0.34514638781547546, 0.3393789529800415, 0.3347245156764984, 0.3301711678504944, 0.32612529397010803, 0.3228292167186737, 0.31996017694473267, 0.3163771331310272, 0.31340688467025757, 0.3108781576156616, 0.3078111708164215, 0.3053854703903198, 0.303358793258667, 0.29210031032562256, 0.2888670563697815, 0.28666478395462036, 0.2844911217689514, 0.2823377549648285, 0.27576780319213867, 0.2739943563938141], "accuracy": [0.8064466714859009, 0.854671835899353, 0.862264096736908, 0.8654369711875916, 0.8684061169624329, 0.8703165054321289, 0.8724163770675659, 0.8737138509750366, 0.8752214908599854, 0.8760620951652527, 0.8772115111351013, 0.8779199719429016, 0.8786506652832031, 0.8797969222068787, 0.8805180788040161, 0.8816118240356445, 0.882272481918335, 0.882504940032959, 0.8863623738288879, 0.8872141242027283, 0.8877347111701965, 0.8881517648696899, 0.8890879154205322, 0.8913788199424744, 0.8915300369262695], "val_loss": [0.3831564784049988, 0.37231960892677307, 0.35772407054901123, 0.33869773149490356, 0.335401326417923, 0.3347008228302002, 0.33003732562065125, 0.32587531208992004, 0.32700246572494507, 0.324044793844223, 0.3240170478820801, 0.31967592239379883, 0.3227037787437439, 0.3218390941619873, 0.3174114227294922, 0.3203932046890259, 0.3175777792930603, 0.31862232089042664, 0.31452181935310364, 0.31376150250434875, 0.3155641257762909, 0.3166698217391968, 0.31793805956840515, 0.3155292868614197, 0.31581172347068787], "val_accuracy": [0.8605753779411316, 0.8635699152946472, 0.868627667427063, 0.8726824522018433, 0.8735707998275757, 0.8744304776191711, 0.8757343292236328, 0.8773247003555298, 0.8774106502532959, 0.8779407739639282, 0.8772817254066467, 0.8793019652366638, 0.8783133029937744, 0.8776112794876099, 0.8797604441642761, 0.8786428570747375, 0.8802475929260254, 0.8802618980407715, 0.8814941048622131, 0.8820672035217285, 0.8820528984069824, 0.8818666338920593, 0.8818236589431763, 0.8829842209815979, 0.8829125761985779], "lr": [0.0004000000000000001, 0.0004000000000000001, 0.0004000000000000001, 0.0004000000000000001, 0.0004000000000000001, 0.0004000000000000001, 0.0004000000000000001, 0.0004000000000000001, 0.0004000000000000001, 0.0004000000000000001, 0.0004000000000000001, 0.0004000000000000001, 0.0004000000000000001, 0.0004000000000000001, 0.0004000000000000001, 0.0004000000000000001, 0.0004000000000000001, 0.0004000000000000001, 0.00020000000000000004, 0.00020000000000000004, 0.00020000000000000004, 0.00020000000000000004, 0.00020000000000000004, 0.00010000000000000002, 0.00010000000000000002]}