{"loss": [0.7243136167526245, 0.4295637309551239, 0.393563836812973, 0.3753393590450287, 0.36370182037353516, 0.3541337847709656, 0.3476976752281189, 0.3425690233707428, 0.3383576273918152, 0.33420467376708984, 0.33054986596107483, 0.32765036821365356, 0.3243231177330017, 0.32194796204566956, 0.3187439739704132, 0.3165595829486847, 0.3144410252571106, 0.31186240911483765, 0.30354487895965576, 0.3007250726222992, 0.29890021681785583, 0.29740047454833984, 0.29550498723983765, 0.2938104271888733, 0.293327271938324, 0.28767716884613037, 0.2861999273300171, 0.2852817177772522, 0.28467869758605957, 0.28149130940437317, 0.28086522221565247], "accuracy": [0.7792599201202393, 0.8471893668174744, 0.8572158813476562, 0.8624647259712219, 0.8655213713645935, 0.8679810166358948, 0.8699805736541748, 0.8713942766189575, 0.8727092742919922, 0.8739829063415527, 0.8746961355209351, 0.8757818937301636, 0.876636803150177, 0.8773913979530334, 0.8783004283905029, 0.8789849877357483, 0.8794498443603516, 0.8803907632827759, 0.88261479139328, 0.8837196230888367, 0.8840045928955078, 0.8844631314277649, 0.8850362300872803, 0.8854056000709534, 0.8854963183403015, 0.8871631622314453, 0.8876932859420776, 0.8880339860916138, 0.8881756663322449, 0.8889589309692383, 0.8895543217658997], "val_loss": [0.4133398234844208, 0.3710874319076538, 0.3656308948993683, 0.34676459431648254, 0.3427037298679352, 0.33903229236602783, 0.33467692136764526, 0.32821419835090637, 0.33193114399909973, 0.3263445496559143, 0.3246234655380249, 0.3227463960647583, 0.32404035329818726, 0.32303586602211, 0.32029885053634644, 0.3221207559108734, 0.3210172653198242, 0.32060644030570984, 0.31706562638282776, 0.3150681257247925, 0.31443649530410767, 0.3139016032218933, 0.3164032995700836, 0.31425148248672485, 0.3156922459602356, 0.312585711479187, 0.3135780990123749, 0.3140704333782196, 0.31353050470352173, 0.31285974383354187, 0.3130231201648712], "val_accuracy": [0.8521935939788818, 0.8638421893119812, 0.8637418746948242, 0.8690861463546753, 0.8730263113975525, 0.8724675178527832, 0.873928964138031, 0.876078188419342, 0.8750178813934326, 0.8763504028320312, 0.8772817254066467, 0.8771957755088806, 0.8780984282493591, 0.8773247003555298, 0.8781270384788513, 0.877811849117279, 0.8788864612579346, 0.8792159557342529, 0.8800326585769653, 0.8808063864707947, 0.8807634115219116, 0.88109290599823, 0.8807203769683838, 0.8815657496452332, 0.8806487917900085, 0.8824684023857117, 0.88130784034729, 0.8813508152961731, 0.8825257420539856, 0.8823251128196716, 0.8820385932922363], "lr": [0.0002000000000000001, 0.0002000000000000001, 0.0002000000000000001, 0.0002000000000000001, 0.0002000000000000001, 0.0002000000000000001, 0.0002000000000000001, 0.0002000000000000001, 0.0002000000000000001, 0.0002000000000000001, 0.0002000000000000001, 0.0002000000000000001, 0.0002000000000000001, 0.0002000000000000001, 0.0002000000000000001, 0.0002000000000000001, 0.0002000000000000001, 0.0002000000000000001, 0.00010000000000000005, 0.00010000000000000005, 0.00010000000000000005, 0.00010000000000000005, 0.00010000000000000005, 0.00010000000000000005, 0.00010000000000000005, 5.000000000000002e-05, 5.000000000000002e-05, 5.000000000000002e-05, 5.000000000000002e-05, 2.500000000000001e-05, 2.500000000000001e-05]}