{"loss": [0.5776426196098328, 0.3961404263973236, 0.3726097047328949, 0.35947975516319275, 0.3502766788005829, 0.34323522448539734, 0.33723369240760803, 0.3328310251235962, 0.3283116817474365, 0.3244616389274597, 0.32086181640625, 0.31750741600990295, 0.3141690790653229, 0.31108665466308594, 0.3077165484428406, 0.2971419394016266, 0.2927149534225464, 0.2902895510196686, 0.28790271282196045, 0.28593578934669495, 0.27904149889945984, 0.2764036953449249], "accuracy": [0.8116382360458374, 0.8566092848777771, 0.8629805445671082, 0.8667265176773071, 0.8690556287765503, 0.8711602687835693, 0.8728955388069153, 0.874320387840271, 0.8754157423973083, 0.8763964176177979, 0.8774487376213074, 0.8788273930549622, 0.8794498443603516, 0.8807123303413391, 0.8815354108810425, 0.8849183917045593, 0.8860375881195068, 0.8867046236991882, 0.8872841596603394, 0.8876773715019226, 0.8901863694190979, 0.890643298625946], "val_loss": [0.4042900502681732, 0.3638887107372284, 0.3541281223297119, 0.34172600507736206, 0.33760830760002136, 0.33100640773773193, 0.3337123394012451, 0.3272683620452881, 0.32677561044692993, 0.32249021530151367, 0.3229302763938904, 0.3196105659008026, 0.32361921668052673, 0.3223296105861664, 0.3197605311870575, 0.31553494930267334, 0.31384846568107605, 0.31624165177345276, 0.3188217282295227, 0.3168911039829254, 0.3154498040676117, 0.3158116042613983], "val_accuracy": [0.8549445271492004, 0.8665931224822998, 0.8678253293037415, 0.8715075850486755, 0.8730836510658264, 0.8756340146064758, 0.8748316764831543, 0.8770095109939575, 0.8770524859428406, 0.8789867162704468, 0.8782273530960083, 0.8784136176109314, 0.8784136176109314, 0.8784709572792053, 0.87960284948349, 0.8813794851303101, 0.8827692866325378, 0.8815657496452332, 0.8816803693771362, 0.8820958733558655, 0.8824540972709656, 0.883313775062561], "lr": [0.0005, 0.0005, 0.0005, 0.0005, 0.0005, 0.0005, 0.0005, 0.0005, 0.0005, 0.0005, 0.0005, 0.0005, 0.0005, 0.0005, 0.0005, 0.00025, 0.00025, 0.00025, 0.00025, 0.00025, 0.000125, 0.000125]}