{"loss": [0.5336971282958984, 0.3875448703765869, 0.36681345105171204, 0.3551349937915802, 0.3467819392681122, 0.3397570550441742, 0.3345695734024048, 0.330422580242157, 0.3248298764228821, 0.3209533095359802, 0.31691649556159973, 0.3138757348060608, 0.3103441298007965, 0.307272732257843, 0.3043951690196991, 0.2910517752170563, 0.28737500309944153, 0.2841304838657379, 0.28126344084739685, 0.27898162603378296, 0.27134764194488525, 0.2685876190662384], "accuracy": [0.8219512701034546, 0.8585212826728821, 0.8642445802688599, 0.8678870797157288, 0.8701366186141968, 0.8719992637634277, 0.8737982511520386, 0.8750113248825073, 0.8766065239906311, 0.8776301741600037, 0.8787334561347961, 0.8798176050186157, 0.8807298541069031, 0.8817121386528015, 0.8826784491539001, 0.886676013469696, 0.8875929713249207, 0.888583242893219, 0.8891643285751343, 0.8899316787719727, 0.8926301002502441, 0.8931172490119934], "val_loss": [0.39115118980407715, 0.36700356006622314, 0.35992249846458435, 0.33810821175575256, 0.34166964888572693, 0.33150118589401245, 0.328678160905838, 0.32609954476356506, 0.3272344172000885, 0.3230854868888855, 0.3230770230293274, 0.31906765699386597, 0.3231789469718933, 0.3232797384262085, 0.3189881145954132, 0.3161572515964508, 0.3151714503765106, 0.3176533579826355, 0.31910547614097595, 0.3179398775100708, 0.31795647740364075, 0.3181320130825043], "val_accuracy": [0.8568358421325684, 0.8654468655586243, 0.8634982705116272, 0.8728973865509033, 0.8710061311721802, 0.8747169971466064, 0.876035213470459, 0.8773390054702759, 0.8769808411598206, 0.877768874168396, 0.877811849117279, 0.879287600517273, 0.8786858320236206, 0.8772817254066467, 0.8807777166366577, 0.8816087245941162, 0.8819812536239624, 0.8825830221176147, 0.8821102380752563, 0.8825687170028687, 0.8833567500114441, 0.883313775062561], "lr": [0.0008, 0.0008, 0.0008, 0.0008, 0.0008, 0.0008, 0.0008, 0.0008, 0.0008, 0.0008, 0.0008, 0.0008, 0.0008, 0.0008, 0.0008, 0.0004, 0.0004, 0.0004, 0.0004, 0.0004, 0.0002, 0.0002]}