{"loss": [0.916239321231842, 0.482740581035614, 0.4273252785205841, 0.4020703136920929, 0.38548919558525085, 0.3739162087440491, 0.36507806181907654, 0.3579595983028412, 0.3526155948638916, 0.3481685519218445, 0.3433244824409485, 0.34025925397872925, 0.3374764323234558, 0.33395907282829285, 0.3320977985858917, 0.3285966217517853, 0.3266535997390747, 0.32457610964775085, 0.32277345657348633, 0.3204849064350128, 0.3180652856826782, 0.3172200322151184, 0.3154107332229614, 0.31332212686538696, 0.31143903732299805, 0.31054896116256714, 0.30867621302604675, 0.3075435161590576, 0.30584609508514404, 0.3050822913646698, 0.3037610650062561, 0.3024021089076996, 0.29573625326156616, 0.2937740087509155, 0.29287484288215637, 0.29228609800338745, 0.29111966490745544, 0.29040759801864624, 0.28898361325263977, 0.28805118799209595, 0.2871481478214264, 0.2842368185520172, 0.28340503573417664], "accuracy": [0.737093985080719, 0.8331733345985413, 0.8481000065803528, 0.8548485636711121, 0.8594366908073425, 0.862838864326477, 0.8652268648147583, 0.8669987320899963, 0.8689298629760742, 0.8698054552078247, 0.8713163137435913, 0.8719530701637268, 0.8731040954589844, 0.8738794326782227, 0.874602198600769, 0.8757978081703186, 0.8760111331939697, 0.8761798739433289, 0.8772131204605103, 0.8777973651885986, 0.8786076903343201, 0.8786013126373291, 0.8790502548217773, 0.8799274563789368, 0.8802028894424438, 0.8803509473800659, 0.8808667659759521, 0.8813698291778564, 0.8817232251167297, 0.8818967938423157, 0.8823409676551819, 0.8829061388969421, 0.8849406838417053, 0.8852431774139404, 0.8857399225234985, 0.8858481645584106, 0.8861442804336548, 0.886365532875061, 0.8866552710533142, 0.8870167136192322, 0.8874497413635254, 0.8883858323097229, 0.8882807493209839], "val_loss": [0.43141621351242065, 0.3903807997703552, 0.37128883600234985, 0.3573850989341736, 0.3530596196651459, 0.3450317084789276, 0.34365329146385193, 0.3369649052619934, 0.3409578204154968, 0.3370458781719208, 0.33042192459106445, 0.3263397216796875, 0.329096257686615, 0.32905155420303345, 0.32603922486305237, 0.32678917050361633, 0.3226549029350281, 0.32098379731178284, 0.32443952560424805, 0.3213394284248352, 0.3196979761123657, 0.3198707103729248, 0.318934828042984, 0.3186938464641571, 0.3197402358055115, 0.3177149295806885, 0.3179735243320465, 0.3167334794998169, 0.3158814013004303, 0.3184155523777008, 0.316681444644928, 0.31615543365478516, 0.3153374493122101, 0.3146647810935974, 0.31469520926475525, 0.3144638240337372, 0.31573447585105896, 0.31390294432640076, 0.31536391377449036, 0.3148413896560669, 0.3140554130077362, 0.3141172528266907, 0.3143409192562103], "val_accuracy": [0.8474940657615662, 0.8584262132644653, 0.8641430735588074, 0.8668080568313599, 0.8699315190315247, 0.8709058165550232, 0.8710920810699463, 0.8731552958488464, 0.872166633605957, 0.8726824522018433, 0.8763933777809143, 0.8764936923980713, 0.8755193948745728, 0.8753187656402588, 0.8775826096534729, 0.876006543636322, 0.8785569071769714, 0.8787288069725037, 0.8781843781471252, 0.8784995675086975, 0.8780984282493591, 0.8798320889472961, 0.8792159557342529, 0.8782130479812622, 0.8793019652366638, 0.8802332282066345, 0.8795884847640991, 0.8799753785133362, 0.8809496760368347, 0.8798320889472961, 0.8801472783088684, 0.8805341720581055, 0.8814224600791931, 0.8817806839942932, 0.8816946744918823, 0.8817377090454102, 0.8811072707176208, 0.8812075257301331, 0.8816946744918823, 0.8822678327560425, 0.8821388483047485, 0.8821102380752563, 0.8823108077049255], "lr": [0.0001, 0.0001, 0.0001, 0.0001, 0.0001, 0.0001, 0.0001, 0.0001, 0.0001, 0.0001, 0.0001, 0.0001, 0.0001, 0.0001, 0.0001, 0.0001, 0.0001, 0.0001, 0.0001, 0.0001, 0.0001, 0.0001, 0.0001, 0.0001, 0.0001, 0.0001, 0.0001, 0.0001, 0.0001, 0.0001, 0.0001, 0.0001, 5e-05, 5e-05, 5e-05, 5e-05, 5e-05, 5e-05, 5e-05, 5e-05, 5e-05, 2.5e-05, 2.5e-05]}