{"loss": [0.5570310354232788, 0.3920641243457794, 0.37025925517082214, 0.357442170381546, 0.34903761744499207, 0.34226083755493164, 0.336744099855423, 0.33159008622169495, 0.32726404070854187, 0.32306739687919617, 0.31939125061035156, 0.3164787292480469, 0.31312692165374756, 0.30973076820373535, 0.3060593605041504, 0.30410319566726685, 0.30137062072753906, 0.2985957860946655, 0.28711917996406555, 0.28320467472076416, 0.28056052327156067, 0.27837812900543213, 0.27621155977249146, 0.26916611194610596, 0.2667236030101776], "accuracy": [0.816468358039856, 0.8570534586906433, 0.8635807037353516, 0.8668714165687561, 0.8694090843200684, 0.8713672161102295, 0.8732298612594604, 0.8747215867042542, 0.8756529092788696, 0.8767529726028442, 0.8779247403144836, 0.8790359497070312, 0.8800245523452759, 0.8810641765594482, 0.8820241689682007, 0.88254314661026, 0.8830096125602722, 0.8839966654777527, 0.8875277042388916, 0.8886851072311401, 0.8896005153656006, 0.8902596235275269, 0.8908279538154602, 0.8930503726005554, 0.8941186666488647], "val_loss": [0.39000919461250305, 0.3643001616001129, 0.3570995628833771, 0.34159180521965027, 0.3414192795753479, 0.33162736892700195, 0.3345505893230438, 0.32519784569740295, 0.32744431495666504, 0.3225414454936981, 0.32335591316223145, 0.318362295627594, 0.3221208453178406, 0.32094550132751465, 0.3181828260421753, 0.31953921914100647, 0.31932830810546875, 0.321023166179657, 0.3176553547382355, 0.3168417811393738, 0.318166583776474, 0.3188423812389374, 0.32267504930496216, 0.3196276128292084, 0.3211955428123474], "val_accuracy": [0.8580823540687561, 0.8657334446907043, 0.8663352131843567, 0.870361328125, 0.8710347414016724, 0.8747456669807434, 0.8738573789596558, 0.8775539398193359, 0.8762787580490112, 0.8777545094490051, 0.877596914768219, 0.8791013360023499, 0.8788004517555237, 0.8787431716918945, 0.8788577914237976, 0.8799753785133362, 0.8791586756706238, 0.8806201219558716, 0.8808780312538147, 0.8819955587387085, 0.8820672035217285, 0.8817663192749023, 0.8818093538284302, 0.8828122615814209, 0.8820528984069824], "lr": [0.0006000000000000001, 0.0006000000000000001, 0.0006000000000000001, 0.0006000000000000001, 0.0006000000000000001, 0.0006000000000000001, 0.0006000000000000001, 0.0006000000000000001, 0.0006000000000000001, 0.0006000000000000001, 0.0006000000000000001, 0.0006000000000000001, 0.0006000000000000001, 0.0006000000000000001, 0.0006000000000000001, 0.0006000000000000001, 0.0006000000000000001, 0.0006000000000000001, 0.00030000000000000003, 0.00030000000000000003, 0.00030000000000000003, 0.00030000000000000003, 0.00030000000000000003, 0.00015000000000000001, 0.00015000000000000001]}