{"loss": [0.5178921818733215, 0.38601455092430115, 0.3664202094078064, 0.354706346988678, 0.3460220396518707, 0.3397388458251953, 0.3343730568885803, 0.32889825105667114, 0.3241191506385803, 0.320230633020401, 0.3159558176994324, 0.31281012296676636, 0.3082919716835022, 0.3054017722606659, 0.3023316562175751, 0.28932422399520874, 0.2845456302165985, 0.28149786591529846, 0.2787466049194336, 0.2705988883972168, 0.2678441107273102], "accuracy": [0.8252339959144592, 0.8586709499359131, 0.86456298828125, 0.8675495982170105, 0.870415210723877, 0.8722937703132629, 0.8739144206047058, 0.8751991987228394, 0.8770204782485962, 0.8782415390014648, 0.8791218996047974, 0.8801010251045227, 0.8815401792526245, 0.882404625415802, 0.8832770586013794, 0.8872379660606384, 0.888715386390686, 0.8896546363830566, 0.890218198299408, 0.8927431702613831, 0.8935423493385315], "val_loss": [0.37939339876174927, 0.37007012963294983, 0.36621829867362976, 0.33744579553604126, 0.3399266004562378, 0.3297749161720276, 0.3319195508956909, 0.32285457849502563, 0.3255477845668793, 0.32020303606987, 0.3254658877849579, 0.31872788071632385, 0.32208991050720215, 0.323294073343277, 0.3193567395210266, 0.3152017891407013, 0.31615889072418213, 0.3186488747596741, 0.3201702833175659, 0.31804490089416504, 0.3207399249076843], "val_accuracy": [0.8622230887413025, 0.865103006362915, 0.863082766532898, 0.8730693459510803, 0.8714646100997925, 0.875762939453125, 0.8745594024658203, 0.8778834939002991, 0.8765079975128174, 0.8792303204536438, 0.877525269985199, 0.8800899982452393, 0.8791729807853699, 0.8786285519599915, 0.8792589902877808, 0.8819096088409424, 0.8824397325515747, 0.8825400471687317, 0.8815800547599792, 0.8825973868370056, 0.8823108077049255], "lr": [0.001, 0.001, 0.001, 0.001, 0.001, 0.001, 0.001, 0.001, 0.001, 0.001, 0.001, 0.001, 0.001, 0.001, 0.001, 0.0005, 0.0005, 0.0005, 0.0005, 0.00025, 0.00025]}