{"loss": [0.6514410376548767, 0.45245617628097534, 0.42202407121658325, 0.4042452871799469, 0.3910754323005676, 0.38120347261428833, 0.3736511468887329, 0.36678847670555115, 0.36143091320991516, 0.3569059371948242], "accuracy": [0.7894647121429443, 0.8402848243713379, 0.8489772081375122, 0.8537421226501465, 0.8577396273612976, 0.8606816530227661, 0.8626939654350281, 0.8643560409545898, 0.8660849332809448, 0.8672853112220764], "val_loss": [0.4329111874103546, 0.4148824214935303, 0.3948698341846466, 0.38001179695129395, 0.37239551544189453, 0.3580862581729889, 0.35523688793182373, 0.35286399722099304, 0.34475821256637573, 0.34126725792884827], "val_accuracy": [0.8461902141571045, 0.8521219491958618, 0.857681155204773, 0.8627818822860718, 0.8602888584136963, 0.8681262135505676, 0.8675530552864075, 0.8697452545166016, 0.8720090389251709, 0.8726537823677063], "lr": [0.0010000000474974513, 0.0010000000474974513, 0.0010000000474974513, 0.0010000000474974513, 0.0010000000474974513, 0.0010000000474974513, 0.0010000000474974513, 0.0010000000474974513, 0.0010000000474974513, 0.0010000000474974513]}