{"loss": [0.596625030040741, 0.3715238869190216, 0.3340400755405426, 0.3134912848472595, 0.29931941628456116, 0.29001009464263916, 0.2820226848125458, 0.2755562663078308, 0.2703225910663605, 0.2658909857273102, 0.2623070776462555, 0.25940778851509094, 0.2552904486656189, 0.2527120113372803, 0.2504045367240906, 0.24824003875255585, 0.24586433172225952, 0.24158722162246704, 0.24017775058746338, 0.23920030891895294, 0.23755672574043274, 0.23695462942123413, 0.23654761910438538, 0.23565632104873657, 0.234298437833786, 0.23389413952827454, 0.23270779848098755, 0.2308967113494873, 0.22979871928691864, 0.22962422668933868, 0.2288323938846588, 0.2287672758102417, 0.22727011144161224, 0.22687019407749176, 0.22675372660160065, 0.2268521636724472, 0.2264394611120224, 0.2260376662015915, 0.22657577693462372, 0.2256326824426651, 0.22491297125816345], "accuracy": [0.8129388689994812, 0.8709135055541992, 0.8817933201789856, 0.8875373005867004, 0.8916860222816467, 0.894500732421875, 0.89630126953125, 0.8985857963562012, 0.8999931812286377, 0.9011951088905334, 0.902303159236908, 0.9027584791183472, 0.9045972228050232, 0.9050541520118713, 0.9057896733283997, 0.906224250793457, 0.9073259234428406, 0.908363938331604, 0.908408522605896, 0.9089466333389282, 0.9092442989349365, 0.9095802307128906, 0.9099225401878357, 0.9099479913711548, 0.9101995229721069, 0.91024249792099, 0.9106707572937012, 0.9113377928733826, 0.9115527272224426, 0.9114667773246765, 0.9121195077896118, 0.9119396209716797, 0.9122834801673889, 0.912382185459137, 0.9121831655502319, 0.9126145839691162, 0.912449061870575, 0.91249680519104, 0.9124283194541931, 0.9127770066261292, 0.9132323265075684], "val_loss": [0.31320691108703613, 0.2885855436325073, 0.2715875506401062, 0.2620123326778412, 0.25877222418785095, 0.2549751400947571, 0.24988216161727905, 0.2503003776073456, 0.2433621883392334, 0.2431395798921585, 0.24148865044116974, 0.2401292324066162, 0.23918026685714722, 0.23617273569107056, 0.23819886147975922, 0.23620323836803436, 0.2362145334482193, 0.23190216720104218, 0.23174281418323517, 0.23208053410053253, 0.23192250728607178, 0.23074188828468323, 0.23029698431491852, 0.2300543487071991, 0.2311740219593048, 0.23057781159877777, 0.23105694353580475, 0.22972021996974945, 0.22819483280181885, 0.22839272022247314, 0.22895440459251404, 0.22815552353858948, 0.2276490330696106, 0.2280266284942627, 0.22793692350387573, 0.22733230888843536, 0.22750890254974365, 0.22809557616710663, 0.22748391330242157, 0.22741270065307617, 0.2274487018585205], "val_accuracy": [0.8875691294670105, 0.8950052857398987, 0.899232029914856, 0.9019686579704285, 0.9032294750213623, 0.9041321873664856, 0.9060234427452087, 0.9059231281280518, 0.9076568484306335, 0.908172607421875, 0.9085451364517212, 0.9090179800987244, 0.9092185497283936, 0.9101355671882629, 0.9095767736434937, 0.910250186920166, 0.9103074669837952, 0.9117546081542969, 0.9111098647117615, 0.9112817645072937, 0.9111528396606445, 0.9117832183837891, 0.9122990369796753, 0.9122560620307922, 0.9118262529373169, 0.9116113185882568, 0.9116113185882568, 0.9121557474136353, 0.9128865003585815, 0.9129008054733276, 0.9123134016990662, 0.9132446646690369, 0.9129581451416016, 0.9130727648735046, 0.9129581451416016, 0.9129724502563477, 0.9133020043373108, 0.9130154252052307, 0.9131014347076416, 0.9131730794906616, 0.9132590293884277], "lr": [4.999999873689376e-05, 4.999999873689376e-05, 4.999999873689376e-05, 4.999999873689376e-05, 4.999999873689376e-05, 4.999999873689376e-05, 4.999999873689376e-05, 4.999999873689376e-05, 4.999999873689376e-05, 4.999999873689376e-05, 4.999999873689376e-05, 4.999999873689376e-05, 4.999999873689376e-05, 4.999999873689376e-05, 4.999999873689376e-05, 4.999999873689376e-05, 4.999999873689376e-05, 2.499999936844688e-05, 2.499999936844688e-05, 2.499999936844688e-05, 2.499999936844688e-05, 2.499999936844688e-05, 2.499999936844688e-05, 2.499999936844688e-05, 2.499999936844688e-05, 2.499999936844688e-05, 2.499999936844688e-05, 1.249999968422344e-05, 1.249999968422344e-05, 1.249999968422344e-05, 1.249999968422344e-05, 1.249999968422344e-05, 6.24999984211172e-06, 6.24999984211172e-06, 6.24999984211172e-06, 6.24999984211172e-06, 6.24999984211172e-06, 6.24999984211172e-06, 6.24999984211172e-06, 3.12499992105586e-06, 3.12499992105586e-06]}