{"loss": [0.5725142955780029, 0.43336427211761475, 0.41121581196784973, 0.3979357182979584, 0.38934245705604553, 0.38228777050971985, 0.3762545585632324, 0.37160882353782654, 0.36774343252182007, 0.3637692332267761], "accuracy": [0.8094396591186523, 0.8460558652877808, 0.852449357509613, 0.8560473322868347, 0.8585754632949829, 0.8603776097297668, 0.8623102903366089, 0.8633021116256714, 0.8644165396690369, 0.8656057715415955], "val_loss": [0.4102354049682617, 0.397237628698349, 0.3780052959918976, 0.3721996545791626, 0.36779406666755676, 0.3699272871017456, 0.35849782824516296, 0.3537437617778778, 0.35715094208717346, 0.3499619662761688], "val_accuracy": [0.8529243469238281, 0.85785311460495, 0.8617932796478271, 0.8645871877670288, 0.8646588325500488, 0.8638564944267273, 0.8674957752227783, 0.8693870306015015, 0.8684987425804138, 0.8699172139167786], "lr": [0.0005000000237487257, 0.0005000000237487257, 0.0005000000237487257, 0.0005000000237487257, 0.0005000000237487257, 0.0005000000237487257, 0.0005000000237487257, 0.0005000000237487257, 0.0005000000237487257, 0.0005000000237487257]}