{"loss": [2.5842769145965576, 1.6795647144317627, 1.3700138330459595, 1.1753798723220825, 1.035759687423706, 0.9344046115875244, 0.8609837293624878, 0.7994397282600403, 0.7520153522491455, 0.7140553593635559, 0.6831973791122437, 0.6577956080436707, 0.6356316208839417, 0.6163462400436401, 0.5984631776809692, 0.5841112732887268, 0.5716539025306702, 0.5605098605155945, 0.5496679544448853, 0.5406501293182373, 0.5314421057701111, 0.5235416293144226, 0.5164889097213745, 0.5105168223381042, 0.5032151341438293, 0.49829745292663574, 0.49297335743904114, 0.48676860332489014, 0.48227015137672424, 0.4782699644565582, 0.47371119260787964, 0.46970894932746887, 0.4664689600467682, 0.4626939594745636, 0.4594328999519348, 0.45653265714645386, 0.4530079662799835, 0.4498295783996582, 0.4472748935222626, 0.44512951374053955, 0.44233885407447815, 0.440266877412796, 0.4372396469116211, 0.43478429317474365, 0.4333761930465698, 0.43091684579849243, 0.4290247857570648, 0.42678168416023254, 0.42513057589530945, 0.4223138689994812], "accuracy": [0.39340463280677795, 0.5762262344360352, 0.6383814215660095, 0.6784968972206116, 0.7075861096382141, 0.7292708158493042, 0.7455061674118042, 0.7584237456321716, 0.7686651349067688, 0.7779067158699036, 0.784773051738739, 0.7909436821937561, 0.7964233756065369, 0.800774335861206, 0.8054548501968384, 0.8091101050376892, 0.8114662766456604, 0.8144831657409668, 0.8172245621681213, 0.8200026154518127, 0.8212189674377441, 0.8239890336990356, 0.8261732459068298, 0.8268546462059021, 0.8291583061218262, 0.8303539156913757, 0.8315733671188354, 0.8334566950798035, 0.8342208862304688, 0.8361599445343018, 0.8362284302711487, 0.8379780054092407, 0.8388711214065552, 0.8394665718078613, 0.8404010534286499, 0.8412400484085083, 0.8422064185142517, 0.8423162698745728, 0.8434752225875854, 0.8443030714988708, 0.8447026610374451, 0.8447408676147461, 0.8461227416992188, 0.846808910369873, 0.8468232154846191, 0.848455011844635, 0.8481907844543457, 0.848716139793396, 0.8493513464927673, 0.8501346111297607], "val_loss": [1.4372812509536743, 1.1054913997650146, 0.9157201051712036, 0.7863337993621826, 0.6981059908866882, 0.6356502175331116, 0.5907353162765503, 0.5582394003868103, 0.5329201221466064, 0.5128849148750305, 0.49547597765922546, 0.48275303840637207, 0.4715433120727539, 0.4613357186317444, 0.4538157880306244, 0.44642841815948486, 0.4398844540119171, 0.4351188540458679, 0.429695725440979, 0.4255134165287018, 0.420362651348114, 0.41750243306159973, 0.4139338433742523, 0.410908967256546, 0.4082355201244354, 0.4040035009384155, 0.40191540122032166, 0.40012475848197937, 0.3973442316055298, 0.3952025771141052, 0.39365383982658386, 0.3921249210834503, 0.39021360874176025, 0.3884906768798828, 0.3863377273082733, 0.38562777638435364, 0.38323748111724854, 0.38273733854293823, 0.37958064675331116, 0.37934911251068115, 0.37803441286087036, 0.3767189681529999, 0.3756163716316223, 0.37435269355773926, 0.37329867482185364, 0.37240076065063477, 0.3712407648563385, 0.36978504061698914, 0.3696852922439575, 0.3683829605579376], "val_accuracy": [0.63120037317276, 0.6953606605529785, 0.7350488305091858, 0.7637762427330017, 0.7838925719261169, 0.798607349395752, 0.8085222244262695, 0.8161590099334717, 0.8226351737976074, 0.827320396900177, 0.8318193554878235, 0.8350288271903992, 0.8384531736373901, 0.8411181569099426, 0.8425366282463074, 0.8443132638931274, 0.8457747101783752, 0.8475083708763123, 0.8487405776977539, 0.8498581647872925, 0.8513482809066772, 0.8524085283279419, 0.8534258008003235, 0.8541995286941528, 0.8553170561790466, 0.856019139289856, 0.8561050891876221, 0.8564776182174683, 0.8574376106262207, 0.8582829236984253, 0.8586268424987793, 0.8589277267456055, 0.8589420318603516, 0.8599449992179871, 0.8600882887840271, 0.8607760071754456, 0.8611772060394287, 0.8610339164733887, 0.8621658086776733, 0.8622947335243225, 0.8626242876052856, 0.8626242876052856, 0.8631830811500549, 0.8636845350265503, 0.8635126352310181, 0.8639568090438843, 0.8647448420524597, 0.865031361579895, 0.8648021221160889, 0.865060031414032], "lr": [3.906250185536919e-06, 3.906250185536919e-06, 3.906250185536919e-06, 3.906250185536919e-06, 3.906250185536919e-06, 3.906250185536919e-06, 3.906250185536919e-06, 3.906250185536919e-06, 3.906250185536919e-06, 3.906250185536919e-06, 3.906250185536919e-06, 3.906250185536919e-06, 3.906250185536919e-06, 3.906250185536919e-06, 3.906250185536919e-06, 3.906250185536919e-06, 3.906250185536919e-06, 3.906250185536919e-06, 3.906250185536919e-06, 3.906250185536919e-06, 3.906250185536919e-06, 3.906250185536919e-06, 3.906250185536919e-06, 3.906250185536919e-06, 3.906250185536919e-06, 3.906250185536919e-06, 3.906250185536919e-06, 3.906250185536919e-06, 3.906250185536919e-06, 3.906250185536919e-06, 3.906250185536919e-06, 3.906250185536919e-06, 3.906250185536919e-06, 3.906250185536919e-06, 3.906250185536919e-06, 3.906250185536919e-06, 3.906250185536919e-06, 3.906250185536919e-06, 3.906250185536919e-06, 3.906250185536919e-06, 3.906250185536919e-06, 3.906250185536919e-06, 3.906250185536919e-06, 3.906250185536919e-06, 3.906250185536919e-06, 3.906250185536919e-06, 3.906250185536919e-06, 3.906250185536919e-06, 3.906250185536919e-06, 3.906250185536919e-06]}