{"loss": [0.5742501020431519, 0.398993581533432, 0.3773289918899536, 0.36406734585762024, 0.35545772314071655, 0.34837260842323303, 0.34264639019966125, 0.33761247992515564, 0.33223557472229004, 0.3286990821361542, 0.32510754466056824, 0.32138004899024963, 0.31782811880111694, 0.31539255380630493, 0.31241798400878906, 0.31029555201530457, 0.3074938952922821, 0.30504825711250305, 0.29373112320899963, 0.2893895208835602, 0.2869225740432739, 0.2851469814777374, 0.2778310179710388, 0.27556535601615906], "accuracy": [0.8123800754547119, 0.8555967807769775, 0.8615381717681885, 0.8654051423072815, 0.8680208325386047, 0.8696940541267395, 0.8714977502822876, 0.8731996417045593, 0.8749301433563232, 0.8756911158561707, 0.8770061135292053, 0.8779199719429016, 0.8787557482719421, 0.8794785141944885, 0.880322277545929, 0.8809368014335632, 0.8816118240356445, 0.8823234438896179, 0.8859532475471497, 0.8870453238487244, 0.8878556489944458, 0.8884144425392151, 0.8904967904090881, 0.8913788199424744], "val_loss": [0.3832482695579529, 0.35851073265075684, 0.35650819540023804, 0.3416365385055542, 0.33796459436416626, 0.33466458320617676, 0.3334178030490875, 0.3280101418495178, 0.33568450808525085, 0.3281298279762268, 0.32572701573371887, 0.3208577036857605, 0.3213764429092407, 0.3229392170906067, 0.31760305166244507, 0.32491394877433777, 0.3201392590999603, 0.3216671645641327, 0.3170599937438965, 0.31716057658195496, 0.31727877259254456, 0.3181051015853882, 0.31716451048851013, 0.31738337874412537], "val_accuracy": [0.859687089920044, 0.8679112792015076, 0.8694443702697754, 0.8710920810699463, 0.872582197189331, 0.8749032616615295, 0.8743875026702881, 0.8763504028320312, 0.8727397918701172, 0.8770238161087036, 0.877668559551239, 0.8783419728279114, 0.8793736100196838, 0.8783993124961853, 0.8803765177726746, 0.8785139322280884, 0.8803048729896545, 0.8792446255683899, 0.8812218904495239, 0.8815657496452332, 0.8817520141601562, 0.8817949891090393, 0.8820385932922363, 0.882855236530304], "lr": [0.0010000000474974513, 0.0010000000474974513, 0.0010000000474974513, 0.0010000000474974513, 0.0010000000474974513, 0.0010000000474974513, 0.0010000000474974513, 0.0010000000474974513, 0.0010000000474974513, 0.0010000000474974513, 0.0010000000474974513, 0.0010000000474974513, 0.0010000000474974513, 0.0010000000474974513, 0.0010000000474974513, 0.0010000000474974513, 0.0010000000474974513, 0.0010000000474974513, 0.0005000000237487257, 0.0005000000237487257, 0.0005000000237487257, 0.0005000000237487257, 0.0002500000118743628, 0.0002500000118743628]}