{"loss": [1.911918044090271, 1.2623884677886963, 1.058082103729248, 0.9360217452049255, 0.8549639582633972, 0.7941868901252747, 0.7479780912399292, 0.7128651142120361, 0.6838638186454773, 0.6584752798080444, 0.6378780007362366, 0.6185607314109802, 0.6026279330253601, 0.5890156626701355, 0.5773001313209534, 0.5662617683410645, 0.5562314391136169, 0.5467520356178284, 0.5378531813621521, 0.5303041338920593, 0.523327112197876, 0.5173102617263794, 0.5105105042457581, 0.5042482018470764, 0.5000258088111877, 0.49507272243499756, 0.4906180799007416, 0.48576638102531433, 0.48145079612731934, 0.4779008626937866, 0.47315216064453125, 0.47030574083328247, 0.466377317905426, 0.46350687742233276, 0.4603540003299713, 0.45829078555107117, 0.45532602071762085, 0.451843798160553, 0.44864052534103394, 0.4462657570838928, 0.443966805934906, 0.44142869114875793, 0.4398328959941864, 0.43711110949516296, 0.4366079270839691, 0.4336489737033844, 0.4314197301864624, 0.4298725724220276, 0.42763516306877136, 0.42565813660621643], "accuracy": [0.5127512216567993, 0.6469990015029907, 0.691392183303833, 0.7189673781394958, 0.7380141615867615, 0.7523295283317566, 0.7638906836509705, 0.7722821831703186, 0.7796276807785034, 0.7853668928146362, 0.7910328507423401, 0.7961304783821106, 0.8001661896705627, 0.8030493259429932, 0.8062636256217957, 0.8091976642608643, 0.812717616558075, 0.814920961856842, 0.8170335292816162, 0.8186749219894409, 0.8208702802658081, 0.822685182094574, 0.8239126205444336, 0.8257545828819275, 0.8271157145500183, 0.828546941280365, 0.8298460245132446, 0.8313520550727844, 0.8323916792869568, 0.8331096768379211, 0.8346268534660339, 0.8353400826454163, 0.8370753526687622, 0.8376023173332214, 0.8379063606262207, 0.8387771844863892, 0.8396448493003845, 0.8408961892127991, 0.8416045904159546, 0.8421506881713867, 0.8433351516723633, 0.8431918621063232, 0.8440690636634827, 0.844532310962677, 0.8453124165534973, 0.8459540009498596, 0.8464029431343079, 0.8469155430793762, 0.8473438024520874, 0.8482639789581299], "val_loss": [1.0375444889068604, 0.7974544167518616, 0.6992812156677246, 0.6330807209014893, 0.5911799073219299, 0.556010901927948, 0.5345495939254761, 0.5165330171585083, 0.5014988780021667, 0.4880976676940918, 0.47654464840888977, 0.4697474539279938, 0.46179547905921936, 0.4550448954105377, 0.4477365016937256, 0.44243893027305603, 0.4366496503353119, 0.43287044763565063, 0.43126380443573, 0.426836758852005, 0.4235957860946655, 0.41881176829338074, 0.41990333795547485, 0.4147140085697174, 0.41402027010917664, 0.40938490629196167, 0.4064832329750061, 0.4054183065891266, 0.4027591943740845, 0.4037831723690033, 0.4000663161277771, 0.39770931005477905, 0.39674103260040283, 0.3943171203136444, 0.393485426902771, 0.3934926390647888, 0.3921678066253662, 0.38980668783187866, 0.38824960589408875, 0.38733524084091187, 0.386096328496933, 0.38458195328712463, 0.3842426836490631, 0.38261330127716064, 0.3809588551521301, 0.382347047328949, 0.37908267974853516, 0.3781120181083679, 0.3797353208065033, 0.37729915976524353], "val_accuracy": [0.7039000391960144, 0.7582457065582275, 0.7819726467132568, 0.7985213398933411, 0.8084935545921326, 0.8179213404655457, 0.8234375715255737, 0.8285239338874817, 0.8317334055900574, 0.8356162309646606, 0.8388543725013733, 0.8407742977142334, 0.8428518176078796, 0.8440266847610474, 0.8459466695785522, 0.847064197063446, 0.8484396934509277, 0.8495429158210754, 0.850517213344574, 0.8515201807022095, 0.8523082137107849, 0.8529099822044373, 0.8536837100982666, 0.854357123374939, 0.8547009825706482, 0.8557325601577759, 0.855990469455719, 0.8564919829368591, 0.8570507764816284, 0.8576238751411438, 0.8584835529327393, 0.8588703870773315, 0.8590853214263916, 0.859758734703064, 0.8603031635284424, 0.8593862056732178, 0.8603605031967163, 0.8607616424560547, 0.8613491058349609, 0.8618219494819641, 0.8620511889457703, 0.8623234033584595, 0.8621658086776733, 0.8625956177711487, 0.8630397915840149, 0.8629538416862488, 0.8636128902435303, 0.863541305065155, 0.8634982705116272, 0.8638135194778442], "lr": [7.812500371073838e-06, 7.812500371073838e-06, 7.812500371073838e-06, 7.812500371073838e-06, 7.812500371073838e-06, 7.812500371073838e-06, 7.812500371073838e-06, 7.812500371073838e-06, 7.812500371073838e-06, 7.812500371073838e-06, 7.812500371073838e-06, 7.812500371073838e-06, 7.812500371073838e-06, 7.812500371073838e-06, 7.812500371073838e-06, 7.812500371073838e-06, 7.812500371073838e-06, 7.812500371073838e-06, 7.812500371073838e-06, 7.812500371073838e-06, 7.812500371073838e-06, 7.812500371073838e-06, 7.812500371073838e-06, 7.812500371073838e-06, 7.812500371073838e-06, 7.812500371073838e-06, 7.812500371073838e-06, 7.812500371073838e-06, 7.812500371073838e-06, 7.812500371073838e-06, 7.812500371073838e-06, 7.812500371073838e-06, 7.812500371073838e-06, 7.812500371073838e-06, 7.812500371073838e-06, 7.812500371073838e-06, 7.812500371073838e-06, 7.812500371073838e-06, 7.812500371073838e-06, 7.812500371073838e-06, 7.812500371073838e-06, 7.812500371073838e-06, 7.812500371073838e-06, 7.812500371073838e-06, 7.812500371073838e-06, 7.812500371073838e-06, 7.812500371073838e-06, 7.812500371073838e-06, 7.812500371073838e-06, 7.812500371073838e-06]}