{"loss": [0.6901919841766357, 0.4322560727596283, 0.39362040162086487, 0.3750055730342865, 0.36303266882896423, 0.3556177020072937, 0.34877458214759827, 0.3438878059387207, 0.33909904956817627, 0.33489319682121277, 0.3314957916736603, 0.3280143737792969, 0.3250942826271057, 0.3220119774341583, 0.31936541199684143, 0.31795787811279297, 0.3148212432861328, 0.31321650743484497, 0.30363473296165466, 0.3008299171924591, 0.29899945855140686, 0.2972601056098938, 0.2922723591327667, 0.2906459867954254, 0.289772629737854, 0.2884545922279358, 0.2879999279975891, 0.28684669733047485, 0.28650471568107605, 0.28349432349205017, 0.28273022174835205], "accuracy": [0.7849991321563721, 0.8471193313598633, 0.8575040102005005, 0.8626923561096191, 0.8663396835327148, 0.8682102560997009, 0.8698182106018066, 0.8716044425964355, 0.8730674982070923, 0.8740513324737549, 0.8748027682304382, 0.8760142922401428, 0.8768294453620911, 0.8777034282684326, 0.878475546836853, 0.8787175416946411, 0.8794753551483154, 0.8801805973052979, 0.8832929730415344, 0.8839440941810608, 0.88435959815979, 0.8848595023155212, 0.8862270712852478, 0.8865677118301392, 0.8872761726379395, 0.8873732686042786, 0.8876216411590576, 0.8877012729644775, 0.8879877924919128, 0.8888586163520813, 0.8887519836425781], "val_loss": [0.41240206360816956, 0.3836565911769867, 0.3655413091182709, 0.3458923399448395, 0.34541451930999756, 0.3439696729183197, 0.33100923895835876, 0.33007919788360596, 0.3368546664714813, 0.32771211862564087, 0.32776620984077454, 0.3233335614204407, 0.3277026116847992, 0.324872761964798, 0.32265791296958923, 0.3232705295085907, 0.32334011793136597, 0.32608187198638916, 0.31505724787712097, 0.31610438227653503, 0.31585702300071716, 0.3165047764778137, 0.3129256069660187, 0.31519439816474915, 0.31308528780937195, 0.312644898891449, 0.3138378858566284, 0.31526800990104675, 0.3149977922439575, 0.3132241666316986, 0.31322169303894043], "val_accuracy": [0.8501877188682556, 0.8607903122901917, 0.8658767342567444, 0.8710777163505554, 0.8713642954826355, 0.8718514442443848, 0.8748746514320374, 0.875934898853302, 0.872395932674408, 0.8768662214279175, 0.8765079975128174, 0.8771671056747437, 0.8770524859428406, 0.8773676753044128, 0.877639889717102, 0.8788148164749146, 0.8782416582107544, 0.8774822950363159, 0.8816087245941162, 0.8819955587387085, 0.881264865398407, 0.8819382786750793, 0.8825830221176147, 0.8807060718536377, 0.8818809390068054, 0.8829555511474609, 0.8826833367347717, 0.8822104930877686, 0.8816373944282532, 0.8832277655601501, 0.8832707405090332], "lr": [0.0010000000474974513, 0.0010000000474974513, 0.0010000000474974513, 0.0010000000474974513, 0.0010000000474974513, 0.0010000000474974513, 0.0010000000474974513, 0.0010000000474974513, 0.0010000000474974513, 0.0010000000474974513, 0.0010000000474974513, 0.0010000000474974513, 0.0010000000474974513, 0.0010000000474974513, 0.0010000000474974513, 0.0010000000474974513, 0.0010000000474974513, 0.0010000000474974513, 0.0005000000237487257, 0.0005000000237487257, 0.0005000000237487257, 0.0005000000237487257, 0.0002500000118743628, 0.0002500000118743628, 0.0002500000118743628, 0.0002500000118743628, 0.0002500000118743628, 0.0002500000118743628, 0.0002500000118743628, 0.0001250000059371814, 0.0001250000059371814]}