{"loss": [0.7242962121963501, 0.43057888746261597, 0.3939143717288971, 0.37545815110206604, 0.3635411560535431, 0.3553259074687958, 0.3486582338809967, 0.3424476981163025, 0.33809271454811096, 0.33458322286605835, 0.33086422085762024, 0.3272358477115631, 0.32459118962287903, 0.3216714560985565, 0.3193834722042084, 0.3168582618236542, 0.31430503726005554, 0.3118543028831482, 0.30999237298965454, 0.30750876665115356, 0.3062802255153656, 0.3037921190261841, 0.3021397888660431, 0.2937130331993103, 0.29071715474128723, 0.28927120566368103, 0.28741663694381714, 0.2823621928691864, 0.28103503584861755], "accuracy": [0.778984546661377, 0.8475062251091003, 0.8567684888839722, 0.8623230457305908, 0.8654322028160095, 0.8677995204925537, 0.8698691725730896, 0.8715025782585144, 0.8726710677146912, 0.8735849261283875, 0.874686598777771, 0.8757117986679077, 0.876526951789856, 0.8775696754455566, 0.8781077861785889, 0.8793655037879944, 0.8792222142219543, 0.8801217079162598, 0.8807759881019592, 0.8815560936927795, 0.8818076252937317, 0.8826338648796082, 0.8830446004867554, 0.8858497142791748, 0.8861538171768188, 0.886566162109375, 0.8871090412139893, 0.8888745903968811, 0.8891165256500244], "val_loss": [0.4120974540710449, 0.37313926219940186, 0.3588516414165497, 0.3476428985595703, 0.340294748544693, 0.338802695274353, 0.33354929089546204, 0.3302256464958191, 0.32969143986701965, 0.32795989513397217, 0.3255184590816498, 0.3216591775417328, 0.3223530650138855, 0.32162541151046753, 0.3195706605911255, 0.3210723400115967, 0.31927424669265747, 0.31813132762908936, 0.32123154401779175, 0.3168555200099945, 0.318297803401947, 0.317380428314209, 0.3183402419090271, 0.3125886619091034, 0.3135778307914734, 0.31321829557418823, 0.31431540846824646, 0.3141007423400879, 0.31336215138435364], "val_accuracy": [0.8500730991363525, 0.8629251718521118, 0.866793692111969, 0.8700891137123108, 0.8729833364486694, 0.8719230890274048, 0.873957633972168, 0.875762939453125, 0.8761784434318542, 0.8753331303596497, 0.877768874168396, 0.8772817254066467, 0.8785712122917175, 0.8782273530960083, 0.8788577914237976, 0.8789581060409546, 0.8793019652366638, 0.8798463940620422, 0.8798034191131592, 0.8807060718536377, 0.8786428570747375, 0.8804768323898315, 0.8806201219558716, 0.8817663192749023, 0.881336510181427, 0.8820099234580994, 0.8813222050666809, 0.8815657496452332, 0.8827406167984009], "lr": [0.00019999999494757503, 0.00019999999494757503, 0.00019999999494757503, 0.00019999999494757503, 0.00019999999494757503, 0.00019999999494757503, 0.00019999999494757503, 0.00019999999494757503, 0.00019999999494757503, 0.00019999999494757503, 0.00019999999494757503, 0.00019999999494757503, 0.00019999999494757503, 0.00019999999494757503, 0.00019999999494757503, 0.00019999999494757503, 0.00019999999494757503, 0.00019999999494757503, 0.00019999999494757503, 0.00019999999494757503, 0.00019999999494757503, 0.00019999999494757503, 0.00019999999494757503, 9.999999747378752e-05, 9.999999747378752e-05, 9.999999747378752e-05, 9.999999747378752e-05, 4.999999873689376e-05, 4.999999873689376e-05]}