{"loss": [0.7260256409645081, 0.4301241338253021, 0.3932364583015442, 0.37496352195739746, 0.36299365758895874, 0.35415568947792053, 0.3477036952972412, 0.34267157316207886, 0.338285356760025, 0.3335939049720764, 0.3304530382156372, 0.32747992873191833, 0.3242814242839813, 0.32114991545677185, 0.3189549148082733, 0.31676551699638367, 0.3148673474788666, 0.312249094247818, 0.3100949227809906, 0.30782729387283325, 0.30645808577537537, 0.304278701543808, 0.3018737733364105, 0.30021369457244873, 0.29859957098960876, 0.2964855134487152, 0.2946626842021942, 0.2867336869239807, 0.283668577671051, 0.2822767496109009, 0.2811260521411896, 0.27555450797080994, 0.2739731967449188], "accuracy": [0.7787409424781799, 0.8476001024246216, 0.8570009469985962, 0.862342119216919, 0.8655627965927124, 0.868445873260498, 0.8700442910194397, 0.8713672161102295, 0.8728955388069153, 0.8736517429351807, 0.8744668960571289, 0.8758089542388916, 0.876675009727478, 0.8774741888046265, 0.8782446980476379, 0.8788846731185913, 0.8791441917419434, 0.8799147605895996, 0.8806582093238831, 0.8813109397888184, 0.8816261291503906, 0.8821387887001038, 0.8831273913383484, 0.8834664821624756, 0.8837944865226746, 0.8846461772918701, 0.8847719430923462, 0.8872395753860474, 0.888377845287323, 0.8889398574829102, 0.8891308903694153, 0.8909107446670532, 0.8914217948913574], "val_loss": [0.4056609272956848, 0.3754202723503113, 0.3616853356361389, 0.3487558364868164, 0.3410975933074951, 0.33835741877555847, 0.3336911201477051, 0.33016350865364075, 0.32969534397125244, 0.32929354906082153, 0.32550445199012756, 0.3224070072174072, 0.32396939396858215, 0.32258740067481995, 0.3199946880340576, 0.3227560818195343, 0.318637490272522, 0.31905654072761536, 0.32198718190193176, 0.3182702660560608, 0.3169291019439697, 0.31706157326698303, 0.3237314522266388, 0.31605955958366394, 0.31652510166168213, 0.3172893524169922, 0.3189904987812042, 0.3155238628387451, 0.3172670602798462, 0.3165155053138733, 0.316890686750412, 0.31564706563949585, 0.31715652346611023], "val_accuracy": [0.8526090979576111, 0.8628392219543457, 0.865303635597229, 0.8695016503334045, 0.8732985854148865, 0.8731409311294556, 0.8744304776191711, 0.8758775591850281, 0.8750035762786865, 0.8750465512275696, 0.8772960305213928, 0.8775539398193359, 0.877668559551239, 0.8774822950363159, 0.8779551386833191, 0.8773963451385498, 0.8789007663726807, 0.8802046179771423, 0.8780553936958313, 0.8802475929260254, 0.8794882297515869, 0.8799467086791992, 0.8796171545982361, 0.8816946744918823, 0.8809496760368347, 0.8811502456665039, 0.8805055022239685, 0.8815657496452332, 0.8818523287773132, 0.8817663192749023, 0.8818523287773132, 0.8825687170028687, 0.8826689720153809], "lr": [0.0002000000000000001, 0.0002000000000000001, 0.0002000000000000001, 0.0002000000000000001, 0.0002000000000000001, 0.0002000000000000001, 0.0002000000000000001, 0.0002000000000000001, 0.0002000000000000001, 0.0002000000000000001, 0.0002000000000000001, 0.0002000000000000001, 0.0002000000000000001, 0.0002000000000000001, 0.0002000000000000001, 0.0002000000000000001, 0.0002000000000000001, 0.0002000000000000001, 0.0002000000000000001, 0.0002000000000000001, 0.0002000000000000001, 0.0002000000000000001, 0.0002000000000000001, 0.0002000000000000001, 0.0002000000000000001, 0.0002000000000000001, 0.0002000000000000001, 0.00010000000000000005, 0.00010000000000000005, 0.00010000000000000005, 0.00010000000000000005, 5.000000000000002e-05, 5.000000000000002e-05]}