{"loss": [0.3609587848186493, 0.22808653116226196, 0.1839873492717743, 0.15603144466876984, 0.1358673870563507, 0.12116570770740509, 0.11031635105609894, 0.10196391493082047, 0.09516245126724243, 0.08974587917327881, 0.08559368550777435, 0.0818447694182396, 0.07870939373970032, 0.0761818140745163, 0.07378475368022919, 0.07172716408967972, 0.06972481310367584, 0.06824841350317001, 0.06675736606121063, 0.06549136340618134, 0.06419755518436432, 0.06307244300842285, 0.062084298580884933, 0.06115827336907387, 0.06027619168162346, 0.05954153090715408, 0.058867309242486954, 0.058031391352415085, 0.05737829580903053, 0.056779563426971436, 0.056150518357753754, 0.0556386336684227, 0.05502495542168617, 0.05457412078976631, 0.05419740453362465, 0.05363095924258232, 0.05317649617791176, 0.052819035947322845, 0.052401624619960785, 0.05208263546228409, 0.05171738937497139, 0.05134352296590805, 0.05086831375956535, 0.0507490299642086, 0.0503036268055439, 0.05001291260123253, 0.0497821569442749, 0.04943656176328659, 0.04913371056318283, 0.04887532815337181], "accuracy": [0.39713311195373535, 0.5729402899742126, 0.6326390504837036, 0.6703107953071594, 0.6986947059631348, 0.7195834517478943, 0.7361499071121216, 0.748830258846283, 0.759113073348999, 0.7677688002586365, 0.7743740677833557, 0.7802008390426636, 0.7861437797546387, 0.7904660701751709, 0.7948043346405029, 0.7984834313392639, 0.8021004796028137, 0.8040666580200195, 0.806905210018158, 0.8097516894340515, 0.8126029968261719, 0.8145213723182678, 0.8159430027008057, 0.8180874586105347, 0.8197383880615234, 0.820784330368042, 0.8222075700759888, 0.8238170742988586, 0.8251814246177673, 0.826541006565094, 0.8274325728416443, 0.8283591270446777, 0.8294416666030884, 0.830481231212616, 0.8305767774581909, 0.8330029845237732, 0.8337544202804565, 0.834365725517273, 0.8349723219871521, 0.8358080983161926, 0.836737871170044, 0.8374590277671814, 0.8383616805076599, 0.8384954333305359, 0.8391051888465881, 0.8400030732154846, 0.8400237560272217, 0.8410903811454773, 0.8414310812950134, 0.8421013355255127], "val_loss": [0.19810497760772705, 0.14978349208831787, 0.12220413237810135, 0.10278207808732986, 0.08902855217456818, 0.07960742712020874, 0.07254491001367569, 0.06763406097888947, 0.06379237771034241, 0.06084685027599335, 0.058325812220573425, 0.056556422263383865, 0.055041633546352386, 0.05367617681622505, 0.05255473777651787, 0.05148378759622574, 0.05051383748650551, 0.04993506520986557, 0.049188245087862015, 0.048523612320423126, 0.048014041036367416, 0.047512635588645935, 0.046990398317575455, 0.04649144411087036, 0.04611421748995781, 0.04557790979743004, 0.04530045762658119, 0.04510453715920448, 0.044626738876104355, 0.044377122074365616, 0.04421186447143555, 0.043979138135910034, 0.04363688826560974, 0.04343739524483681, 0.043255701661109924, 0.04300183430314064, 0.04274820536375046, 0.04258928447961807, 0.04225040599703789, 0.042235713452100754, 0.0420486144721508, 0.041822463274002075, 0.041732307523489, 0.041508596390485764, 0.04142206534743309, 0.041240423917770386, 0.041144538670778275, 0.04097718000411987, 0.040901366621255875, 0.04074891656637192], "val_accuracy": [0.6267443895339966, 0.6909619569778442, 0.7260939478874207, 0.7543771862983704, 0.7767716646194458, 0.7921168208122253, 0.804080605506897, 0.812705934047699, 0.8208011984825134, 0.8257156610488892, 0.8296558260917664, 0.8325214385986328, 0.8351577520370483, 0.8379230499267578, 0.8402871489524841, 0.8428375124931335, 0.8441843390464783, 0.8450583219528198, 0.8468062877655029, 0.8480241894721985, 0.8493710160255432, 0.8500157594680786, 0.8510617017745972, 0.8521506190299988, 0.8529099822044373, 0.8534114956855774, 0.8541708588600159, 0.8546436429023743, 0.8555462956428528, 0.8558758497238159, 0.8566066026687622, 0.8568501472473145, 0.8574805855751038, 0.8580966591835022, 0.8585838079452515, 0.8587270975112915, 0.8590566515922546, 0.8589850068092346, 0.8599306344985962, 0.8601598739624023, 0.8605180978775024, 0.8609909415245056, 0.8613061308860779, 0.861607015132904, 0.8612344861030579, 0.8619652390480042, 0.8622087836265564, 0.8624380230903625, 0.8626959323883057, 0.8628535270690918], "lr": [3.12499992105586e-06, 3.12499992105586e-06, 3.12499992105586e-06, 3.12499992105586e-06, 3.12499992105586e-06, 3.12499992105586e-06, 3.12499992105586e-06, 3.12499992105586e-06, 3.12499992105586e-06, 3.12499992105586e-06, 3.12499992105586e-06, 3.12499992105586e-06, 3.12499992105586e-06, 3.12499992105586e-06, 3.12499992105586e-06, 3.12499992105586e-06, 3.12499992105586e-06, 3.12499992105586e-06, 3.12499992105586e-06, 3.12499992105586e-06, 3.12499992105586e-06, 3.12499992105586e-06, 3.12499992105586e-06, 3.12499992105586e-06, 3.12499992105586e-06, 3.12499992105586e-06, 3.12499992105586e-06, 3.12499992105586e-06, 3.12499992105586e-06, 3.12499992105586e-06, 3.12499992105586e-06, 3.12499992105586e-06, 3.12499992105586e-06, 3.12499992105586e-06, 3.12499992105586e-06, 3.12499992105586e-06, 3.12499992105586e-06, 3.12499992105586e-06, 3.12499992105586e-06, 3.12499992105586e-06, 3.12499992105586e-06, 3.12499992105586e-06, 3.12499992105586e-06, 3.12499992105586e-06, 3.12499992105586e-06, 3.12499992105586e-06, 3.12499992105586e-06, 3.12499992105586e-06, 3.12499992105586e-06, 3.12499992105586e-06]}