{"loss": [0.5759678483009338, 0.4028767943382263, 0.3799993395805359, 0.3668605089187622, 0.35726526379585266, 0.3504534661769867, 0.3436931073665619, 0.3380093276500702, 0.33310696482658386, 0.32904738187789917, 0.31453514099121094, 0.3097939193248749, 0.30659106373786926, 0.3039248585700989, 0.3013632595539093, 0.29920095205307007, 0.2970154881477356, 0.29494404792785645, 0.287336140871048, 0.28415462374687195, 0.2817698121070862, 0.28070130944252014, 0.27614274621009827, 0.2745459973812103], "accuracy": [0.8104012608528137, 0.8542308211326599, 0.860673725605011, 0.8642637133598328, 0.8673505783081055, 0.8694265484809875, 0.8714293241500854, 0.8729497194290161, 0.874360203742981, 0.8755797147750854, 0.8799115419387817, 0.8811660408973694, 0.8822342753410339, 0.8828137516975403, 0.8835031390190125, 0.8839823007583618, 0.8846748471260071, 0.8854771852493286, 0.8879511952400208, 0.8884463310241699, 0.8892534375190735, 0.8895081877708435, 0.8907069563865662, 0.8916064500808716], "val_loss": [0.39131563901901245, 0.36128899455070496, 0.3529408276081085, 0.34815189242362976, 0.3448500335216522, 0.3398559093475342, 0.331243097782135, 0.3324741721153259, 0.33426472544670105, 0.3328652083873749, 0.31783685088157654, 0.31686145067214966, 0.3215350806713104, 0.3229579031467438, 0.31624501943588257, 0.31804022192955017, 0.31700366735458374, 0.3196970522403717, 0.3155122995376587, 0.31553128361701965, 0.3168977200984955, 0.31757181882858276, 0.31615149974823, 0.3168421685695648], "val_accuracy": [0.8558328747749329, 0.8664068579673767, 0.8691864609718323, 0.8684270977973938, 0.8697022795677185, 0.870561957359314, 0.8750609159469604, 0.8752185106277466, 0.8741868734359741, 0.8722096681594849, 0.8808780312538147, 0.8801186084747314, 0.8784136176109314, 0.8774393200874329, 0.8807777166366577, 0.8803479075431824, 0.8814941048622131, 0.8807920217514038, 0.8819525837898254, 0.8833280801773071, 0.8817949891090393, 0.8819955587387085, 0.8832277655601501, 0.8828696012496948], "lr": [0.0010000000474974513, 0.0010000000474974513, 0.0010000000474974513, 0.0010000000474974513, 0.0010000000474974513, 0.0010000000474974513, 0.0010000000474974513, 0.0010000000474974513, 0.0010000000474974513, 0.0010000000474974513, 0.0005000000237487257, 0.0005000000237487257, 0.0005000000237487257, 0.0005000000237487257, 0.0005000000237487257, 0.0005000000237487257, 0.0005000000237487257, 0.0005000000237487257, 0.0002500000118743628, 0.0002500000118743628, 0.0002500000118743628, 0.0002500000118743628, 0.0001250000059371814, 0.0001250000059371814]}