{"loss": [0.5714923143386841, 0.4238613545894623, 0.39849457144737244, 0.38389986753463745, 0.3739374876022339, 0.36628982424736023, 0.35946816205978394, 0.3535890281200409, 0.3494850695133209, 0.34506943821907043], "accuracy": [0.808821976184845, 0.8478022813796997, 0.8552768230438232, 0.8593921661376953, 0.8625602126121521, 0.8645932078361511, 0.8663428425788879, 0.8679905533790588, 0.8693294525146484, 0.8706667423248291], "val_loss": [0.41273632645606995, 0.38748863339424133, 0.36706820130348206, 0.3597920835018158, 0.35977786779403687, 0.3410288095474243, 0.34276410937309265, 0.34023186564445496, 0.3377867341041565, 0.3327410817146301], "val_accuracy": [0.8497578501701355, 0.8599306344985962, 0.8654612302780151, 0.867065966129303, 0.8674384355545044, 0.872438907623291, 0.8719517588615417, 0.872367262840271, 0.8739719986915588, 0.8749749064445496], "lr": [0.0010000000474974513, 0.0010000000474974513, 0.0010000000474974513, 0.0010000000474974513, 0.0010000000474974513, 0.0010000000474974513, 0.0010000000474974513, 0.0010000000474974513, 0.0010000000474974513, 0.0010000000474974513]}