{"loss": [0.5849753618240356], "accuracy": [0.8125536441802979], "val_loss": [0.44832587242126465], "val_accuracy": [0.8422787189483643], "lr": [0.0010000000474974513]}