{"loss": [2.397223711013794, 1.3898048400878906, 1.1071991920471191, 0.9567418098449707, 0.8620217442512512, 0.7970451712608337, 0.7505776882171631, 0.714988112449646, 0.6856395602226257, 0.660973846912384, 0.6412599086761475, 0.6257205605506897, 0.6108798384666443, 0.5980526208877563, 0.5866377949714661, 0.5759696960449219, 0.5672852993011475, 0.5591200590133667, 0.5524230599403381, 0.5455582737922668, 0.5384392738342285, 0.5329278707504272, 0.5270651578903198, 0.5216405391693115, 0.5170421600341797, 0.5125136971473694, 0.5085402131080627, 0.5045561790466309, 0.500793993473053, 0.4970424473285675, 0.49397435784339905, 0.4909413754940033, 0.48808735609054565, 0.4857153594493866, 0.48098117113113403, 0.4802058935165405, 0.47698551416397095, 0.47469019889831543, 0.4720847010612488, 0.47015997767448425, 0.46687671542167664, 0.4657834768295288, 0.4631142318248749, 0.4622478485107422, 0.4600069224834442, 0.45794036984443665, 0.4560036361217499, 0.45500579476356506, 0.4524019658565521, 0.4512716829776764], "accuracy": [0.42833808064460754, 0.6272326111793518, 0.6845385432243347, 0.7177478671073914, 0.7389152646064758, 0.7538116574287415, 0.764880895614624, 0.7739697098731995, 0.7813502550125122, 0.7864637970924377, 0.792984664440155, 0.7958120703697205, 0.8000627160072327, 0.8029219508171082, 0.8064578175544739, 0.8092024326324463, 0.8108533620834351, 0.8130375742912292, 0.814795196056366, 0.8171895742416382, 0.8192973732948303, 0.8200679421424866, 0.8221996426582336, 0.8235989809036255, 0.8249298930168152, 0.8254266381263733, 0.8270122408866882, 0.8280677795410156, 0.8288876414299011, 0.8299383521080017, 0.830836296081543, 0.8315112590789795, 0.8320907950401306, 0.8332800269126892, 0.8343800902366638, 0.8349898457527161, 0.8356855511665344, 0.8359482288360596, 0.836846113204956, 0.8376118540763855, 0.838530421257019, 0.8386721611022949, 0.8394267559051514, 0.8397563099861145, 0.8403596878051758, 0.840582549571991, 0.8412941694259644, 0.8413053154945374, 0.8422939777374268, 0.8424006104469299], "val_loss": [1.1649439334869385, 0.8516244292259216, 0.7096077799797058, 0.6320098042488098, 0.582955539226532, 0.5489568710327148, 0.5253968834877014, 0.5066772103309631, 0.4915124773979187, 0.4818357825279236, 0.4709203839302063, 0.464072585105896, 0.4572601020336151, 0.45146286487579346, 0.44700610637664795, 0.44124019145965576, 0.43568846583366394, 0.4343777298927307, 0.4303959310054779, 0.42719271779060364, 0.42311209440231323, 0.421019047498703, 0.4189842939376831, 0.41587138175964355, 0.4147599935531616, 0.4118087887763977, 0.41023412346839905, 0.40827494859695435, 0.40600234270095825, 0.40471982955932617, 0.40200597047805786, 0.4017781913280487, 0.4009581506252289, 0.39942798018455505, 0.39838775992393494, 0.3968822956085205, 0.3956844210624695, 0.3942943215370178, 0.3927217423915863, 0.39187607169151306, 0.3909759223461151, 0.3899494409561157, 0.38946425914764404, 0.38897016644477844, 0.388156533241272, 0.3867429196834564, 0.38605132699012756, 0.38518261909484863, 0.38495078682899475, 0.3832579255104065], "val_accuracy": [0.6838983297348022, 0.7438748478889465, 0.7770581841468811, 0.795039713382721, 0.8079061508178711, 0.8172192573547363, 0.8225921988487244, 0.8275353312492371, 0.8320199251174927, 0.834584653377533, 0.8370490074157715, 0.8384388089179993, 0.8402298092842102, 0.8414620161056519, 0.8428518176078796, 0.8447000980377197, 0.8462905287742615, 0.8463621735572815, 0.8479382395744324, 0.8487692475318909, 0.8500874042510986, 0.8503739833831787, 0.8507464528083801, 0.8515488505363464, 0.8520503044128418, 0.852451503276825, 0.8531106114387512, 0.8535117506980896, 0.8540705442428589, 0.8548012971878052, 0.8553027510643005, 0.8550878167152405, 0.8554173707962036, 0.8560764789581299, 0.8564059734344482, 0.8564776182174683, 0.8567785024642944, 0.8572800159454346, 0.8575522303581238, 0.858039379119873, 0.8580966591835022, 0.8583689332008362, 0.8588703870773315, 0.8586554527282715, 0.8589707016944885, 0.8594578504562378, 0.8596727252006531, 0.859801709651947, 0.8598589897155762, 0.8604177832603455], "lr": [0.0010000000474974513, 0.0010000000474974513, 0.0010000000474974513, 0.0010000000474974513, 0.0010000000474974513, 0.0010000000474974513, 0.0010000000474974513, 0.0010000000474974513, 0.0010000000474974513, 0.0010000000474974513, 0.0010000000474974513, 0.0010000000474974513, 0.0010000000474974513, 0.0010000000474974513, 0.0010000000474974513, 0.0010000000474974513, 0.0010000000474974513, 0.0010000000474974513, 0.0010000000474974513, 0.0010000000474974513, 0.0010000000474974513, 0.0010000000474974513, 0.0010000000474974513, 0.0010000000474974513, 0.0010000000474974513, 0.0010000000474974513, 0.0010000000474974513, 0.0010000000474974513, 0.0010000000474974513, 0.0010000000474974513, 0.0010000000474974513, 0.0010000000474974513, 0.0010000000474974513, 0.0010000000474974513, 0.0010000000474974513, 0.0010000000474974513, 0.0010000000474974513, 0.0010000000474974513, 0.0010000000474974513, 0.0010000000474974513, 0.0010000000474974513, 0.0010000000474974513, 0.0010000000474974513, 0.0010000000474974513, 0.0010000000474974513, 0.0010000000474974513, 0.0010000000474974513, 0.0010000000474974513, 0.0010000000474974513, 0.0010000000474974513]}