{"loss": [1.5773438215255737, 0.8053145408630371, 0.6623262763023376, 0.5937486290931702, 0.5533331036567688, 0.5253580808639526, 0.5035624504089355, 0.4883483350276947, 0.4739648401737213, 0.46432849764823914], "accuracy": [0.5941506624221802, 0.7525635361671448, 0.7865625023841858, 0.8040586709976196, 0.8146471381187439, 0.8217809200286865, 0.8277684450149536, 0.8322356343269348, 0.8359928131103516, 0.8383839726448059], "val_loss": [0.6856979131698608, 0.5184416770935059, 0.48039379715919495, 0.44933825731277466, 0.4318292737007141, 0.41810864210128784, 0.4047237038612366, 0.4048033356666565, 0.39291492104530334, 0.3929375112056732], "val_accuracy": [0.7809123992919922, 0.8248130083084106, 0.8340545296669006, 0.8435825705528259, 0.8479955196380615, 0.8514055609703064, 0.8547439575195312, 0.8549015522003174, 0.8580966591835022, 0.8582112789154053], "lr": [0.0010000000474974513, 0.0010000000474974513, 0.0010000000474974513, 0.0010000000474974513, 0.0010000000474974513, 0.0010000000474974513, 0.0010000000474974513, 0.0010000000474974513, 0.0010000000474974513, 0.0010000000474974513]}