{"loss": [0.5945470929145813, 0.4330920875072479, 0.40492671728134155, 0.38967809081077576, 0.3797534108161926, 0.3722875416278839, 0.3663225769996643, 0.3615778386592865, 0.35765308141708374, 0.35386598110198975, 0.35084304213523865, 0.34814468026161194, 0.34601566195487976, 0.34378257393836975, 0.34155702590942383, 0.332479864358902, 0.32983189821243286, 0.32768934965133667, 0.32632970809936523, 0.32551711797714233, 0.32409894466400146, 0.32309097051620483, 0.3219740688800812, 0.3213758170604706, 0.3202180862426758, 0.31920257210731506, 0.31835731863975525, 0.3132098615169525, 0.31192290782928467, 0.31107521057128906, 0.3104444146156311, 0.30934756994247437, 0.3089856207370758, 0.3085139989852905, 0.3087214231491089, 0.3050341308116913, 0.3045698404312134, 0.30373480916023254, 0.3034541606903076, 0.3034559488296509, 0.3029118478298187, 0.30097681283950806, 0.30079764127731323], "accuracy": [0.8047002553939819, 0.8462023138999939, 0.8540875911712646, 0.858424186706543, 0.8614283204078674, 0.8630537390708923, 0.8649705648422241, 0.866447925567627, 0.8674715757369995, 0.8686003088951111, 0.8690826892852783, 0.8695220947265625, 0.8709071278572083, 0.8714197874069214, 0.8721058964729309, 0.8748266696929932, 0.8754618763923645, 0.8760939240455627, 0.8768373727798462, 0.8764457702636719, 0.8771159648895264, 0.8772513270378113, 0.8774566650390625, 0.8777719140052795, 0.8783195614814758, 0.878410279750824, 0.878515362739563, 0.8801630735397339, 0.880549967288971, 0.8809224963188171, 0.8808460831642151, 0.8813475370407104, 0.8815147280693054, 0.8816165924072266, 0.8813506960868835, 0.882366418838501, 0.8824173808097839, 0.8830828070640564, 0.8828217387199402, 0.8828631043434143, 0.8831290006637573, 0.8839297890663147, 0.8835922479629517], "val_loss": [0.408818781375885, 0.3792096674442291, 0.3699715733528137, 0.3588707745075226, 0.35510197281837463, 0.3490796387195587, 0.34600311517715454, 0.34135448932647705, 0.34508806467056274, 0.34161612391471863, 0.34037622809410095, 0.33297112584114075, 0.3357483446598053, 0.3390147387981415, 0.33330097794532776, 0.32791051268577576, 0.3257826566696167, 0.32520437240600586, 0.3291513919830322, 0.3240577280521393, 0.3232294023036957, 0.32358020544052124, 0.32314959168434143, 0.322197288274765, 0.32328668236732483, 0.32470276951789856, 0.3223942220211029, 0.3191479444503784, 0.31847095489501953, 0.31904587149620056, 0.31923988461494446, 0.3171194791793823, 0.3178699016571045, 0.317675918340683, 0.31706851720809937, 0.315827876329422, 0.315277636051178, 0.3149762749671936, 0.31643250584602356, 0.31687384843826294, 0.3158729374408722, 0.3157671391963959, 0.3150860071182251], "val_accuracy": [0.8516204953193665, 0.8609909415245056, 0.8630971312522888, 0.8665931224822998, 0.8682981133460999, 0.8698312044143677, 0.8701464533805847, 0.8731409311294556, 0.8709917664527893, 0.8703470230102539, 0.8733128905296326, 0.8744447827339172, 0.874000608921051, 0.8715505599975586, 0.8742155432701111, 0.8756626844406128, 0.8769378662109375, 0.8774679899215698, 0.8757486343383789, 0.877797544002533, 0.8773676753044128, 0.877453625202179, 0.8775539398193359, 0.8780410885810852, 0.8779694437980652, 0.8782416582107544, 0.8772530555725098, 0.8784709572792053, 0.8793879151344299, 0.8792016506195068, 0.8787431716918945, 0.879473865032196, 0.8797747492790222, 0.879287600517273, 0.8798750638961792, 0.8799323439598083, 0.8804911375045776, 0.8802905678749084, 0.879645824432373, 0.879502534866333, 0.8798320889472961, 0.8804625272750854, 0.8806917667388916], "lr": [0.0002500000118743628, 0.0002500000118743628, 0.0002500000118743628, 0.0002500000118743628, 0.0002500000118743628, 0.0002500000118743628, 0.0002500000118743628, 0.0002500000118743628, 0.0002500000118743628, 0.0002500000118743628, 0.0002500000118743628, 0.0002500000118743628, 0.0002500000118743628, 0.0002500000118743628, 0.0002500000118743628, 0.0001250000059371814, 0.0001250000059371814, 0.0001250000059371814, 0.0001250000059371814, 0.0001250000059371814, 0.0001250000059371814, 0.0001250000059371814, 0.0001250000059371814, 0.0001250000059371814, 0.0001250000059371814, 0.0001250000059371814, 0.0001250000059371814, 6.25000029685907e-05, 6.25000029685907e-05, 6.25000029685907e-05, 6.25000029685907e-05, 6.25000029685907e-05, 6.25000029685907e-05, 6.25000029685907e-05, 6.25000029685907e-05, 3.125000148429535e-05, 3.125000148429535e-05, 3.125000148429535e-05, 3.125000148429535e-05, 3.125000148429535e-05, 3.125000148429535e-05, 1.5625000742147677e-05, 1.5625000742147677e-05]}