{"loss": [0.546296238899231, 0.39231637120246887, 0.3712828755378723, 0.35909581184387207, 0.34946340322494507, 0.34217679500579834, 0.3358365297317505, 0.32988134026527405, 0.32543835043907166, 0.32054153084754944, 0.3153544068336487, 0.311242014169693, 0.3071942925453186, 0.30294474959373474, 0.28828659653663635, 0.2834024429321289, 0.27903497219085693, 0.27628201246261597, 0.2667583227157593, 0.2632169723510742, 0.26037994027137756, 0.25458353757858276, 0.2527681887149811, 0.2506631016731262, 0.24787521362304688, 0.2468385398387909, 0.2459096759557724, 0.24392150342464447, 0.243268683552742, 0.24301373958587646, 0.2423527091741562, 0.2418430894613266, 0.2415214627981186, 0.2409953474998474, 0.2408236861228943, 0.2408124953508377, 0.24036699533462524, 0.24073460698127747, 0.2404654324054718, 0.24034075438976288, 0.24054358899593353, 0.24059955775737762, 0.24033185839653015, 0.23982678353786469, 0.2398187220096588, 0.2399318814277649, 0.23969332873821259, 0.24004590511322021, 0.24008284509181976, 0.2401103675365448], "accuracy": [0.8178900480270386, 0.8572859168052673, 0.8629853129386902, 0.866790235042572, 0.8695842027664185, 0.8715678453445435, 0.8740529417991638, 0.8749778866767883, 0.876581072807312, 0.8778132796287537, 0.8795501589775085, 0.8806772828102112, 0.8820209503173828, 0.8832308650016785, 0.8875213265419006, 0.8892375230789185, 0.8906257748603821, 0.8912068605422974, 0.8946647047996521, 0.8956931233406067, 0.8962869644165039, 0.898468017578125, 0.8987911939620972, 0.8995808362960815, 0.9004039168357849, 0.9009993076324463, 0.9011537432670593, 0.9018844366073608, 0.9017698168754578, 0.9024766683578491, 0.9024703502655029, 0.9026788473129272, 0.9027011394500732, 0.9031182527542114, 0.9027298092842102, 0.9033730030059814, 0.9031644463539124, 0.9028237462043762, 0.9029877185821533, 0.9031103253364563, 0.9031293988227844, 0.9032695293426514, 0.9029495120048523, 0.9034764766693115, 0.9032026529312134, 0.9032679200172424, 0.9031485319137573, 0.9031278491020203, 0.9034079909324646, 0.9031373858451843], "val_loss": [0.3850511610507965, 0.35814040899276733, 0.3493494689464569, 0.34127160906791687, 0.3419072926044464, 0.3368074595928192, 0.3361092209815979, 0.32741492986679077, 0.329433411359787, 0.32585403323173523, 0.32333919405937195, 0.3262579143047333, 0.3265702426433563, 0.32549721002578735, 0.3147052526473999, 0.3180818557739258, 0.3181590437889099, 0.32113146781921387, 0.32194820046424866, 0.3226991593837738, 0.3260953426361084, 0.3266991674900055, 0.3292285203933716, 0.330721378326416, 0.3308391571044922, 0.3317093849182129, 0.33281028270721436, 0.33404356241226196, 0.3345557451248169, 0.3356238305568695, 0.3353978395462036, 0.3358645439147949, 0.3360474705696106, 0.3363266885280609, 0.3365372121334076, 0.3368259370326996, 0.3368452787399292, 0.33698099851608276, 0.3371275067329407, 0.337012380361557, 0.33705615997314453, 0.3371568024158478, 0.33723679184913635, 0.3372805714607239, 0.3372286260128021, 0.33727192878723145, 0.337259441614151, 0.33732837438583374, 0.33749914169311523, 0.3375691771507263], "val_accuracy": [0.8582543134689331, 0.866765022277832, 0.8712639808654785, 0.8719517588615417, 0.8715935349464417, 0.8718657493591309, 0.874057948589325, 0.8762930631637573, 0.8751325607299805, 0.8760638236999512, 0.8791586756706238, 0.8774106502532959, 0.877697229385376, 0.8778691291809082, 0.8818236589431763, 0.8819525837898254, 0.8809926509857178, 0.8817377090454102, 0.8817663192749023, 0.8817949891090393, 0.8820385932922363, 0.8823680877685547, 0.8819096088409424, 0.8821961879730225, 0.8822534680366516, 0.8824684023857117, 0.8816660642623901, 0.8819955587387085, 0.8823394775390625, 0.8817377090454102, 0.8819382786750793, 0.8819812536239624, 0.8819955587387085, 0.8821102380752563, 0.8821245431900024, 0.8820672035217285, 0.8821961879730225, 0.8819525837898254, 0.8820958733558655, 0.8821102380752563, 0.8821388483047485, 0.8821245431900024, 0.8820385932922363, 0.8821102380752563, 0.8821388483047485, 0.8820958733558655, 0.8820672035217285, 0.8821102380752563, 0.8821388483047485, 0.8819812536239624], "lr": [0.0010000000474974513, 0.0010000000474974513, 0.0010000000474974513, 0.0010000000474974513, 0.0010000000474974513, 0.0010000000474974513, 0.0010000000474974513, 0.0010000000474974513, 0.0010000000474974513, 0.0010000000474974513, 0.0010000000474974513, 0.0010000000474974513, 0.0010000000474974513, 0.0010000000474974513, 0.0005000000237487257, 0.0005000000237487257, 0.0005000000237487257, 0.0005000000237487257, 0.0002500000118743628, 0.0002500000118743628, 0.0002500000118743628, 0.0001250000059371814, 0.0001250000059371814, 0.0001250000059371814, 6.25000029685907e-05, 6.25000029685907e-05, 6.25000029685907e-05, 3.125000148429535e-05, 3.125000148429535e-05, 3.125000148429535e-05, 1.5625000742147677e-05, 1.5625000742147677e-05, 1.5625000742147677e-05, 7.812500371073838e-06, 7.812500371073838e-06, 7.812500371073838e-06, 3.906250185536919e-06, 3.906250185536919e-06, 3.906250185536919e-06, 1.9531250927684596e-06, 1.9531250927684596e-06, 1.9531250927684596e-06, 9.999999974752427e-07, 9.999999974752427e-07, 9.999999974752427e-07, 9.999999974752427e-07, 9.999999974752427e-07, 9.999999974752427e-07, 9.999999974752427e-07, 9.999999974752427e-07]}