{"loss": [0.8522905707359314, 0.4514622688293457, 0.41688981652259827, 0.3989262580871582, 0.38564789295196533, 0.376005083322525, 0.3674143850803375, 0.3607264459133148, 0.3543497920036316, 0.3492812514305115, 0.34378793835639954, 0.3398544192314148, 0.3349495232105255, 0.3122735023498535, 0.3061474561691284], "accuracy": [0.7622397541999817, 0.8406016230583191, 0.8500486612319946, 0.8554423451423645, 0.8593013882637024, 0.8617674112319946, 0.8639197945594788, 0.8656153082847595, 0.8676084876060486, 0.8685939311981201, 0.8698977828025818, 0.8711968660354614, 0.8729019165039062, 0.8800707459449768, 0.8815433382987976], "val_loss": [0.4839184582233429, 0.44358277320861816, 0.4288075864315033, 0.4091009795665741, 0.40106773376464844, 0.39063143730163574, 0.3882807493209839, 0.3903425931930542, 0.3881329596042633, 0.38161149621009827, 0.3877684772014618, 0.3846435844898224, 0.3882785439491272, 0.3836042881011963, 0.38597923517227173], "val_accuracy": [0.8325070738792419, 0.8438404202461243, 0.8456171154975891, 0.8528670072555542, 0.8551738262176514, 0.8590996265411377, 0.85948646068573, 0.8591999411582947, 0.8608189821243286, 0.8604321479797363, 0.8589993119239807, 0.8608763217926025, 0.8600166440010071, 0.8614494204521179, 0.8622087836265564], "lr": [0.0010000000474974513, 0.0010000000474974513, 0.0010000000474974513, 0.0010000000474974513, 0.0010000000474974513, 0.0010000000474974513, 0.0010000000474974513, 0.0010000000474974513, 0.0010000000474974513, 0.0010000000474974513, 0.0010000000474974513, 0.0010000000474974513, 0.0010000000474974513, 0.0005000000237487257, 0.0005000000237487257]}