{"loss": [2.700874090194702, 1.8340097665786743, 1.536279559135437, 1.340252161026001, 1.202114462852478, 1.0948585271835327, 1.0156985521316528, 0.949996292591095, 0.8966792821884155, 0.851369321346283, 0.8136787414550781, 0.7796483635902405, 0.7518659830093384, 0.725440502166748, 0.704081118106842, 0.6842634677886963, 0.66713947057724, 0.6513601541519165, 0.6363272666931152, 0.6240152716636658, 0.6110972166061401, 0.6006063222885132, 0.5901743173599243, 0.5811785459518433, 0.5727393627166748, 0.5642332434654236, 0.5575801730155945, 0.5508663654327393, 0.5442306399345398, 0.5355968475341797, 0.53067547082901, 0.5256443023681641, 0.519480288028717, 0.5147663950920105, 0.5098718404769897, 0.5063488483428955, 0.5017707943916321, 0.49769437313079834, 0.4934929609298706, 0.49033063650131226, 0.48585599660873413, 0.48408272862434387, 0.4797324240207672, 0.4763667583465576, 0.47387516498565674, 0.4701032042503357, 0.4672797918319702, 0.466328501701355, 0.46331796050071716, 0.4603765904903412], "accuracy": [0.3718949854373932, 0.5321418642997742, 0.589677095413208, 0.6299962997436523, 0.6588864922523499, 0.6820057034492493, 0.6999555826187134, 0.715202271938324, 0.7276836037635803, 0.7383007407188416, 0.7470758557319641, 0.7555310130119324, 0.7623161673545837, 0.7691220045089722, 0.774867594242096, 0.7786645293235779, 0.783005952835083, 0.7873712182044983, 0.7910646796226501, 0.794581413269043, 0.7975823879241943, 0.8004336357116699, 0.8024937510490417, 0.8052877187728882, 0.8075133562088013, 0.8104506134986877, 0.8123593926429749, 0.8130806088447571, 0.8156150579452515, 0.8179362416267395, 0.8192066550254822, 0.8208320736885071, 0.8224830031394958, 0.8235926032066345, 0.8248885273933411, 0.8256638050079346, 0.8274214267730713, 0.8279404044151306, 0.8296406865119934, 0.8304223418235779, 0.8314651250839233, 0.8323375582695007, 0.8330777883529663, 0.834625244140625, 0.8347939848899841, 0.8358336091041565, 0.836591362953186, 0.8368811011314392, 0.8377074003219604, 0.8385607004165649], "val_loss": [1.3179982900619507, 1.0469955205917358, 0.8913716077804565, 0.7800087332725525, 0.7014329433441162, 0.6464628577232361, 0.6098451614379883, 0.5784189105033875, 0.5535721182823181, 0.5330991744995117, 0.5110775828361511, 0.5005598068237305, 0.48807018995285034, 0.47572168707847595, 0.46704164147377014, 0.46012941002845764, 0.45368117094039917, 0.4462448060512543, 0.4458300471305847, 0.4384731352329254, 0.43217161297798157, 0.4310893416404724, 0.4236452281475067, 0.42359134554862976, 0.4248415529727936, 0.41698113083839417, 0.4122108221054077, 0.41082480549812317, 0.408374547958374, 0.40658313035964966, 0.40638524293899536, 0.4014817476272583, 0.399692177772522, 0.3969278037548065, 0.39850398898124695, 0.3967582583427429, 0.3918815851211548, 0.38989636301994324, 0.391270250082016, 0.3877364695072174, 0.38642263412475586, 0.3865368068218231, 0.3844953775405884, 0.38395553827285767, 0.38084152340888977, 0.38210001587867737, 0.3783823251724243, 0.379656583070755, 0.3824746608734131, 0.37845084071159363], "val_accuracy": [0.6594119668006897, 0.7070808410644531, 0.737183690071106, 0.7602372765541077, 0.7799237966537476, 0.7931913733482361, 0.8022609353065491, 0.8101842403411865, 0.8162736296653748, 0.8216608762741089, 0.8273777365684509, 0.8301859498023987, 0.8331661820411682, 0.8368627429008484, 0.8386394381523132, 0.8411754369735718, 0.8428088426589966, 0.8449293375015259, 0.8438690900802612, 0.8458176851272583, 0.8484539985656738, 0.8485400080680847, 0.8499011397361755, 0.8499298095703125, 0.8495429158210754, 0.8514055609703064, 0.8529529571533203, 0.8533828258514404, 0.8540275692939758, 0.8541995286941528, 0.8548156023025513, 0.8557898998260498, 0.8558902144432068, 0.8568788170814514, 0.8564346432685852, 0.8571940064430237, 0.8576381802558899, 0.8589420318603516, 0.8584835529327393, 0.8592286109924316, 0.8595294952392578, 0.8594148755073547, 0.8603175282478333, 0.859687089920044, 0.8610195517539978, 0.8601168990135193, 0.861778974533081, 0.8614064455032349, 0.8606756925582886, 0.8618792295455933], "lr": [7.812500371073838e-06, 7.812500371073838e-06, 7.812500371073838e-06, 7.812500371073838e-06, 7.812500371073838e-06, 7.812500371073838e-06, 7.812500371073838e-06, 7.812500371073838e-06, 7.812500371073838e-06, 7.812500371073838e-06, 7.812500371073838e-06, 7.812500371073838e-06, 7.812500371073838e-06, 7.812500371073838e-06, 7.812500371073838e-06, 7.812500371073838e-06, 7.812500371073838e-06, 7.812500371073838e-06, 7.812500371073838e-06, 7.812500371073838e-06, 7.812500371073838e-06, 7.812500371073838e-06, 7.812500371073838e-06, 7.812500371073838e-06, 7.812500371073838e-06, 7.812500371073838e-06, 7.812500371073838e-06, 7.812500371073838e-06, 7.812500371073838e-06, 7.812500371073838e-06, 7.812500371073838e-06, 7.812500371073838e-06, 7.812500371073838e-06, 7.812500371073838e-06, 7.812500371073838e-06, 7.812500371073838e-06, 7.812500371073838e-06, 7.812500371073838e-06, 7.812500371073838e-06, 7.812500371073838e-06, 7.812500371073838e-06, 7.812500371073838e-06, 7.812500371073838e-06, 7.812500371073838e-06, 7.812500371073838e-06, 7.812500371073838e-06, 7.812500371073838e-06, 7.812500371073838e-06, 7.812500371073838e-06, 7.812500371073838e-06]}