{"loss": [0.5105467438697815, 0.39170506596565247, 0.372018426656723, 0.3601243793964386, 0.3517901599407196, 0.34503212571144104, 0.3397592604160309, 0.3350435793399811, 0.33025994896888733, 0.3265889286994934], "accuracy": [0.8265665173530579, 0.8577826023101807, 0.8632655143737793, 0.8668045401573181, 0.8695045709609985, 0.8710663318634033, 0.8726105690002441, 0.8738937377929688, 0.8750129342079163, 0.8763390779495239], "val_loss": [0.3741435110569, 0.354800283908844, 0.3490332365036011, 0.34566840529441833, 0.3440023362636566, 0.3389897644519806, 0.33317404985427856, 0.32561418414115906, 0.33190613985061646, 0.32486045360565186], "val_accuracy": [0.861320436000824, 0.8677679896354675, 0.8701177835464478, 0.8683267831802368, 0.8701177835464478, 0.872438907623291, 0.8745880722999573, 0.8769521713256836, 0.8761211633682251, 0.8766083121299744], "lr": [0.0010000000474974513, 0.0010000000474974513, 0.0010000000474974513, 0.0010000000474974513, 0.0010000000474974513, 0.0010000000474974513, 0.0010000000474974513, 0.0010000000474974513, 0.0010000000474974513, 0.0010000000474974513]}