{
    "loss": [
        0.6578943133354187,
        0.4344620108604431,
        0.40817028284072876,
        0.3934234082698822,
        0.3828847110271454,
        0.37583717703819275,
        0.3692264258861542,
        0.36443454027175903,
        0.35973531007766724,
        0.356708824634552,
        0.3526773154735565,
        0.349648654460907,
        0.3466437757015228,
        0.3437025845050812,
        0.3414932191371918,
        0.3392649292945862,
        0.336760014295578,
        0.3342711925506592,
        0.33232951164245605,
        0.31658828258514404,
        0.313888281583786,
        0.31222066283226013,
        0.31076329946517944,
        0.3017582595348358,
        0.30064964294433594,
        0.29962122440338135,
        0.29871436953544617,
        0.2979581654071808,
        0.2932066023349762,
        0.2924237549304962
    ],
    "accuracy": [
        0.7951991558074951,
        0.8460717797279358,
        0.852689802646637,
        0.856805145740509,
        0.8598012924194336,
        0.8612786531448364,
        0.8632973432540894,
        0.864446759223938,
        0.8660865426063538,
        0.866618275642395,
        0.8676053285598755,
        0.868436336517334,
        0.8694186210632324,
        0.8699216842651367,
        0.8709533214569092,
        0.8714483976364136,
        0.8720948100090027,
        0.8728828430175781,
        0.8735371232032776,
        0.878669798374176,
        0.8794769048690796,
        0.8798972368240356,
        0.8802410960197449,
        0.8837817311286926,
        0.8840857744216919,
        0.884477436542511,
        0.8846907615661621,
        0.8849837183952332,
        0.8868383765220642,
        0.8872061371803284
    ],
    "val_loss": [
        0.46409669518470764,
        0.42688053846359253,
        0.41573774814605713,
        0.4026501476764679,
        0.3981386721134186,
        0.3911817967891693,
        0.39020928740501404,
        0.38866496086120605,
        0.3863479495048523,
        0.3840431272983551,
        0.3882523775100708,
        0.38396888971328735,
        0.3835981786251068,
        0.3868553340435028,
        0.38607263565063477,
        0.3826403021812439,
        0.38752713799476624,
        0.38444793224334717,
        0.38771700859069824,
        0.37866607308387756,
        0.37996605038642883,
        0.38313522934913635,
        0.3815270662307739,
        0.3779720664024353,
        0.3772660195827484,
        0.3807566165924072,
        0.38030779361724854,
        0.37994706630706787,
        0.3793622553348541,
        0.3796412944793701
    ],
    "val_accuracy": [
        0.8387683629989624,
        0.8486976027488708,
        0.8495143055915833,
        0.8548585772514343,
        0.8554890155792236,
        0.8586984276771545,
        0.8576095104217529,
        0.8577814698219299,
        0.8599593043327332,
        0.8599163293838501,
        0.85806804895401,
        0.8600452542304993,
        0.8603748083114624,
        0.8595151305198669,
        0.8606470227241516,
        0.8613777756690979,
        0.8606900572776794,
        0.8611198663711548,
        0.8606613874435425,
        0.8637848496437073,
        0.8623234033584595,
        0.8624809980392456,
        0.861564040184021,
        0.8633550405502319,
        0.8639281392097473,
        0.8637275695800781,
        0.8630541563034058,
        0.8636415600776672,
        0.8642003536224365,
        0.8638421893119812
    ],
    "lr": [
        0.0010000000474974513,
        0.0010000000474974513,
        0.0010000000474974513,
        0.0010000000474974513,
        0.0010000000474974513,
        0.0010000000474974513,
        0.0010000000474974513,
        0.0010000000474974513,
        0.0010000000474974513,
        0.0010000000474974513,
        0.0010000000474974513,
        0.0010000000474974513,
        0.0010000000474974513,
        0.0010000000474974513,
        0.0010000000474974513,
        0.0010000000474974513,
        0.0010000000474974513,
        0.0010000000474974513,
        0.0010000000474974513,
        0.0005000000237487257,
        0.0005000000237487257,
        0.0005000000237487257,
        0.0005000000237487257,
        0.0002500000118743628,
        0.0002500000118743628,
        0.0002500000118743628,
        0.0002500000118743628,
        0.0002500000118743628,
        0.0001250000059371814,
        0.0001250000059371814
    ]
}