{"loss": [0.8335855603218079, 0.5269803404808044, 0.42466282844543457, 0.36006447672843933, 0.31551414728164673, 0.2821213901042938, 0.25705409049987793, 0.2376154363155365, 0.22247382998466492, 0.21027901768684387, 0.20056146383285522, 0.19164299964904785, 0.1842789351940155, 0.17855598032474518, 0.17299197614192963, 0.168422669172287, 0.16412565112113953, 0.160565584897995, 0.1568985879421234, 0.1538054198026657, 0.1515531688928604, 0.14870594441890717, 0.14624086022377014, 0.14404350519180298, 0.14208902418613434, 0.1400909572839737, 0.1382044553756714, 0.1363721489906311, 0.13522176444530487, 0.1331281214952469, 0.13229219615459442, 0.13082285225391388, 0.12970979511737823, 0.128331258893013, 0.12710818648338318, 0.12609447538852692, 0.1252240389585495, 0.12391313910484314, 0.1232537031173706, 0.12220195680856705, 0.12161602079868317, 0.12044752389192581, 0.1195676252245903, 0.11886291205883026, 0.11837894469499588, 0.11751764267683029, 0.11673819273710251, 0.11616475880146027, 0.11568036675453186, 0.11482144892215729], "accuracy": [0.4025666415691376, 0.5783451795578003, 0.6358230710029602, 0.6741905212402344, 0.7008121013641357, 0.7211563587188721, 0.7374155521392822, 0.7494862079620361, 0.7600985169410706, 0.7679168581962585, 0.7745364308357239, 0.780816912651062, 0.7862567901611328, 0.7905440926551819, 0.7943951487541199, 0.7977447509765625, 0.8010386228561401, 0.8037100434303284, 0.8063368201255798, 0.8090448379516602, 0.8104330897331238, 0.8130232691764832, 0.8150721788406372, 0.816524088382721, 0.8180747032165527, 0.820496141910553, 0.8214513659477234, 0.8233697414398193, 0.8240177035331726, 0.8255699276924133, 0.8265091776847839, 0.8281027674674988, 0.8283368349075317, 0.8298492431640625, 0.830845832824707, 0.8315558433532715, 0.8319665789604187, 0.8333007097244263, 0.8341715335845947, 0.8352732062339783, 0.8353686928749084, 0.836557924747467, 0.8374208211898804, 0.8381690382957458, 0.8387119174003601, 0.8394856452941895, 0.8401303887367249, 0.8404424786567688, 0.840670108795166, 0.8417208194732666], "val_loss": [0.4482850730419159, 0.33842918276786804, 0.27689749002456665, 0.23497335612773895, 0.20550264418125153, 0.18411065638065338, 0.16904465854167938, 0.15764810144901276, 0.14891770482063293, 0.14229315519332886, 0.13664127886295319, 0.13258564472198486, 0.12909053266048431, 0.12593106925487518, 0.12329691648483276, 0.12075689435005188, 0.1183447390794754, 0.11710384488105774, 0.11519542336463928, 0.11376204341650009, 0.11259590089321136, 0.11118738353252411, 0.11014319211244583, 0.10911519825458527, 0.10830989480018616, 0.10709122568368912, 0.10634411126375198, 0.1057877242565155, 0.10473635792732239, 0.10424961149692535, 0.1035759299993515, 0.10297749191522598, 0.10239727050065994, 0.10190443694591522, 0.10136965662240982, 0.10097435861825943, 0.10029659420251846, 0.09990543872117996, 0.09927275776863098, 0.09888046234846115, 0.098565474152565, 0.09810008853673935, 0.09777705371379852, 0.09753143787384033, 0.0969822034239769, 0.09669102728366852, 0.09625835716724396, 0.09600352495908737, 0.09604527801275253, 0.0953899621963501], "val_accuracy": [0.6402556300163269, 0.6986130475997925, 0.7348769307136536, 0.7618849873542786, 0.7816144824028015, 0.7952116131782532, 0.8061151504516602, 0.8142963647842407, 0.8207582235336304, 0.8254434466362, 0.8294122815132141, 0.8325357437133789, 0.8356162309646606, 0.838295578956604, 0.8408602476119995, 0.8430667519569397, 0.8451012969017029, 0.8456027507781982, 0.8469782471656799, 0.8480098843574524, 0.8493423461914062, 0.8504169583320618, 0.8510760068893433, 0.8519643545150757, 0.8527237176895142, 0.8539702296257019, 0.854357123374939, 0.8549731969833374, 0.8561767339706421, 0.8563343286514282, 0.8565922379493713, 0.8575379252433777, 0.85792475938797, 0.8580823540687561, 0.8586268424987793, 0.8583115935325623, 0.8594291806221008, 0.8591712713241577, 0.8599593043327332, 0.8601025938987732, 0.8605037927627563, 0.8610195517539978, 0.8609765768051147, 0.8612344861030579, 0.8618219494819641, 0.8618935942649841, 0.8623663783073425, 0.8621515035629272, 0.8621228337287903, 0.8629681468009949], "lr": [3.12499992105586e-06, 3.12499992105586e-06, 3.12499992105586e-06, 3.12499992105586e-06, 3.12499992105586e-06, 3.12499992105586e-06, 3.12499992105586e-06, 3.12499992105586e-06, 3.12499992105586e-06, 3.12499992105586e-06, 3.12499992105586e-06, 3.12499992105586e-06, 3.12499992105586e-06, 3.12499992105586e-06, 3.12499992105586e-06, 3.12499992105586e-06, 3.12499992105586e-06, 3.12499992105586e-06, 3.12499992105586e-06, 3.12499992105586e-06, 3.12499992105586e-06, 3.12499992105586e-06, 3.12499992105586e-06, 3.12499992105586e-06, 3.12499992105586e-06, 3.12499992105586e-06, 3.12499992105586e-06, 3.12499992105586e-06, 3.12499992105586e-06, 3.12499992105586e-06, 3.12499992105586e-06, 3.12499992105586e-06, 3.12499992105586e-06, 3.12499992105586e-06, 3.12499992105586e-06, 3.12499992105586e-06, 3.12499992105586e-06, 3.12499992105586e-06, 3.12499992105586e-06, 3.12499992105586e-06, 3.12499992105586e-06, 3.12499992105586e-06, 3.12499992105586e-06, 3.12499992105586e-06, 3.12499992105586e-06, 3.12499992105586e-06, 3.12499992105586e-06, 3.12499992105586e-06, 3.12499992105586e-06, 3.12499992105586e-06]}