{"loss": [0.521403968334198, 0.3861263692378998, 0.3664911687374115, 0.35537782311439514, 0.3466402292251587, 0.3403933346271515, 0.33414676785469055, 0.32978692650794983, 0.32472655177116394, 0.3203897178173065, 0.31630733609199524, 0.31333011388778687, 0.3094947338104248, 0.3060894310474396, 0.30254149436950684, 0.2997035086154938, 0.2966347336769104, 0.2840863764286041, 0.2790641188621521, 0.2764247953891754, 0.2732011377811432, 0.2659263014793396, 0.2628431022167206], "accuracy": [0.8245048522949219, 0.8589622974395752, 0.8649435043334961, 0.8676944971084595, 0.8705123066902161, 0.8719069361686707, 0.8735594153404236, 0.8749763369560242, 0.8764234781265259, 0.8778514862060547, 0.8795358538627625, 0.880304753780365, 0.8809638619422913, 0.8819222450256348, 0.8830302953720093, 0.8837466835975647, 0.884537935256958, 0.8885529637336731, 0.8899889588356018, 0.8909664750099182, 0.8921859264373779, 0.894277811050415, 0.8950913548469543], "val_loss": [0.3975740373134613, 0.3668607175350189, 0.35452091693878174, 0.34103381633758545, 0.34072062373161316, 0.3289901316165924, 0.329935759305954, 0.32398200035095215, 0.3256167769432068, 0.32314419746398926, 0.32574835419654846, 0.32007718086242676, 0.3212989866733551, 0.31956467032432556, 0.3204248249530792, 0.3208957314491272, 0.32279643416404724, 0.31699177622795105, 0.31923815608024597, 0.3194749653339386, 0.3217659592628479, 0.3217872381210327, 0.3247562646865845], "val_accuracy": [0.856019139289856, 0.8658910393714905, 0.867065966129303, 0.8719804286956787, 0.8714646100997925, 0.8755623698234558, 0.8750035762786865, 0.877639889717102, 0.8773676753044128, 0.8765653371810913, 0.8774106502532959, 0.879359245300293, 0.8796601295471191, 0.87945955991745, 0.8787145018577576, 0.8799037337303162, 0.8792446255683899, 0.8823537826538086, 0.8814511299133301, 0.8822964429855347, 0.8819239735603333, 0.8822964429855347, 0.8815800547599792], "lr": [0.0010000000474974513, 0.0010000000474974513, 0.0010000000474974513, 0.0010000000474974513, 0.0010000000474974513, 0.0010000000474974513, 0.0010000000474974513, 0.0010000000474974513, 0.0010000000474974513, 0.0010000000474974513, 0.0010000000474974513, 0.0010000000474974513, 0.0010000000474974513, 0.0010000000474974513, 0.0010000000474974513, 0.0010000000474974513, 0.0010000000474974513, 0.0005000000237487257, 0.0005000000237487257, 0.0005000000237487257, 0.0005000000237487257, 0.0002500000118743628, 0.0002500000118743628]}