{"loss": [0.4828558564186096, 0.3826732337474823, 0.36415722966194153, 0.3532291352748871, 0.34525638818740845, 0.33943411707878113, 0.3344345986843109, 0.32951807975769043, 0.3256527781486511, 0.32160720229148865], "accuracy": [0.8337209820747375, 0.8600703477859497, 0.8651249408721924, 0.868420422077179, 0.8709357976913452, 0.872513473033905, 0.8737775087356567, 0.8752580881118774, 0.8760716319084167, 0.8775044083595276], "val_loss": [0.37265563011169434, 0.3551698625087738, 0.34769511222839355, 0.3350400924682617, 0.3357589542865753, 0.32905295491218567, 0.3274999260902405, 0.32190847396850586, 0.32443976402282715, 0.3228655755519867], "val_accuracy": [0.8604034781455994, 0.8677250146865845, 0.8704186677932739, 0.8731123208999634, 0.8735994696617126, 0.875791609287262, 0.8765653371810913, 0.8786285519599915, 0.8772387504577637, 0.8770524859428406], "lr": [0.0005000000237487257, 0.0005000000237487257, 0.0005000000237487257, 0.0005000000237487257, 0.0005000000237487257, 0.0005000000237487257, 0.0005000000237487257, 0.0005000000237487257, 0.0005000000237487257, 0.0005000000237487257]}