{"loss": [0.913676381111145, 0.4811703562736511, 0.42770659923553467, 0.40237292647361755, 0.3856562376022339, 0.37414154410362244, 0.36543455719947815, 0.3594292998313904, 0.35300710797309875, 0.3475482761859894, 0.343619167804718, 0.3406601548194885, 0.33717623353004456, 0.3345409631729126, 0.3316801190376282, 0.32925260066986084, 0.3264838755130768, 0.3242851495742798, 0.32230913639068604, 0.3203127086162567, 0.31917643547058105, 0.31705474853515625, 0.3146378695964813, 0.31334927678108215, 0.307066410779953, 0.30465197563171387, 0.3038853406906128, 0.30313360691070557, 0.3021150529384613, 0.30112868547439575, 0.29983940720558167, 0.29880061745643616, 0.29811957478523254, 0.29654568433761597, 0.29358240962028503, 0.29274317622184753, 0.29195311665534973, 0.2910560965538025, 0.2908681631088257, 0.29038164019584656, 0.2894055247306824, 0.2882194519042969, 0.28746411204338074], "accuracy": [0.7376798391342163, 0.8340807557106018, 0.8481605052947998, 0.8549568057060242, 0.8592982292175293, 0.8627528548240662, 0.8652173280715942, 0.866573691368103, 0.8688072562217712, 0.8701000213623047, 0.8710345029830933, 0.8719705939292908, 0.8731550574302673, 0.8737122416496277, 0.8749667406082153, 0.8751546144485474, 0.8762149214744568, 0.876593828201294, 0.8773404359817505, 0.8777098059654236, 0.8781698942184448, 0.8789356350898743, 0.8792445063591003, 0.8795915246009827, 0.8814128041267395, 0.882404625415802, 0.8826497793197632, 0.8828026652336121, 0.8828599452972412, 0.8833932876586914, 0.8837578296661377, 0.8839823007583618, 0.8842545747756958, 0.8848085403442383, 0.8854947090148926, 0.8856889605522156, 0.8861172199249268, 0.8861697316169739, 0.8864467740058899, 0.8863798975944519, 0.8866091370582581, 0.8874497413635254, 0.8874879479408264], "val_loss": [0.44080278277397156, 0.3916006088256836, 0.3766339421272278, 0.3611155152320862, 0.35268139839172363, 0.3485364615917206, 0.34294041991233826, 0.3382050096988678, 0.339009165763855, 0.33532100915908813, 0.3313138782978058, 0.3276306986808777, 0.3289478123188019, 0.33204612135887146, 0.3267138600349426, 0.32521042227745056, 0.3233467936515808, 0.3234943151473999, 0.32356497645378113, 0.32030972838401794, 0.32006585597991943, 0.32012781500816345, 0.3215920627117157, 0.32004398107528687, 0.3156319856643677, 0.31544041633605957, 0.3157593309879303, 0.31636518239974976, 0.31484952569007874, 0.31507477164268494, 0.3143267333507538, 0.31522971391677856, 0.3148210942745209, 0.3148190975189209, 0.3138010501861572, 0.3133653402328491, 0.31406933069229126, 0.3131091892719269, 0.3142583668231964, 0.3136054575443268, 0.31387266516685486, 0.3132258355617523, 0.31331866979599], "val_accuracy": [0.8445281982421875, 0.8585838079452515, 0.8628965020179749, 0.8661919236183167, 0.8693010807037354, 0.8696736097335815, 0.8717368245124817, 0.8735564947128296, 0.8734991550445557, 0.8739433288574219, 0.876006543636322, 0.8762500882148743, 0.8753904104232788, 0.8746167421340942, 0.8758775591850281, 0.8770810961723328, 0.8777115345001221, 0.8780984282493591, 0.8777831792831421, 0.8790153861045837, 0.8783419728279114, 0.8792159557342529, 0.8785998821258545, 0.8781986832618713, 0.8808350563049316, 0.88109290599823, 0.8806487917900085, 0.8798463940620422, 0.8812505602836609, 0.8808780312538147, 0.8810356259346008, 0.8806774020195007, 0.8816516995429993, 0.8819812536239624, 0.8820528984069824, 0.8823537826538086, 0.8813937902450562, 0.8819239735603333, 0.8818953037261963, 0.8823967576026917, 0.8819382786750793, 0.8821675181388855, 0.8823108077049255], "lr": [9.999999747378752e-05, 9.999999747378752e-05, 9.999999747378752e-05, 9.999999747378752e-05, 9.999999747378752e-05, 9.999999747378752e-05, 9.999999747378752e-05, 9.999999747378752e-05, 9.999999747378752e-05, 9.999999747378752e-05, 9.999999747378752e-05, 9.999999747378752e-05, 9.999999747378752e-05, 9.999999747378752e-05, 9.999999747378752e-05, 9.999999747378752e-05, 9.999999747378752e-05, 9.999999747378752e-05, 9.999999747378752e-05, 9.999999747378752e-05, 9.999999747378752e-05, 9.999999747378752e-05, 9.999999747378752e-05, 9.999999747378752e-05, 4.999999873689376e-05, 4.999999873689376e-05, 4.999999873689376e-05, 4.999999873689376e-05, 4.999999873689376e-05, 4.999999873689376e-05, 4.999999873689376e-05, 4.999999873689376e-05, 4.999999873689376e-05, 4.999999873689376e-05, 2.499999936844688e-05, 2.499999936844688e-05, 2.499999936844688e-05, 2.499999936844688e-05, 2.499999936844688e-05, 2.499999936844688e-05, 2.499999936844688e-05, 1.249999968422344e-05, 1.249999968422344e-05]}