{"loss": [2.3967225551605225, 1.3896052837371826, 1.1072214841842651, 0.9568927884101868, 0.8621955513954163, 0.7972732186317444, 0.7507564425468445, 0.7151809334754944, 0.6858189105987549, 0.6611591577529907], "accuracy": [0.4281725287437439, 0.6271721124649048, 0.6844414472579956, 0.7175632119178772, 0.7388420104980469, 0.7536747455596924, 0.7647583484649658, 0.7738646268844604, 0.7811592221260071, 0.7863411903381348], "val_loss": [1.164971947669983, 0.8512824177742004, 0.709839403629303, 0.6318812370300293, 0.5828675627708435, 0.5489982962608337, 0.5254620313644409, 0.5069696307182312, 0.49173545837402344, 0.4821450114250183], "val_accuracy": [0.6838266849517822, 0.7439178228378296, 0.7772301435470581, 0.7952545881271362, 0.8078917860984802, 0.8172479271888733, 0.8226781487464905, 0.8277215957641602, 0.8320915699005127, 0.8342550992965698], "lr": [0.0010000000474974513, 0.0010000000474974513, 0.0010000000474974513, 0.0010000000474974513, 0.0010000000474974513, 0.0010000000474974513, 0.0010000000474974513, 0.0010000000474974513, 0.0010000000474974513, 0.0010000000474974513]}