{"loss": [0.6060134768486023, 0.4020388722419739, 0.3751530945301056, 0.3617035746574402, 0.35119208693504333, 0.3446964621543884, 0.33873260021209717, 0.334015816450119, 0.32947731018066406, 0.3257914185523987, 0.3217228651046753, 0.319145530462265, 0.3161439597606659, 0.31225934624671936, 0.3102159798145294, 0.30730530619621277, 0.30495917797088623, 0.30200904607772827, 0.29984429478645325, 0.29706865549087524, 0.29531756043434143, 0.2930528223514557, 0.2903987169265747, 0.2803911566734314, 0.2765706777572632, 0.2744007110595703, 0.2725481390953064, 0.2666792869567871, 0.2640424966812134], "accuracy": [0.8059070110321045, 0.8548835515975952, 0.8623071312904358, 0.8660865426063538, 0.8691447973251343, 0.8706651329994202, 0.8726902008056641, 0.874304473400116, 0.8753743171691895, 0.8763502240180969, 0.8771812319755554, 0.878188967704773, 0.8790487051010132, 0.880516529083252, 0.8807330131530762, 0.8816293478012085, 0.8820400834083557, 0.8829315900802612, 0.8837180137634277, 0.8846254944801331, 0.8850219249725342, 0.8857812881469727, 0.8867778778076172, 0.8899746537208557, 0.890699028968811, 0.8915666341781616, 0.8921047449111938, 0.8937476873397827, 0.894749104976654], "val_loss": [0.3879481256008148, 0.3701532483100891, 0.35387179255485535, 0.34194284677505493, 0.33815649151802063, 0.33307409286499023, 0.3322603404521942, 0.32772183418273926, 0.32605546712875366, 0.3256968855857849, 0.3231533467769623, 0.31908735632896423, 0.32247087359428406, 0.3221530616283417, 0.31807246804237366, 0.32141223549842834, 0.31792810559272766, 0.31860512495040894, 0.3182465732097626, 0.31696492433547974, 0.31832292675971985, 0.31946346163749695, 0.32026639580726624, 0.3158300817012787, 0.31751883029937744, 0.31821924448013306, 0.3195345997810364, 0.319094717502594, 0.31995582580566406], "val_accuracy": [0.8586698174476624, 0.8644869327545166, 0.8677536845207214, 0.872295618057251, 0.8730120062828064, 0.8749462962150574, 0.8749319314956665, 0.8768948912620544, 0.8766942620277405, 0.8766942620277405, 0.8780697584152222, 0.8783706426620483, 0.8791300058364868, 0.8771241307258606, 0.8787718415260315, 0.8782130479812622, 0.8802762627601624, 0.8796887993812561, 0.8807777166366577, 0.8818379640579224, 0.8801186084747314, 0.8808063864707947, 0.8810213208198547, 0.883098840713501, 0.8821818232536316, 0.8827835917472839, 0.8815514445304871, 0.8827263116836548, 0.8830845355987549], "lr": [0.0004000000000000001, 0.0004000000000000001, 0.0004000000000000001, 0.0004000000000000001, 0.0004000000000000001, 0.0004000000000000001, 0.0004000000000000001, 0.0004000000000000001, 0.0004000000000000001, 0.0004000000000000001, 0.0004000000000000001, 0.0004000000000000001, 0.0004000000000000001, 0.0004000000000000001, 0.0004000000000000001, 0.0004000000000000001, 0.0004000000000000001, 0.0004000000000000001, 0.0004000000000000001, 0.0004000000000000001, 0.0004000000000000001, 0.0004000000000000001, 0.0004000000000000001, 0.00020000000000000004, 0.00020000000000000004, 0.00020000000000000004, 0.00020000000000000004, 0.00010000000000000002, 0.00010000000000000002]}