{"loss": [0.6436802744865417, 0.44321003556251526, 0.41420242190361023, 0.39799532294273376, 0.3861793577671051, 0.37804171442985535, 0.37057963013648987, 0.36519908905029297, 0.35986843705177307, 0.35488614439964294], "accuracy": [0.7913862466812134, 0.842658519744873, 0.8504864573478699, 0.8555713295936584, 0.858589768409729, 0.8612786531448364, 0.8633562326431274, 0.8646218776702881, 0.8661804795265198, 0.8676881194114685], "val_loss": [0.4180074632167816, 0.3991044759750366, 0.38729143142700195, 0.38349950313568115, 0.358185738325119, 0.35703518986701965, 0.3459814190864563, 0.34634077548980713, 0.34283408522605896, 0.3409869968891144], "val_accuracy": [0.8483823537826538, 0.8553314208984375, 0.8554316759109497, 0.859658420085907, 0.8681978583335876, 0.8671232461929321, 0.8699887990951538, 0.8695446848869324, 0.8716794848442078, 0.870533287525177], "lr": [0.0005000000237487257, 0.0005000000237487257, 0.0005000000237487257, 0.0005000000237487257, 0.0005000000237487257, 0.0005000000237487257, 0.0005000000237487257, 0.0005000000237487257, 0.0005000000237487257, 0.0005000000237487257]}