{"loss": [0.6575155854225159], "accuracy": [0.7953774333000183], "val_loss": [0.46608808636665344], "val_accuracy": [0.8376078009605408], "lr": [0.0010000000474974513]}