{"loss": [0.5720099210739136, 0.40055525302886963, 0.37892067432403564, 0.3658563196659088, 0.35661250352859497, 0.3488920331001282, 0.3428401052951813, 0.33747968077659607, 0.33341652154922485, 0.3286226689815521], "accuracy": [0.8125329613685608, 0.8549774885177612, 0.8611592650413513, 0.8649307489395142, 0.8678250312805176, 0.8696048855781555, 0.8718910217285156, 0.8731662034988403, 0.8743458986282349, 0.8758519291877747], "val_loss": [0.4032711088657379, 0.36323073506355286, 0.3563569486141205, 0.3471210300922394, 0.3399645686149597, 0.334335058927536, 0.3347018361091614, 0.33108779788017273, 0.3295806050300598, 0.3264155387878418], "val_accuracy": [0.8512622714042664, 0.8654612302780151, 0.8678539991378784, 0.8697595596313477, 0.8714789152145386, 0.8747313618659973, 0.874029278755188, 0.8755623698234558, 0.8762071132659912, 0.8762644529342651], "lr": [0.0010000000474974513, 0.0010000000474974513, 0.0010000000474974513, 0.0010000000474974513, 0.0010000000474974513, 0.0010000000474974513, 0.0010000000474974513, 0.0010000000474974513, 0.0010000000474974513, 0.0010000000474974513]}