{"loss": [0.5717848539352417, 0.4005834460258484, 0.37904995679855347, 0.36585262417793274, 0.3572074770927429, 0.34932222962379456, 0.3435545265674591, 0.3381645381450653, 0.33357009291648865, 0.3292144536972046, 0.3250022530555725, 0.32227823138237, 0.3184325695037842, 0.31502267718315125, 0.3124520778656006, 0.3099905252456665, 0.3073904514312744, 0.3040931522846222, 0.30215907096862793, 0.3000463545322418, 0.2888911962509155, 0.2842290997505188, 0.28173327445983887, 0.279516339302063, 0.27346673607826233, 0.27093055844306946], "accuracy": [0.8126475811004639, 0.8547530174255371, 0.8609952926635742, 0.8650867342948914, 0.8675814270973206, 0.8698595762252808, 0.8716092109680176, 0.8731439113616943, 0.8743172287940979, 0.8757834434509277, 0.8768103122711182, 0.8774757981300354, 0.8784230351448059, 0.8798924684524536, 0.8802920579910278, 0.8810084462165833, 0.8818283081054688, 0.88254314661026, 0.8833726048469543, 0.8836145401000977, 0.8871105909347534, 0.8887567520141602, 0.8892439007759094, 0.8898249864578247, 0.8916574120521545, 0.892257571220398], "val_loss": [0.405863881111145, 0.3687782883644104, 0.3531773090362549, 0.344203382730484, 0.3432464003562927, 0.33769240975379944, 0.33112213015556335, 0.330367773771286, 0.33066001534461975, 0.328372061252594, 0.3278789818286896, 0.32405075430870056, 0.3261319398880005, 0.32449764013290405, 0.31995683908462524, 0.3213317096233368, 0.31870776414871216, 0.3205992877483368, 0.32262444496154785, 0.319083571434021, 0.3146197199821472, 0.31803610920906067, 0.3185369372367859, 0.318960964679718, 0.31886357069015503, 0.3186931014060974], "val_accuracy": [0.8504599332809448, 0.8638135194778442, 0.8682981133460999, 0.8715792298316956, 0.8714789152145386, 0.8733845353126526, 0.8750752210617065, 0.8770667910575867, 0.8749749064445496, 0.8757056593894958, 0.8769091963768005, 0.8772530555725098, 0.8777545094490051, 0.877912163734436, 0.8787001967430115, 0.8791300058364868, 0.8803192377090454, 0.8808780312538147, 0.87945955991745, 0.8805341720581055, 0.8826546669006348, 0.8829125761985779, 0.8822678327560425, 0.883170485496521, 0.883098840713501, 0.8835286498069763], "lr": [0.0010000000474974513, 0.0010000000474974513, 0.0010000000474974513, 0.0010000000474974513, 0.0010000000474974513, 0.0010000000474974513, 0.0010000000474974513, 0.0010000000474974513, 0.0010000000474974513, 0.0010000000474974513, 0.0010000000474974513, 0.0010000000474974513, 0.0010000000474974513, 0.0010000000474974513, 0.0010000000474974513, 0.0010000000474974513, 0.0010000000474974513, 0.0010000000474974513, 0.0010000000474974513, 0.0010000000474974513, 0.0005000000237487257, 0.0005000000237487257, 0.0005000000237487257, 0.0005000000237487257, 0.0002500000118743628, 0.0002500000118743628]}