{"loss": [0.5848556756973267, 0.38916251063346863, 0.37014341354370117, 0.35934293270111084, 0.3580259084701538, 0.3531035780906677, 0.3370426893234253, 0.33073359727859497, 0.32449766993522644, 0.29634156823158264, 0.28815048933029175, 0.2819784879684448, 0.27547675371170044, 0.2538175582885742, 0.24355286359786987], "accuracy": [0.8123307228088379, 0.8572254180908203, 0.8622179627418518, 0.8658668398857117, 0.866689920425415, 0.8676546812057495, 0.8720788359642029, 0.8739749193191528, 0.8759633898735046, 0.884426474571228, 0.8869529962539673, 0.8887662887573242, 0.8910142183303833, 0.8987720608711243, 0.902328610420227], "val_loss": [0.44831332564353943, 0.4360521137714386, 0.3992776572704315, 0.3952729105949402, 1.0115253925323486, 0.3679439127445221, 0.37001296877861023, 0.3848501443862915, 0.3746664226055145, 0.33125704526901245, 0.35352882742881775, 0.3431132137775421, 0.382229208946228, 0.35021770000457764, 0.3525782525539398], "val_accuracy": [0.8371206521987915, 0.8444708585739136, 0.8538842797279358, 0.8554030656814575, 0.7192595601081848, 0.8642147183418274, 0.8648594617843628, 0.8571080565452576, 0.8626099824905396, 0.8753904104232788, 0.8706908822059631, 0.8733271956443787, 0.8638564944267273, 0.8744447827339172, 0.8758775591850281], "lr": [0.0010000000474974513, 0.0010000000474974513, 0.0010000000474974513, 0.0010000000474974513, 0.0010000000474974513, 0.0010000000474974513, 0.0010000000474974513, 0.0010000000474974513, 0.0010000000474974513, 0.0005000000237487257, 0.0005000000237487257, 0.0005000000237487257, 0.0005000000237487257, 0.0002500000118743628, 0.0002500000118743628]}