{"loss": [0.535554051399231, 0.39160946011543274, 0.37072139978408813, 0.359098881483078, 0.35007452964782715, 0.34357625246047974, 0.3372642397880554, 0.3329332768917084, 0.32810041308403015, 0.3251979649066925, 0.320815771818161, 0.31832534074783325, 0.315447062253952, 0.31238165497779846, 0.31027886271476746, 0.30775734782218933, 0.30608034133911133, 0.30317726731300354, 0.2927935719490051, 0.28926923871040344, 0.28678715229034424, 0.2847612202167511, 0.28331074118614197, 0.2772711217403412, 0.2746284604072571, 0.2736363708972931, 0.2704136073589325, 0.26910895109176636, 0.2678414583206177, 0.26689857244491577, 0.26637789607048035, 0.2657296359539032, 0.26446130871772766, 0.264506995677948, 0.2644294202327728, 0.2638412415981293, 0.2641470730304718, 0.26310059428215027, 0.26345282793045044, 0.26288315653800964, 0.2632986903190613, 0.2631852626800537, 0.2626453936100006, 0.2625226676464081, 0.2627493441104889, 0.26274052262306213, 0.26269400119781494, 0.26307588815689087, 0.26256904006004333, 0.2628863453865051], "accuracy": [0.8216185569763184, 0.8575820326805115, 0.8634103536605835, 0.8666102886199951, 0.8691973090171814, 0.8710345029830933, 0.8729879260063171, 0.8740195035934448, 0.8757038712501526, 0.8762595057487488, 0.8772146701812744, 0.878524899482727, 0.8790518641471863, 0.8799784183502197, 0.8805722594261169, 0.8810227513313293, 0.8816245794296265, 0.8827596306800842, 0.8857924342155457, 0.8869147896766663, 0.8875101804733276, 0.8882489204406738, 0.888344407081604, 0.890383780002594, 0.8910476565361023, 0.8916797041893005, 0.8927463293075562, 0.8928864002227783, 0.8935216069221497, 0.8938686847686768, 0.8940597176551819, 0.8940533399581909, 0.8945309519767761, 0.894666314125061, 0.8946694731712341, 0.8950372338294983, 0.8948748707771301, 0.8950372338294983, 0.8949178457260132, 0.8952856063842773, 0.8949050903320312, 0.8951900601387024, 0.8950881958007812, 0.8952203392982483, 0.8951470851898193, 0.8952457904815674, 0.8951773047447205, 0.8951661586761475, 0.8952012062072754, 0.8953397274017334], "val_loss": [0.37240540981292725, 0.3609248101711273, 0.3414760231971741, 0.33859536051750183, 0.3347330689430237, 0.3332718014717102, 0.3262932002544403, 0.3221896290779114, 0.32286250591278076, 0.3231245279312134, 0.32124555110931396, 0.3186101019382477, 0.32236552238464355, 0.32060959935188293, 0.3183577358722687, 0.3211820125579834, 0.3197847902774811, 0.31935665011405945, 0.3171621263027191, 0.31632986664772034, 0.31719744205474854, 0.31870970129966736, 0.31929275393486023, 0.3175843358039856, 0.3188408315181732, 0.3194677233695984, 0.31874358654022217, 0.31946027278900146, 0.31941184401512146, 0.3197563588619232, 0.3197988271713257, 0.3199380338191986, 0.31987378001213074, 0.32017505168914795, 0.3200776278972626, 0.32042452692985535, 0.32021623849868774, 0.3203226327896118, 0.32043319940567017, 0.32039034366607666, 0.3204037845134735, 0.32039541006088257, 0.320607453584671, 0.32058173418045044, 0.32053694128990173, 0.3206211030483246, 0.3205261528491974, 0.3205777108669281, 0.320637047290802, 0.3207271993160248], "val_accuracy": [0.863326370716095, 0.8675387501716614, 0.8727111220359802, 0.8718657493591309, 0.8735994696617126, 0.872438907623291, 0.877625584602356, 0.8781700730323792, 0.8785998821258545, 0.8772530555725098, 0.8787145018577576, 0.8783562779426575, 0.8791873455047607, 0.8788864612579346, 0.8800899982452393, 0.8800183534622192, 0.8798320889472961, 0.8806630969047546, 0.8818666338920593, 0.8821532130241394, 0.88116455078125, 0.8814511299133301, 0.881193220615387, 0.8821245431900024, 0.8824254274368286, 0.8820385932922363, 0.8824684023857117, 0.8821818232536316, 0.8819955587387085, 0.8825113773345947, 0.8826976418495178, 0.8827835917472839, 0.8824684023857117, 0.8827263116836548, 0.8825400471687317, 0.8826546669006348, 0.8825113773345947, 0.8824827075004578, 0.8825113773345947, 0.8825687170028687, 0.8825400471687317, 0.8824254274368286, 0.8824827075004578, 0.8825113773345947, 0.8824111223220825, 0.8826116919517517, 0.8824254274368286, 0.8823108077049255, 0.8825113773345947, 0.8824827075004578], "lr": [0.0010000000474974513, 0.0010000000474974513, 0.0010000000474974513, 0.0010000000474974513, 0.0010000000474974513, 0.0010000000474974513, 0.0010000000474974513, 0.0010000000474974513, 0.0010000000474974513, 0.0010000000474974513, 0.0010000000474974513, 0.0010000000474974513, 0.0010000000474974513, 0.0010000000474974513, 0.0010000000474974513, 0.0010000000474974513, 0.0010000000474974513, 0.0010000000474974513, 0.0005000000237487257, 0.0005000000237487257, 0.0005000000237487257, 0.0005000000237487257, 0.0005000000237487257, 0.0002500000118743628, 0.0002500000118743628, 0.0002500000118743628, 0.0001250000059371814, 0.0001250000059371814, 0.0001250000059371814, 6.25000029685907e-05, 6.25000029685907e-05, 6.25000029685907e-05, 3.125000148429535e-05, 3.125000148429535e-05, 3.125000148429535e-05, 1.5625000742147677e-05, 1.5625000742147677e-05, 1.5625000742147677e-05, 7.812500371073838e-06, 7.812500371073838e-06, 7.812500371073838e-06, 3.906250185536919e-06, 3.906250185536919e-06, 3.906250185536919e-06, 1.9531250927684596e-06, 1.9531250927684596e-06, 1.9531250927684596e-06, 9.999999974752427e-07, 9.999999974752427e-07, 9.999999974752427e-07]}