{"loss": [0.5520886778831482, 0.39996621012687683, 0.37945082783699036, 0.3675520122051239, 0.35895243287086487, 0.3529297113418579, 0.3479006290435791, 0.34363487362861633, 0.3395822048187256, 0.33541738986968994], "accuracy": [0.8156182765960693, 0.8556636571884155, 0.8617498874664307, 0.8651249408721924, 0.8680717945098877, 0.8699646592140198, 0.8712796568870544, 0.8723288178443909, 0.8738332390785217, 0.874619722366333], "val_loss": [0.39846453070640564, 0.39925795793533325, 0.39718154072761536, 0.3562302589416504, 0.4337543249130249, 0.3569886088371277, 0.3388001620769501, 0.33822181820869446, 0.34207040071487427, 0.3389480412006378], "val_accuracy": [0.8551021814346313, 0.8579820394515991, 0.8552024364471436, 0.8662635684013367, 0.8372209668159485, 0.8668797016143799, 0.8735134601593018, 0.8733415603637695, 0.8734561800956726, 0.874201238155365], "lr": [0.0010000000474974513, 0.0010000000474974513, 0.0010000000474974513, 0.0010000000474974513, 0.0010000000474974513, 0.0010000000474974513, 0.0010000000474974513, 0.0010000000474974513, 0.0010000000474974513, 0.0010000000474974513]}