{"loss": [0.5194835066795349, 0.39258596301078796, 0.3713754713535309, 0.35957738757133484, 0.3519388437271118, 0.3458012044429779, 0.3397497236728668, 0.33485308289527893, 0.3297511041164398, 0.3247974216938019, 0.3203721046447754, 0.31757503747940063, 0.31378301978111267, 0.3101082146167755, 0.2898595631122589, 0.2839467227458954, 0.28068962693214417, 0.2771226167678833, 0.2644050419330597, 0.2605806589126587], "accuracy": [0.8224129676818848, 0.8571426272392273, 0.8633466958999634, 0.8669924139976501, 0.8691543340682983, 0.8711634278297424, 0.872730016708374, 0.8742631077766418, 0.8758376240730286, 0.8768628239631653, 0.8780282139778137, 0.8788433074951172, 0.8797873854637146, 0.8811103105545044, 0.8871726989746094, 0.8889636993408203, 0.8893266916275024, 0.8904538154602051, 0.8945023417472839, 0.8955864906311035], "val_loss": [0.42483118176460266, 0.3967473804950714, 0.3923501968383789, 0.35396888852119446, 0.367571085691452, 0.35062214732170105, 0.34149184823036194, 0.3348051905632019, 0.33533406257629395, 0.3338989019393921, 0.3322150707244873, 0.3416110873222351, 0.3376569449901581, 0.33959853649139404, 0.32728311419487, 0.33331894874572754, 0.33023789525032043, 0.33616766333580017, 0.33830147981643677, 0.33724018931388855], "val_accuracy": [0.8446284532546997, 0.85948646068573, 0.8516921401023865, 0.8694730401039124, 0.8626672625541687, 0.8702467083930969, 0.8719087839126587, 0.8753904104232788, 0.8746883869171143, 0.8767945766448975, 0.8774679899215698, 0.8727540969848633, 0.8758059144020081, 0.8752041459083557, 0.8786285519599915, 0.8798320889472961, 0.8801902532577515, 0.8803908824920654, 0.8808636665344238, 0.8816373944282532], "lr": [0.009999999776482582, 0.009999999776482582, 0.009999999776482582, 0.009999999776482582, 0.009999999776482582, 0.009999999776482582, 0.009999999776482582, 0.009999999776482582, 0.009999999776482582, 0.009999999776482582, 0.009999999776482582, 0.009999999776482582, 0.009999999776482582, 0.009999999776482582, 0.004999999888241291, 0.004999999888241291, 0.004999999888241291, 0.004999999888241291, 0.0024999999441206455, 0.0024999999441206455]}