{"loss": [0.5222275853157043, 0.3856832981109619, 0.3658108115196228, 0.35389503836631775, 0.34627389907836914, 0.33961349725723267, 0.33329349756240845, 0.32823464274406433, 0.3234316408634186, 0.31933116912841797, 0.31550824642181396, 0.31201258301734924, 0.30846163630485535, 0.3050398826599121, 0.3017798960208893, 0.28870466351509094, 0.28421396017074585, 0.28044456243515015, 0.27829599380493164, 0.270180344581604, 0.2670383155345917], "accuracy": [0.8243392705917358, 0.858562707901001, 0.8646202683448792, 0.8682914972305298, 0.870585560798645, 0.8720979690551758, 0.8742949366569519, 0.8752565383911133, 0.8770857453346252, 0.8782176375389099, 0.8792222142219543, 0.880194902420044, 0.8812934160232544, 0.882455587387085, 0.8834203481674194, 0.8875373005867004, 0.8888936638832092, 0.8898520469665527, 0.89033442735672, 0.8927925229072571, 0.8939450979232788], "val_loss": [0.3892536759376526, 0.36569979786872864, 0.36151641607284546, 0.337563157081604, 0.33918166160583496, 0.3273358941078186, 0.3275364637374878, 0.3233342468738556, 0.32615968585014343, 0.32226303219795227, 0.32442140579223633, 0.31812071800231934, 0.3250673711299896, 0.3250007927417755, 0.3203731179237366, 0.3154289424419403, 0.31611600518226624, 0.3203333616256714, 0.320983350276947, 0.3189461827278137, 0.32220232486724854], "val_accuracy": [0.8583689332008362, 0.8665644526481628, 0.8635126352310181, 0.8739146590232849, 0.8719804286956787, 0.8764650225639343, 0.8759921789169312, 0.8782130479812622, 0.8766226172447205, 0.8775539398193359, 0.8782416582107544, 0.8800326585769653, 0.8785425424575806, 0.876035213470459, 0.8786571621894836, 0.8824397325515747, 0.8822104930877686, 0.8818953037261963, 0.881293535232544, 0.8829125761985779, 0.8824397325515747], "lr": [0.001, 0.001, 0.001, 0.001, 0.001, 0.001, 0.001, 0.001, 0.001, 0.001, 0.001, 0.001, 0.001, 0.001, 0.001, 0.0005, 0.0005, 0.0005, 0.0005, 0.00025, 0.00025]}