{"loss": [0.5817886590957642, 0.3968179523944855, 0.37191149592399597, 0.35960426926612854, 0.35026055574417114, 0.3435308635234833, 0.3376528024673462, 0.33257248997688293, 0.32811304926872253, 0.32447975873947144, 0.3205329179763794, 0.31730398535728455, 0.3145788908004761, 0.31112807989120483, 0.30837202072143555, 0.30576467514038086, 0.30339565873146057, 0.30048802495002747, 0.2974105179309845, 0.2950219511985779, 0.2843078672885895, 0.2799411714076996, 0.2777419090270996, 0.27510926127433777, 0.2687276303768158, 0.2667500972747803], "accuracy": [0.8109138607978821, 0.8561826348304749, 0.8630410432815552, 0.8665227293968201, 0.8693405985832214, 0.8710663318634033, 0.872651994228363, 0.8745051026344299, 0.8753823041915894, 0.8763406872749329, 0.8778228163719177, 0.878443717956543, 0.8795469999313354, 0.880354106426239, 0.8812153935432434, 0.8823186755180359, 0.8826577663421631, 0.8832404613494873, 0.884260892868042, 0.8849359154701233, 0.888704240322113, 0.8897469639778137, 0.8900908827781677, 0.8909887671470642, 0.8932382464408875, 0.8931968808174133], "val_loss": [0.40928900241851807, 0.36488842964172363, 0.3597330152988434, 0.34359174966812134, 0.3369714021682739, 0.3344183564186096, 0.33350446820259094, 0.3247426152229309, 0.3286556005477905, 0.3217809498310089, 0.3250551223754883, 0.31866228580474854, 0.32157424092292786, 0.32167133688926697, 0.317953497171402, 0.3205510079860687, 0.3156634569168091, 0.31776633858680725, 0.31841740012168884, 0.31849807500839233, 0.31485515832901, 0.31757327914237976, 0.3202449679374695, 0.3186846673488617, 0.3183158338069916, 0.31876426935195923], "val_accuracy": [0.8512479662895203, 0.8656474947929382, 0.864988386631012, 0.87043297290802, 0.8726108074188232, 0.8738430142402649, 0.874201238155365, 0.8774393200874329, 0.8750752210617065, 0.8779407739639282, 0.877525269985199, 0.879287600517273, 0.8786571621894836, 0.8783706426620483, 0.8799610137939453, 0.8797747492790222, 0.881193220615387, 0.8806630969047546, 0.8815944194793701, 0.8810499310493469, 0.8816660642623901, 0.8823680877685547, 0.8813937902450562, 0.8822534680366516, 0.8824397325515747, 0.882926881313324], "lr": [0.0005, 0.0005, 0.0005, 0.0005, 0.0005, 0.0005, 0.0005, 0.0005, 0.0005, 0.0005, 0.0005, 0.0005, 0.0005, 0.0005, 0.0005, 0.0005, 0.0005, 0.0005, 0.0005, 0.0005, 0.00025, 0.00025, 0.00025, 0.00025, 0.000125, 0.000125]}