{"loss": [0.5705674290657043, 0.4020873010158539, 0.3801102042198181, 0.3660707175731659, 0.35675790905952454, 0.34947922825813293, 0.3430963456630707, 0.338006854057312, 0.332832932472229, 0.328915536403656, 0.32454654574394226, 0.32127007842063904, 0.3179874122142792, 0.31475040316581726, 0.3117576539516449, 0.30875664949417114, 0.30692586302757263, 0.3044421970844269, 0.2919716238975525, 0.2877320647239685, 0.28540125489234924, 0.28273481130599976, 0.27650171518325806, 0.27368244528770447], "accuracy": [0.8125026822090149, 0.8543359041213989, 0.8604428768157959, 0.864429235458374, 0.8676960468292236, 0.8696271777153015, 0.8718336820602417, 0.8729783296585083, 0.874326765537262, 0.8751450777053833, 0.8764839768409729, 0.8777177333831787, 0.8786554336547852, 0.8797571063041687, 0.880393922328949, 0.8814350962638855, 0.8815592527389526, 0.882398247718811, 0.8861299157142639, 0.8873717188835144, 0.8880897164344788, 0.8888506889343262, 0.890671968460083, 0.8917497396469116], "val_loss": [0.39459261298179626, 0.3757942318916321, 0.3525841236114502, 0.3452347218990326, 0.352803498506546, 0.3381378948688507, 0.33074575662612915, 0.32990723848342896, 0.3384559750556946, 0.32725292444229126, 0.328208327293396, 0.32387274503707886, 0.3238906264305115, 0.32111603021621704, 0.319958359003067, 0.3247533440589905, 0.3219486176967621, 0.32413870096206665, 0.3167961537837982, 0.31881919503211975, 0.31883227825164795, 0.32115641236305237, 0.31782740354537964, 0.31821465492248535], "val_accuracy": [0.8547009825706482, 0.8606327176094055, 0.87028968334198, 0.8702180981636047, 0.8676820397377014, 0.8709344863891602, 0.8754334449768066, 0.8754764199256897, 0.8710777163505554, 0.8753331303596497, 0.877525269985199, 0.8777831792831421, 0.8791443109512329, 0.8783133029937744, 0.8790153861045837, 0.8786428570747375, 0.8804625272750854, 0.8784852623939514, 0.8816803693771362, 0.881365180015564, 0.8808206915855408, 0.8806487917900085, 0.8817090392112732, 0.8819525837898254], "lr": [0.0010000000474974513, 0.0010000000474974513, 0.0010000000474974513, 0.0010000000474974513, 0.0010000000474974513, 0.0010000000474974513, 0.0010000000474974513, 0.0010000000474974513, 0.0010000000474974513, 0.0010000000474974513, 0.0010000000474974513, 0.0010000000474974513, 0.0010000000474974513, 0.0010000000474974513, 0.0010000000474974513, 0.0010000000474974513, 0.0010000000474974513, 0.0010000000474974513, 0.0005000000237487257, 0.0005000000237487257, 0.0005000000237487257, 0.0005000000237487257, 0.0002500000118743628, 0.0002500000118743628]}