{"loss": [0.5618098974227905, 0.3923901617527008, 0.36985650658607483, 0.3571268916130066, 0.3487964868545532, 0.3416973948478699, 0.3367530405521393, 0.33154502511024475, 0.32719576358795166, 0.32283511757850647, 0.31878945231437683, 0.31577157974243164, 0.31294509768486023, 0.30929383635520935, 0.306822270154953, 0.2945348620414734, 0.2907930314540863, 0.28757718205451965, 0.28502824902534485, 0.2834084630012512, 0.27594664692878723, 0.27341896295547485], "accuracy": [0.8152425289154053, 0.8574849367141724, 0.8636841773986816, 0.8669891953468323, 0.8694552183151245, 0.8716888427734375, 0.8732426166534424, 0.8750750422477722, 0.8759617805480957, 0.8769901990890503, 0.8781014084815979, 0.8790932297706604, 0.8799911737442017, 0.8812313079833984, 0.8818776607513428, 0.8856968879699707, 0.8865517973899841, 0.8872857093811035, 0.8881979584693909, 0.888339638710022, 0.8909171223640442, 0.8917019963264465], "val_loss": [0.39146578311920166, 0.36866486072540283, 0.3705397844314575, 0.3411140739917755, 0.3369097411632538, 0.3316386342048645, 0.3349420726299286, 0.327337384223938, 0.32538682222366333, 0.32242581248283386, 0.3251487612724304, 0.31954964995384216, 0.3237941563129425, 0.32237353920936584, 0.31970441341400146, 0.3153492212295532, 0.31491124629974365, 0.31643202900886536, 0.31754207611083984, 0.3176363408565521, 0.31646406650543213, 0.316793829202652], "val_accuracy": [0.8581969738006592, 0.8641287088394165, 0.8606756925582886, 0.8710634112358093, 0.8727254271507263, 0.8743875026702881, 0.8737283945083618, 0.8764650225639343, 0.8773676753044128, 0.8784709572792053, 0.8764936923980713, 0.8786715269088745, 0.8792016506195068, 0.8774679899215698, 0.8789150714874268, 0.8813508152961731, 0.8821532130241394, 0.8817949891090393, 0.8823394775390625, 0.8818666338920593, 0.8821532130241394, 0.8818236589431763], "lr": [0.0006000000000000001, 0.0006000000000000001, 0.0006000000000000001, 0.0006000000000000001, 0.0006000000000000001, 0.0006000000000000001, 0.0006000000000000001, 0.0006000000000000001, 0.0006000000000000001, 0.0006000000000000001, 0.0006000000000000001, 0.0006000000000000001, 0.0006000000000000001, 0.0006000000000000001, 0.0006000000000000001, 0.00030000000000000003, 0.00030000000000000003, 0.00030000000000000003, 0.00030000000000000003, 0.00030000000000000003, 0.00015000000000000001, 0.00015000000000000001]}