{"loss": [0.551702082157135, 0.40003183484077454, 0.3791540861129761, 0.3672759234905243, 0.35835015773773193, 0.3522755205631256, 0.34743037819862366, 0.34316012263298035, 0.3396025002002716, 0.33488282561302185, 0.3327140510082245, 0.32050567865371704, 0.31692251563072205, 0.3145208954811096, 0.3133869469165802, 0.31119540333747864, 0.310284286737442, 0.308432012796402, 0.3021426498889923, 0.2997417747974396], "accuracy": [0.8158220052719116, 0.8558912873268127, 0.8619107007980347, 0.8655738830566406, 0.8681688904762268, 0.8698644042015076, 0.8712462186813354, 0.8722699284553528, 0.8736422061920166, 0.874509871006012, 0.8754045963287354, 0.8793638944625854, 0.8799147605895996, 0.8808731436729431, 0.8811532855033875, 0.8815242648124695, 0.8819206357002258, 0.8826736807823181, 0.8840794563293457, 0.8850855827331543], "val_loss": [0.40182673931121826, 0.3892207741737366, 0.412302702665329, 0.3506963849067688, 0.39771854877471924, 0.34832173585891724, 0.34670743346214294, 0.3343244791030884, 0.3381851613521576, 0.34119051694869995, 0.33842766284942627, 0.32450559735298157, 0.32946813106536865, 0.3258829116821289, 0.3203476071357727, 0.32279765605926514, 0.3231871724128723, 0.3296571373939514, 0.32303446531295776, 0.3205375671386719], "val_accuracy": [0.8545576930046082, 0.8612201809883118, 0.8486116528511047, 0.8696306347846985, 0.8554030656814575, 0.8708484768867493, 0.8715075850486755, 0.8751611709594727, 0.8744734525680542, 0.874100923538208, 0.8752471804618835, 0.8779551386833191, 0.877811849117279, 0.8778691291809082, 0.8806630969047546, 0.8803908824920654, 0.8812791705131531, 0.8787574768066406, 0.8807920217514038, 0.8818809390068054], "lr": [0.0010000000474974513, 0.0010000000474974513, 0.0010000000474974513, 0.0010000000474974513, 0.0010000000474974513, 0.0010000000474974513, 0.0010000000474974513, 0.0010000000474974513, 0.0010000000474974513, 0.0010000000474974513, 0.0010000000474974513, 0.0005000000237487257, 0.0005000000237487257, 0.0005000000237487257, 0.0005000000237487257, 0.0005000000237487257, 0.0005000000237487257, 0.0005000000237487257, 0.0002500000118743628, 0.0002500000118743628]}