{"loss": [2.802119731903076, 1.9556125402450562, 1.6881866455078125, 1.5257316827774048, 1.3974775075912476, 1.3082188367843628, 1.2324072122573853, 1.1661508083343506, 1.1069482564926147, 1.045133113861084], "accuracy": [0.5468361377716064, 0.6284361481666565, 0.6484445333480835, 0.6637246608734131, 0.6765864491462708, 0.6801732778549194, 0.6878435611724854, 0.6958131790161133, 0.7044275403022766, 0.7183640003204346], "val_loss": [1.9442533254623413, 1.429929256439209, 1.1458383798599243, 0.9735742211341858, 0.8419625163078308, 0.7582972049713135, 0.6910359263420105, 0.6462751626968384, 0.6045070886611938, 0.5660526156425476], "val_accuracy": [0.7254778146743774, 0.7781041264533997, 0.7882626056671143, 0.7873169779777527, 0.7997392416000366, 0.7993667125701904, 0.807519257068634, 0.8139525055885315, 0.8277932405471802, 0.832750678062439], "lr": [0.0005000000237487257, 0.0005000000237487257, 0.0005000000237487257, 0.0005000000237487257, 0.0005000000237487257, 0.0005000000237487257, 0.0005000000237487257, 0.0005000000237487257, 0.0005000000237487257, 0.0005000000237487257]}