{"loss": [0.5765537619590759, 0.40290558338165283, 0.38019564747810364, 0.36683374643325806, 0.357888787984848, 0.350431352853775, 0.34368449449539185, 0.3383421301841736, 0.33336806297302246, 0.32940688729286194], "accuracy": [0.8105126619338989, 0.8542022109031677, 0.860660970211029, 0.8644833564758301, 0.8672168850898743, 0.8690970540046692, 0.8713226318359375, 0.8726997375488281, 0.8741325736045837, 0.8752565383911133], "val_loss": [0.3829033076763153, 0.3622540235519409, 0.3542620539665222, 0.34945741295814514, 0.3445500135421753, 0.3374234437942505, 0.33154764771461487, 0.3310397267341614, 0.3313308656215668, 0.3309052884578705], "val_accuracy": [0.8585122227668762, 0.8664068579673767, 0.8687852621078491, 0.8672808408737183, 0.8701320886611938, 0.8731123208999634, 0.8754907250404358, 0.8763217329978943, 0.8750895261764526, 0.8736567497253418], "lr": [0.0010000000474974513, 0.0010000000474974513, 0.0010000000474974513, 0.0010000000474974513, 0.0010000000474974513, 0.0010000000474974513, 0.0010000000474974513, 0.0010000000474974513, 0.0010000000474974513, 0.0010000000474974513]}