{"loss": [0.2123020440340042, 0.1178460344672203, 0.09984979033470154, 0.08999601751565933, 0.0836237221956253, 0.07886451482772827, 0.07556115090847015, 0.07301810383796692, 0.07061288505792618, 0.06871464848518372, 0.06732402741909027, 0.06596884876489639, 0.06488387286663055, 0.06364999711513519, 0.0626922994852066, 0.06190034747123718, 0.06111612170934677, 0.06072008237242699, 0.05984881892800331, 0.05930124223232269, 0.05875254049897194, 0.05833091959357262, 0.057885777205228806, 0.057426173239946365, 0.05699741840362549, 0.05657215788960457, 0.05629238858819008, 0.05595402419567108, 0.055612556636333466, 0.05516788363456726, 0.054999690502882004, 0.05469681695103645, 0.054230790585279465, 0.053809650242328644, 0.05378895252943039, 0.053663432598114014, 0.05347108840942383, 0.053370896726846695, 0.053256407380104065, 0.05311712622642517, 0.05303218215703964, 0.052770763635635376, 0.05287078022956848, 0.052707213908433914, 0.05248381569981575, 0.05236860737204552, 0.05222155153751373, 0.05218275263905525, 0.05198008567094803, 0.05203903466463089], "accuracy": [0.7039371728897095, 0.788913905620575, 0.8097787499427795, 0.820844829082489, 0.8291105031967163, 0.8356871008872986, 0.8397976756095886, 0.8438987135887146, 0.846714973449707, 0.8494405150413513, 0.8510929942131042, 0.8534809947013855, 0.8551653623580933, 0.8569483757019043, 0.8581758141517639, 0.8596452474594116, 0.8607039451599121, 0.8612404465675354, 0.8625204563140869, 0.8633578419685364, 0.8642461895942688, 0.8646696209907532, 0.8653128147125244, 0.8662950992584229, 0.8666978478431702, 0.8671467900276184, 0.8681259155273438, 0.8680638074874878, 0.8689314723014832, 0.8694838881492615, 0.8699439764022827, 0.8698022961616516, 0.8709740042686462, 0.8710551857948303, 0.8714150190353394, 0.8715264201164246, 0.8723463416099548, 0.8723001480102539, 0.8724179863929749, 0.8726758360862732, 0.8729990720748901, 0.8735323548316956, 0.8732983469963074, 0.8729926943778992, 0.8734098076820374, 0.8736628890037537, 0.8737934827804565, 0.8740179538726807, 0.8743554353713989, 0.8743013143539429], "val_loss": [0.09157028049230576, 0.07683160901069641, 0.07135748863220215, 0.068168044090271, 0.06565173715353012, 0.06294173747301102, 0.06176640838384628, 0.061039745807647705, 0.059753742069005966, 0.05937594920396805, 0.057754892855882645, 0.05733393877744675, 0.0569448359310627, 0.05738705396652222, 0.05589277297258377, 0.055642254650592804, 0.054981350898742676, 0.05472073331475258, 0.054795339703559875, 0.05436604842543602, 0.05394717678427696, 0.05392450839281082, 0.05379851534962654, 0.053528979420661926, 0.05367525294423103, 0.05319441854953766, 0.05295572429895401, 0.05281936004757881, 0.05232600122690201, 0.052622441202402115, 0.05233300104737282, 0.0523599311709404, 0.051981762051582336, 0.05175973102450371, 0.0517534576356411, 0.05170753598213196, 0.051650673151016235, 0.05164589732885361, 0.05159444361925125, 0.05153484269976616, 0.05132487788796425, 0.05147010087966919, 0.05139445886015892, 0.05145741626620293, 0.05118221044540405, 0.05116093158721924, 0.0510798804461956, 0.051017578691244125, 0.050970595329999924, 0.05104702711105347], "val_accuracy": [0.8266756534576416, 0.8438261151313782, 0.8516061305999756, 0.8550305366516113, 0.8586554527282715, 0.8611341714859009, 0.8624237179756165, 0.863426685333252, 0.8654325604438782, 0.8657764196395874, 0.8684414029121399, 0.8685417175292969, 0.8684700727462769, 0.8679399490356445, 0.87043297290802, 0.8714359402656555, 0.8718227744102478, 0.872438907623291, 0.8719947338104248, 0.8731123208999634, 0.8741582632064819, 0.8736280798912048, 0.8735421299934387, 0.8728544116020203, 0.8732412457466125, 0.8754334449768066, 0.8748746514320374, 0.8746740221977234, 0.8756483197212219, 0.8752471804618835, 0.8754190802574158, 0.8746454119682312, 0.8769235014915466, 0.8770381212234497, 0.8769951462745667, 0.8767372369766235, 0.8769664764404297, 0.8766512870788574, 0.8767516016960144, 0.8771097660064697, 0.877625584602356, 0.8777831792831421, 0.8772817254066467, 0.8765509724617004, 0.8779694437980652, 0.8781414031982422, 0.8781843781471252, 0.8785139322280884, 0.8788148164749146, 0.8787145018577576], "lr": [2.499999936844688e-05, 2.499999936844688e-05, 2.499999936844688e-05, 2.499999936844688e-05, 2.499999936844688e-05, 2.499999936844688e-05, 2.499999936844688e-05, 2.499999936844688e-05, 2.499999936844688e-05, 2.499999936844688e-05, 2.499999936844688e-05, 2.499999936844688e-05, 2.499999936844688e-05, 2.499999936844688e-05, 2.499999936844688e-05, 2.499999936844688e-05, 2.499999936844688e-05, 2.499999936844688e-05, 2.499999936844688e-05, 2.499999936844688e-05, 2.499999936844688e-05, 2.499999936844688e-05, 2.499999936844688e-05, 2.499999936844688e-05, 2.499999936844688e-05, 2.499999936844688e-05, 2.499999936844688e-05, 2.499999936844688e-05, 2.499999936844688e-05, 2.499999936844688e-05, 2.499999936844688e-05, 2.499999936844688e-05, 1.249999968422344e-05, 1.249999968422344e-05, 1.249999968422344e-05, 1.249999968422344e-05, 1.249999968422344e-05, 1.249999968422344e-05, 1.249999968422344e-05, 1.249999968422344e-05, 1.249999968422344e-05, 1.249999968422344e-05, 1.249999968422344e-05, 1.249999968422344e-05, 6.24999984211172e-06, 6.24999984211172e-06, 6.24999984211172e-06, 6.24999984211172e-06, 6.24999984211172e-06, 6.24999984211172e-06]}