{"loss": [0.9263916611671448, 0.4844742715358734, 0.42943939566612244, 0.4022098779678345, 0.3861616253852844, 0.3744802474975586, 0.36548054218292236, 0.3586328625679016, 0.3526438772678375, 0.34770357608795166, 0.34389185905456543, 0.33999553322792053, 0.3370979130268097, 0.3343709111213684, 0.3316386044025421, 0.32357969880104065, 0.32195594906806946, 0.32028377056121826, 0.31844139099121094, 0.3169592320919037, 0.31562119722366333, 0.31418392062187195, 0.3134516775608063, 0.3127371668815613, 0.311216801404953, 0.3076552152633667, 0.3064418137073517, 0.3058573603630066, 0.30529966950416565, 0.30464762449264526, 0.3041413128376007, 0.3028886914253235, 0.3010643720626831, 0.3006907105445862, 0.3003557324409485, 0.2997761368751526, 0.29911714792251587, 0.299338161945343, 0.2989691495895386, 0.2974875867366791, 0.29753854870796204, 0.2975655198097229, 0.2971765995025635, 0.2968430817127228, 0.2968311607837677, 0.2968413829803467, 0.29653090238571167, 0.2963433563709259, 0.2964944541454315, 0.2958950996398926], "accuracy": [0.7358044385910034, 0.8331255912780762, 0.8476144671440125, 0.8553006649017334, 0.8595975041389465, 0.8627656102180481, 0.8650437593460083, 0.8669096231460571, 0.8688247799873352, 0.8700363039970398, 0.8709374070167542, 0.872249186038971, 0.8731263875961304, 0.8738730549812317, 0.8745623826980591, 0.8769695162773132, 0.8773754835128784, 0.8778116703033447, 0.8780393600463867, 0.8791362643241882, 0.8792651891708374, 0.8796934485435486, 0.8797125220298767, 0.8802076578140259, 0.880333423614502, 0.8814000487327576, 0.8819366097450256, 0.8818872570991516, 0.8820782899856567, 0.8822804689407349, 0.8825192451477051, 0.8828185796737671, 0.8833693861961365, 0.8835604190826416, 0.8832850456237793, 0.8840125799179077, 0.8842641115188599, 0.8835333585739136, 0.8841972351074219, 0.8845522403717041, 0.8848308324813843, 0.884506106376648, 0.884576141834259, 0.8845968246459961, 0.8846254944801331, 0.884537935256958, 0.884517252445221, 0.8846397995948792, 0.8845618367195129, 0.8847910761833191], "val_loss": [0.4323931038379669, 0.3944242000579834, 0.3700065314769745, 0.3559180498123169, 0.3512689769268036, 0.34900468587875366, 0.3418869376182556, 0.33577123284339905, 0.33769911527633667, 0.3334713876247406, 0.3292742073535919, 0.3269376754760742, 0.327119916677475, 0.33097970485687256, 0.3287169635295868, 0.32245826721191406, 0.3190949857234955, 0.31919562816619873, 0.32138341665267944, 0.318391889333725, 0.3180188238620758, 0.3174210488796234, 0.3185431659221649, 0.3187936544418335, 0.3179048001766205, 0.3150395154953003, 0.31494247913360596, 0.3150298595428467, 0.3142707943916321, 0.3149716854095459, 0.3144319951534271, 0.3143913149833679, 0.31342336535453796, 0.3136739134788513, 0.3136533796787262, 0.3133213520050049, 0.31386661529541016, 0.31348714232444763, 0.3136758804321289, 0.3132133185863495, 0.31324243545532227, 0.3136041760444641, 0.3134487271308899, 0.31302890181541443, 0.31310001015663147, 0.31321075558662415, 0.3129228949546814, 0.3129400312900543, 0.3131472170352936, 0.3131907880306244], "val_accuracy": [0.846949577331543, 0.8584691882133484, 0.8644295930862427, 0.8680975437164307, 0.8702753782272339, 0.8697309494018555, 0.8712067008018494, 0.8733988404273987, 0.8726537823677063, 0.8734561800956726, 0.8753187656402588, 0.8763360977172852, 0.8762214779853821, 0.874201238155365, 0.8754764199256897, 0.877768874168396, 0.8792589902877808, 0.8793736100196838, 0.8782703280448914, 0.8791443109512329, 0.8791443109512329, 0.8796601295471191, 0.8791013360023499, 0.8789294362068176, 0.8797891139984131, 0.8809066414833069, 0.8804911375045776, 0.8799180388450623, 0.8811502456665039, 0.8803765177726746, 0.8805198073387146, 0.8803479075431824, 0.8814224600791931, 0.8807777166366577, 0.881293535232544, 0.8805914521217346, 0.8808636665344238, 0.88130784034729, 0.8815370798110962, 0.8810786008834839, 0.8809210062026978, 0.8812791705131531, 0.8809782862663269, 0.8809066414833069, 0.8810642957687378, 0.88123619556427, 0.8813222050666809, 0.8813222050666809, 0.8811789155006409, 0.881336510181427], "lr": [0.0001, 0.0001, 0.0001, 0.0001, 0.0001, 0.0001, 0.0001, 0.0001, 0.0001, 0.0001, 0.0001, 0.0001, 0.0001, 0.0001, 0.0001, 5e-05, 5e-05, 5e-05, 5e-05, 5e-05, 5e-05, 5e-05, 5e-05, 5e-05, 5e-05, 2.5e-05, 2.5e-05, 2.5e-05, 2.5e-05, 2.5e-05, 2.5e-05, 2.5e-05, 1.25e-05, 1.25e-05, 1.25e-05, 1.25e-05, 1.25e-05, 1.25e-05, 1.25e-05, 6.25e-06, 6.25e-06, 6.25e-06, 6.25e-06, 3.125e-06, 3.125e-06, 3.125e-06, 3.125e-06, 3.125e-06, 3.125e-06, 3.125e-06]}