{"loss": [0.5525079369544983, 0.3999880254268646, 0.3789896070957184, 0.36729082465171814, 0.35850316286087036, 0.35259515047073364, 0.34792959690093994, 0.3431607186794281, 0.3391910791397095, 0.3348737955093384, 0.3324888348579407, 0.32031863927841187, 0.31672126054763794, 0.31468161940574646, 0.3133985102176666, 0.31146419048309326, 0.3103211224079132, 0.30829474329948425, 0.301583856344223, 0.2994445860385895, 0.2988288104534149, 0.2969442307949066, 0.29622969031333923, 0.2922298014163971, 0.29127469658851624], "accuracy": [0.8151741027832031, 0.8555888533592224, 0.8618677258491516, 0.8655102252960205, 0.8679491877555847, 0.8698436617851257, 0.8710950016975403, 0.8727045059204102, 0.8738619089126587, 0.8747550249099731, 0.8756322264671326, 0.8790900707244873, 0.8802124261856079, 0.8808380961418152, 0.8811565041542053, 0.8813204765319824, 0.8819811344146729, 0.8826386332511902, 0.884522020816803, 0.8850393891334534, 0.8850871920585632, 0.8856778144836426, 0.8855934143066406, 0.8870007395744324, 0.8871551752090454], "val_loss": [0.41144055128097534, 0.37943607568740845, 0.38431692123413086, 0.35798510909080505, 0.37251564860343933, 0.35395506024360657, 0.33758869767189026, 0.33152979612350464, 0.33488693833351135, 0.3351950943470001, 0.3362998068332672, 0.32464146614074707, 0.32549798488616943, 0.3280590772628784, 0.3229740262031555, 0.32486310601234436, 0.32299312949180603, 0.3304222524166107, 0.3232969045639038, 0.3226240575313568, 0.32526758313179016, 0.32449787855148315, 0.32410287857055664, 0.32259446382522583, 0.323294460773468], "val_accuracy": [0.850588858127594, 0.863082766532898, 0.8588703870773315, 0.8667793869972229, 0.8640284538269043, 0.8691291809082031, 0.8750178813934326, 0.8760924935340881, 0.8765509724617004, 0.875834584236145, 0.8766369819641113, 0.8786715269088745, 0.8785855770111084, 0.8764077425003052, 0.8795168399810791, 0.8795455098152161, 0.8808493614196777, 0.8780124187469482, 0.8800899982452393, 0.8817377090454102, 0.8805771470069885, 0.881479799747467, 0.8816087245941162, 0.8824397325515747, 0.8811359405517578], "lr": [0.0010000000474974513, 0.0010000000474974513, 0.0010000000474974513, 0.0010000000474974513, 0.0010000000474974513, 0.0010000000474974513, 0.0010000000474974513, 0.0010000000474974513, 0.0010000000474974513, 0.0010000000474974513, 0.0010000000474974513, 0.0005000000237487257, 0.0005000000237487257, 0.0005000000237487257, 0.0005000000237487257, 0.0005000000237487257, 0.0005000000237487257, 0.0005000000237487257, 0.0002500000118743628, 0.0002500000118743628, 0.0002500000118743628, 0.0002500000118743628, 0.0002500000118743628, 0.0001250000059371814, 0.0001250000059371814]}