{"loss": [0.5223491191864014, 0.4018559157848358, 0.3798031210899353, 0.3667389452457428, 0.3592362105846405, 0.35201239585876465, 0.346807062625885, 0.34272000193595886, 0.33828267455101013, 0.3347795903682709, 0.3316187262535095, 0.3293234705924988, 0.32629910111427307, 0.3238877058029175, 0.32171431183815, 0.31453821063041687, 0.312137633562088, 0.31013959646224976, 0.3088834285736084, 0.3068775534629822, 0.3061692416667938, 0.3047525882720947, 0.3035878837108612, 0.3034839928150177, 0.299003005027771, 0.29724857211112976, 0.2966044545173645, 0.295999675989151, 0.2951928377151489, 0.2941185235977173, 0.2943347096443176, 0.29204457998275757, 0.29141026735305786, 0.2912333607673645, 0.2905280888080597, 0.2902373671531677, 0.2894134819507599, 0.2892833948135376, 0.28887587785720825, 0.28821060061454773, 0.28791192173957825], "accuracy": [0.8249028325080872, 0.8557241559028625, 0.8614235520362854, 0.8652284741401672, 0.8671882152557373, 0.8689075708389282, 0.870818018913269, 0.8718495965003967, 0.8729130625724792, 0.8739686012268066, 0.8744223117828369, 0.8756035566329956, 0.876614511013031, 0.8772751688957214, 0.8779931664466858, 0.8797459602355957, 0.8804353475570679, 0.8810817003250122, 0.8814716935157776, 0.8818299174308777, 0.8820686936378479, 0.8823807835578918, 0.882587730884552, 0.8828217387199402, 0.8841080665588379, 0.88472580909729, 0.8847178220748901, 0.8852097392082214, 0.8853514194488525, 0.8857430815696716, 0.8855934143066406, 0.8860200643539429, 0.886316180229187, 0.886731743812561, 0.8866345882415771, 0.8866887092590332, 0.8871790766716003, 0.8872300386428833, 0.8872395753860474, 0.8874114751815796, 0.8873987793922424], "val_loss": [0.3775389492511749, 0.3562370538711548, 0.34684380888938904, 0.33923980593681335, 0.33788445591926575, 0.3349912166595459, 0.33060652017593384, 0.3268818259239197, 0.327594518661499, 0.32408908009529114, 0.3243856430053711, 0.3208061456680298, 0.32256510853767395, 0.3213038444519043, 0.32091256976127625, 0.3162304759025574, 0.3150429129600525, 0.3154301941394806, 0.3171110153198242, 0.3146723508834839, 0.31425315141677856, 0.3142051696777344, 0.3160129487514496, 0.31419312953948975, 0.31309056282043457, 0.31267595291137695, 0.3126433789730072, 0.31243956089019775, 0.3126235902309418, 0.3130180835723877, 0.31310826539993286, 0.31225690245628357, 0.3120937943458557, 0.31240540742874146, 0.3126528561115265, 0.3119049370288849, 0.31197717785835266, 0.3121053874492645, 0.3126397430896759, 0.31199565529823303, 0.3119393289089203], "val_accuracy": [0.8616786599159241, 0.8686850070953369, 0.870561957359314, 0.8722813129425049, 0.8735994696617126, 0.8735564947128296, 0.8755910396575928, 0.8770095109939575, 0.8768805265426636, 0.8770954608917236, 0.8783276677131653, 0.8785569071769714, 0.8781986832618713, 0.877697229385376, 0.8778834939002991, 0.8796887993812561, 0.8805914521217346, 0.8811215758323669, 0.8799467086791992, 0.8801902532577515, 0.8807203769683838, 0.8812505602836609, 0.88130784034729, 0.88130784034729, 0.8812075257301331, 0.8821388483047485, 0.8817520141601562, 0.8809926509857178, 0.8819812536239624, 0.8819812536239624, 0.8823394775390625, 0.8822534680366516, 0.8823967576026917, 0.8830845355987549, 0.8822104930877686, 0.8825687170028687, 0.8823394775390625, 0.8824827075004578, 0.8822534680366516, 0.8827979564666748, 0.8827835917472839], "lr": [0.0002500000118743628, 0.0002500000118743628, 0.0002500000118743628, 0.0002500000118743628, 0.0002500000118743628, 0.0002500000118743628, 0.0002500000118743628, 0.0002500000118743628, 0.0002500000118743628, 0.0002500000118743628, 0.0002500000118743628, 0.0002500000118743628, 0.0002500000118743628, 0.0002500000118743628, 0.0002500000118743628, 0.0001250000059371814, 0.0001250000059371814, 0.0001250000059371814, 0.0001250000059371814, 0.0001250000059371814, 0.0001250000059371814, 0.0001250000059371814, 0.0001250000059371814, 0.0001250000059371814, 6.25000029685907e-05, 6.25000029685907e-05, 6.25000029685907e-05, 6.25000029685907e-05, 6.25000029685907e-05, 6.25000029685907e-05, 6.25000029685907e-05, 3.125000148429535e-05, 3.125000148429535e-05, 3.125000148429535e-05, 3.125000148429535e-05, 3.125000148429535e-05, 3.125000148429535e-05, 3.125000148429535e-05, 3.125000148429535e-05, 1.5625000742147677e-05, 1.5625000742147677e-05]}