{"loss": [0.5348541140556335, 0.3891078531742096, 0.36815497279167175, 0.35579776763916016, 0.3469863831996918, 0.34003838896751404, 0.33386170864105225, 0.32836589217185974, 0.32309389114379883, 0.3184073865413666, 0.31453001499176025, 0.3105010688304901, 0.30665940046310425, 0.30310919880867004, 0.2997231185436249, 0.28564709424972534, 0.281526118516922, 0.27717673778533936, 0.2748241722583771, 0.26626694202423096, 0.2635321617126465, 0.26087719202041626, 0.25667768716812134, 0.2541172206401825, 0.25310081243515015, 0.2510000169277191, 0.24972371757030487, 0.2491258829832077, 0.24755457043647766, 0.24729034304618835, 0.2467816025018692, 0.2460375875234604, 0.24594256281852722, 0.24588681757450104, 0.24547603726387024, 0.24510760605335236, 0.24465756118297577, 0.24519889056682587, 0.24496214091777802, 0.24491438269615173, 0.24529580771923065, 0.24503962695598602, 0.24466216564178467, 0.2445322424173355, 0.24463117122650146, 0.24477525055408478, 0.24425429105758667, 0.2447548806667328, 0.24432003498077393, 0.24455584585666656], "accuracy": [0.8214274644851685, 0.8581344485282898, 0.8639309406280518, 0.8676244020462036, 0.87038654088974, 0.8719244599342346, 0.8741229772567749, 0.8759570121765137, 0.8772687911987305, 0.878459632396698, 0.8792285919189453, 0.8809033632278442, 0.8816595673561096, 0.8831465244293213, 0.8838342428207397, 0.888277530670166, 0.8888936638832092, 0.8903710246086121, 0.8911988735198975, 0.8940565586090088, 0.8948222994804382, 0.8955291509628296, 0.8971402645111084, 0.8976863622665405, 0.8982530832290649, 0.8989886045455933, 0.8994598388671875, 0.8995664715766907, 0.9000122547149658, 0.900180995464325, 0.9001300930976868, 0.9006187915802002, 0.9003545641899109, 0.9008066654205322, 0.9007413983345032, 0.9011601209640503, 0.9012253880500793, 0.9007955193519592, 0.9010455012321472, 0.9011425971984863, 0.9009690284729004, 0.9010232090950012, 0.9010375142097473, 0.9011569023132324, 0.9011935591697693, 0.9010565876960754, 0.9011537432670593, 0.9008384943008423, 0.9012651443481445, 0.9008719325065613], "val_loss": [0.3733673691749573, 0.3562699258327484, 0.3500728905200958, 0.3387393057346344, 0.3348917067050934, 0.32958051562309265, 0.33225154876708984, 0.32290711998939514, 0.32539457082748413, 0.32191863656044006, 0.3224538564682007, 0.31749391555786133, 0.32307231426239014, 0.32354021072387695, 0.31828880310058594, 0.31695103645324707, 0.3177008628845215, 0.31901443004608154, 0.3237045109272003, 0.32229551672935486, 0.3238326609134674, 0.32602131366729736, 0.32587650418281555, 0.3275678753852844, 0.32820647954940796, 0.32799702882766724, 0.3294605016708374, 0.33016741275787354, 0.3304460346698761, 0.33111706376075745, 0.3311760127544403, 0.3315245509147644, 0.3316006064414978, 0.3320232331752777, 0.33206707239151, 0.3324717879295349, 0.33226704597473145, 0.3323298394680023, 0.33244866132736206, 0.33237820863723755, 0.3323530852794647, 0.33242470026016235, 0.33267366886138916, 0.3326461911201477, 0.33260220289230347, 0.33268168568611145, 0.33252575993537903, 0.332724392414093, 0.3327639102935791, 0.3328758478164673], "val_accuracy": [0.861320436000824, 0.868484377861023, 0.8711350560188293, 0.8725535273551941, 0.8731552958488464, 0.8740149736404419, 0.8750752210617065, 0.8780553936958313, 0.8767802119255066, 0.8783133029937744, 0.8788577914237976, 0.8791729807853699, 0.8795168399810791, 0.8772243857383728, 0.8803479075431824, 0.8824254274368286, 0.8818666338920593, 0.8825543522834778, 0.881193220615387, 0.883070170879364, 0.8827835917472839, 0.8822964429855347, 0.8840014934539795, 0.8831131458282471, 0.8829412460327148, 0.883313775062561, 0.882926881313324, 0.883385419845581, 0.883213460445404, 0.8829555511474609, 0.883070170879364, 0.8829842209815979, 0.8833280801773071, 0.8829555511474609, 0.883027195930481, 0.8829555511474609, 0.883141815662384, 0.882926881313324, 0.8830845355987549, 0.883070170879364, 0.8831561207771301, 0.8830128908157349, 0.883098840713501, 0.883027195930481, 0.8829842209815979, 0.882998526096344, 0.8828266263008118, 0.882969856262207, 0.883027195930481, 0.8829125761985779], "lr": [0.0010000000474974513, 0.0010000000474974513, 0.0010000000474974513, 0.0010000000474974513, 0.0010000000474974513, 0.0010000000474974513, 0.0010000000474974513, 0.0010000000474974513, 0.0010000000474974513, 0.0010000000474974513, 0.0010000000474974513, 0.0010000000474974513, 0.0010000000474974513, 0.0010000000474974513, 0.0010000000474974513, 0.0005000000237487257, 0.0005000000237487257, 0.0005000000237487257, 0.0005000000237487257, 0.0002500000118743628, 0.0002500000118743628, 0.0002500000118743628, 0.0001250000059371814, 0.0001250000059371814, 0.0001250000059371814, 6.25000029685907e-05, 6.25000029685907e-05, 6.25000029685907e-05, 3.125000148429535e-05, 3.125000148429535e-05, 3.125000148429535e-05, 1.5625000742147677e-05, 1.5625000742147677e-05, 1.5625000742147677e-05, 7.812500371073838e-06, 7.812500371073838e-06, 7.812500371073838e-06, 3.906250185536919e-06, 3.906250185536919e-06, 3.906250185536919e-06, 1.9531250927684596e-06, 1.9531250927684596e-06, 1.9531250927684596e-06, 9.999999974752427e-07, 9.999999974752427e-07, 9.999999974752427e-07, 9.999999974752427e-07, 9.999999974752427e-07, 9.999999974752427e-07, 9.999999974752427e-07]}