{"loss": [0.5464940071105957, 0.41923263669013977, 0.39753055572509766, 0.3854200839996338, 0.3771112561225891, 0.36984920501708984, 0.36478134989738464, 0.35975340008735657, 0.35601547360420227, 0.35206684470176697], "accuracy": [0.8152297735214233, 0.8495566844940186, 0.8555744886398315, 0.8588652014732361, 0.8614473938941956, 0.8639468550682068, 0.8649960160255432, 0.8662680387496948, 0.8674795627593994, 0.8684825301170349], "val_loss": [0.4033195674419403, 0.3811253607273102, 0.37762871384620667, 0.36490264534950256, 0.3538605272769928, 0.3486342430114746, 0.35012108087539673, 0.34360644221305847, 0.34480780363082886, 0.3435996174812317], "val_accuracy": [0.8546436429023743, 0.8619365692138672, 0.859758734703064, 0.8646445274353027, 0.8679255843162537, 0.8706908822059631, 0.8694013953208923, 0.8714216351509094, 0.8720090389251709, 0.868627667427063], "lr": [0.0010000000474974513, 0.0010000000474974513, 0.0010000000474974513, 0.0010000000474974513, 0.0010000000474974513, 0.0010000000474974513, 0.0010000000474974513, 0.0010000000474974513, 0.0010000000474974513, 0.0010000000474974513]}