{"loss": [0.590824544429779, 0.3883398473262787, 0.3684867322444916, 0.3681901693344116, 0.3506734073162079, 0.34619253873825073, 0.33870387077331543, 0.3301107883453369, 0.3241821527481079, 0.31632229685783386, 0.30992451310157776, 0.3163372278213501, 0.301281213760376, 0.2815508544445038, 0.26859745383262634, 0.2625969350337982, 0.25625795125961304, 0.23478220403194427, 0.2236756533384323], "accuracy": [0.810562014579773, 0.8571362495422363, 0.8630935549736023, 0.8632702827453613, 0.8684952259063721, 0.8699917197227478, 0.8719403743743896, 0.8744732141494751, 0.8760636448860168, 0.87824946641922, 0.8801678419113159, 0.878454864025116, 0.8829363584518433, 0.8891006112098694, 0.8933035135269165, 0.8953970074653625, 0.8972899317741394, 0.9054521322250366, 0.9098635911941528], "val_loss": [0.44840091466903687, 0.4062471091747284, 0.4020098149776459, 0.4094477593898773, 0.39796265959739685, 0.5033990144729614, 0.3714714050292969, 0.3990305960178375, 0.3587311804294586, 0.352455735206604, 0.39167770743370056, 0.36429983377456665, 0.46399545669555664, 0.3358786702156067, 0.3422054350376129, 0.34478825330734253, 0.3543890118598938, 0.3630058169364929, 0.3826906979084015], "val_accuracy": [0.8379373550415039, 0.8546436429023743, 0.8556752800941467, 0.8509900569915771, 0.8557898998260498, 0.8270481824874878, 0.8631401062011719, 0.8509613871574402, 0.8693870306015015, 0.8696879148483276, 0.8555462956428528, 0.8655614852905273, 0.8585981726646423, 0.8759492039680481, 0.8744018077850342, 0.875863254070282, 0.8736424446105957, 0.8751898407936096, 0.874201238155365], "lr": [0.0010000000474974513, 0.0010000000474974513, 0.0010000000474974513, 0.0010000000474974513, 0.0010000000474974513, 0.0010000000474974513, 0.0010000000474974513, 0.0010000000474974513, 0.0010000000474974513, 0.0010000000474974513, 0.0010000000474974513, 0.0010000000474974513, 0.0010000000474974513, 0.0005000000237487257, 0.0005000000237487257, 0.0005000000237487257, 0.0005000000237487257, 0.0002500000118743628, 0.0002500000118743628]}