{"loss": [2.786198377609253, 1.9450359344482422, 1.679627776145935, 1.5214617252349854, 1.406050205230713, 1.3127127885818481, 1.2301242351531982, 1.1559641361236572, 1.0945444107055664, 1.0369712114334106], "accuracy": [0.5494613647460938, 0.6340161561965942, 0.6461090445518494, 0.6566975116729736, 0.6668513417243958, 0.6763779520988464, 0.6881142258644104, 0.7020920515060425, 0.713274359703064, 0.7242910265922546], "val_loss": [1.942809820175171, 1.4178916215896606, 1.1390938758850098, 0.9648910164833069, 0.8405988216400146, 0.7621231079101562, 0.6968558430671692, 0.6378558278083801, 0.5900958180427551, 0.553550124168396], "val_accuracy": [0.7442616820335388, 0.7668710947036743, 0.7794939279556274, 0.7801243662834167, 0.7897670269012451, 0.7962002754211426, 0.8098977208137512, 0.8194974064826965, 0.8386967182159424, 0.8461615443229675], "lr": [0.0005000000237487257, 0.0005000000237487257, 0.0005000000237487257, 0.0005000000237487257, 0.0005000000237487257, 0.0005000000237487257, 0.0005000000237487257, 0.0005000000237487257, 0.0005000000237487257, 0.0005000000237487257]}