{"loss": [3.207859754562378, 2.7375922203063965, 2.4546475410461426, 2.2323837280273438, 2.069106101989746, 1.9310786724090576, 1.8135038614273071, 1.706916093826294, 1.6125555038452148, 1.5282220840454102, 1.4531786441802979, 1.3848072290420532, 1.3210145235061646, 1.263920783996582, 1.2137421369552612, 1.1649574041366577, 1.1222870349884033, 1.078822135925293, 1.0436922311782837, 1.0076411962509155, 0.9754118919372559, 0.9454970359802246, 0.9177324175834656, 0.8928654193878174, 0.8696695566177368, 0.8450667262077332, 0.8249565958976746, 0.8059048652648926, 0.7876399755477905, 0.7695645689964294, 0.7530223727226257, 0.7390481233596802, 0.7262095808982849, 0.7115150094032288, 0.6992315649986267, 0.6873367428779602, 0.6771079897880554, 0.6659986972808838, 0.6559638977050781, 0.6470438838005066, 0.6377182006835938, 0.6291064620018005, 0.6209113597869873, 0.6147750616073608, 0.6067039966583252, 0.6008471250534058, 0.5934118032455444, 0.5867919921875, 0.5809256434440613, 0.5755782723426819], "accuracy": [0.22519928216934204, 0.3314579427242279, 0.4056105613708496, 0.45551368594169617, 0.4905012845993042, 0.5196446180343628, 0.5435263514518738, 0.5656759738922119, 0.5853786468505859, 0.6019737720489502, 0.6176232099533081, 0.6309897303581238, 0.6444724798202515, 0.6562644839286804, 0.6658515334129333, 0.6766151189804077, 0.6856131553649902, 0.6948723196983337, 0.7022863030433655, 0.7102447152137756, 0.7172989249229431, 0.7234297394752502, 0.7305651307106018, 0.7355911135673523, 0.7404833436012268, 0.7465122938156128, 0.7505576014518738, 0.754884660243988, 0.759202241897583, 0.7634719610214233, 0.7670826315879822, 0.7709193825721741, 0.7737070322036743, 0.7772237658500671, 0.7802597284317017, 0.7826222777366638, 0.7851933836936951, 0.7880557775497437, 0.7903912663459778, 0.7924354076385498, 0.7952691912651062, 0.7970777153968811, 0.7990915775299072, 0.8009924292564392, 0.8028391599655151, 0.8038532733917236, 0.8061282634735107, 0.8074146509170532, 0.808739185333252, 0.8098408579826355], "val_loss": [2.396259069442749, 2.0860435962677, 1.8243433237075806, 1.6509419679641724, 1.5208560228347778, 1.4149787425994873, 1.3178181648254395, 1.2352513074874878, 1.1621460914611816, 1.0965545177459717, 1.0375134944915771, 0.9859654903411865, 0.9399034976959229, 0.8974400758743286, 0.8582114577293396, 0.8246082067489624, 0.7921944260597229, 0.7645010352134705, 0.7377550601959229, 0.7194650769233704, 0.6928234696388245, 0.6705467104911804, 0.6564412117004395, 0.6364027857780457, 0.6197601556777954, 0.6076561212539673, 0.595140278339386, 0.5789438486099243, 0.5708489418029785, 0.5632173418998718, 0.5476033687591553, 0.542271077632904, 0.5321568846702576, 0.5268893241882324, 0.51749187707901, 0.512365996837616, 0.5028811693191528, 0.4962880611419678, 0.49101608991622925, 0.48824670910835266, 0.4792611300945282, 0.4757068157196045, 0.47169527411460876, 0.467887818813324, 0.4667484760284424, 0.461452841758728, 0.456407368183136, 0.45466306805610657, 0.45475924015045166, 0.44612306356430054], "val_accuracy": [0.4247356653213501, 0.4961314797401428, 0.5438289642333984, 0.5857810378074646, 0.6166002750396729, 0.6399260759353638, 0.6578502655029297, 0.6739404797554016, 0.68500155210495, 0.6971802711486816, 0.7083703279495239, 0.7175115346908569, 0.7269536256790161, 0.7344327569007874, 0.7424993515014648, 0.7494770288467407, 0.757343053817749, 0.7640198469161987, 0.7699372172355652, 0.7728171348571777, 0.7799094319343567, 0.7865002751350403, 0.7893085479736328, 0.7938647866249084, 0.7979195713996887, 0.8001547455787659, 0.8041521906852722, 0.8078058362007141, 0.8094678521156311, 0.8119179010391235, 0.8160586953163147, 0.8174484968185425, 0.8192538022994995, 0.8209158182144165, 0.8227068185806274, 0.8239820003509521, 0.8271054625511169, 0.8295125365257263, 0.8304725289344788, 0.8306301236152649, 0.8337249755859375, 0.8344986438751221, 0.8351434469223022, 0.8364759087562561, 0.836189329624176, 0.8378227353096008, 0.8395277261734009, 0.8402584791183472, 0.8394704461097717, 0.8423073887825012], "lr": [7.812500371073838e-06, 7.812500371073838e-06, 7.812500371073838e-06, 7.812500371073838e-06, 7.812500371073838e-06, 7.812500371073838e-06, 7.812500371073838e-06, 7.812500371073838e-06, 7.812500371073838e-06, 7.812500371073838e-06, 7.812500371073838e-06, 7.812500371073838e-06, 7.812500371073838e-06, 7.812500371073838e-06, 7.812500371073838e-06, 7.812500371073838e-06, 7.812500371073838e-06, 7.812500371073838e-06, 7.812500371073838e-06, 7.812500371073838e-06, 7.812500371073838e-06, 7.812500371073838e-06, 7.812500371073838e-06, 7.812500371073838e-06, 7.812500371073838e-06, 7.812500371073838e-06, 7.812500371073838e-06, 7.812500371073838e-06, 7.812500371073838e-06, 7.812500371073838e-06, 7.812500371073838e-06, 7.812500371073838e-06, 7.812500371073838e-06, 7.812500371073838e-06, 7.812500371073838e-06, 7.812500371073838e-06, 7.812500371073838e-06, 7.812500371073838e-06, 7.812500371073838e-06, 7.812500371073838e-06, 7.812500371073838e-06, 7.812500371073838e-06, 7.812500371073838e-06, 7.812500371073838e-06, 7.812500371073838e-06, 7.812500371073838e-06, 7.812500371073838e-06, 7.812500371073838e-06, 7.812500371073838e-06, 7.812500371073838e-06]}