{"loss": [1.5768845081329346, 0.8052065968513489, 0.6623512506484985, 0.5937251448631287, 0.5533542633056641, 0.5254654288291931, 0.5036597847938538, 0.4883180856704712, 0.4739369750022888, 0.464322566986084, 0.45464539527893066, 0.4480762779712677, 0.4411587417125702, 0.43542641401290894, 0.42978164553642273, 0.42502734065055847, 0.4215208888053894, 0.41748905181884766, 0.4140772521495819, 0.4101771414279938, 0.4071435034275055, 0.40499427914619446, 0.4017529785633087, 0.39913633465766907, 0.3965870141983032, 0.3950415551662445, 0.3938342034816742, 0.390749990940094, 0.38968899846076965, 0.38748499751091003, 0.3864079713821411, 0.3852982223033905, 0.38377636671066284, 0.38122832775115967, 0.37965574860572815, 0.3792380690574646, 0.3771268427371979, 0.37566086649894714, 0.3755006790161133, 0.37384089827537537, 0.3727756142616272, 0.3719722032546997, 0.37001657485961914, 0.36954134702682495, 0.3687961995601654, 0.3674522936344147, 0.3671245872974396, 0.3661682903766632, 0.3643987476825714, 0.3641410768032074], "accuracy": [0.5941601991653442, 0.7525651454925537, 0.7865163087844849, 0.8041287064552307, 0.8144831657409668, 0.8216471672058105, 0.8277923464775085, 0.8321082592010498, 0.8359625339508057, 0.8382868766784668, 0.8416284918785095, 0.842897355556488, 0.8447965979576111, 0.8462914824485779, 0.8480538725852966, 0.8495566844940186, 0.850472092628479, 0.8513094782829285, 0.8521166443824768, 0.8535096645355225, 0.8540939092636108, 0.8549202084541321, 0.8556063175201416, 0.8561046123504639, 0.8572826981544495, 0.8573862314224243, 0.8580293655395508, 0.8589957356452942, 0.8589734435081482, 0.8595083355903625, 0.8598522543907166, 0.8600592017173767, 0.860694408416748, 0.8613057136535645, 0.8619505167007446, 0.8618884086608887, 0.8623278141021729, 0.8629184365272522, 0.86263507604599, 0.8633801341056824, 0.8637239933013916, 0.8637717366218567, 0.8646107316017151, 0.864508867263794, 0.8649179935455322, 0.8650931119918823, 0.8648654818534851, 0.8653924465179443, 0.8657171726226807, 0.8662696480751038], "val_loss": [0.6830858588218689, 0.5185447335243225, 0.48037075996398926, 0.44730377197265625, 0.43189653754234314, 0.41766542196273804, 0.40603700280189514, 0.4045558273792267, 0.39279499650001526, 0.3917614221572876, 0.38162174820899963, 0.3844398260116577, 0.3782203793525696, 0.3821311295032501, 0.3738393187522888, 0.36960121989250183, 0.36860528588294983, 0.3659389913082123, 0.3641620874404907, 0.36471277475357056, 0.36131414771080017, 0.3617299795150757, 0.3606959283351898, 0.362628310918808, 0.359793484210968, 0.35840314626693726, 0.3594588339328766, 0.35664811730384827, 0.35448023676872253, 0.35371506214141846, 0.34980863332748413, 0.3513428866863251, 0.34885716438293457, 0.3495742082595825, 0.34896931052207947, 0.3477640748023987, 0.3466750383377075, 0.34464067220687866, 0.34422364830970764, 0.34671255946159363, 0.3428475260734558, 0.3423920273780823, 0.341595321893692, 0.3433254361152649, 0.34259095788002014, 0.34079673886299133, 0.3412271738052368, 0.3391713798046112, 0.3398013114929199, 0.3395112454891205], "val_accuracy": [0.7816144824028015, 0.8249562978744507, 0.8340975046157837, 0.8439980745315552, 0.8474797010421753, 0.8512192964553833, 0.8542138338088989, 0.8546436429023743, 0.8582399487495422, 0.8586554527282715, 0.8613491058349609, 0.8603318333625793, 0.8615067005157471, 0.859687089920044, 0.8629825115203857, 0.8645012378692627, 0.8642290234565735, 0.8661776185035706, 0.8657621145248413, 0.8657907843589783, 0.8666217923164368, 0.8664928078651428, 0.8663209080696106, 0.8661632537841797, 0.8666360974311829, 0.8675530552864075, 0.8662779331207275, 0.8673811554908752, 0.8687852621078491, 0.868670642375946, 0.8696879148483276, 0.8693010807037354, 0.8709917664527893, 0.8704186677932739, 0.8701034188270569, 0.8708914518356323, 0.8712496757507324, 0.8717941641807556, 0.8712926506996155, 0.8706908822059631, 0.872195303440094, 0.8724818825721741, 0.8727397918701172, 0.8717081546783447, 0.8718657493591309, 0.8730836510658264, 0.8726108074188232, 0.8735851049423218, 0.8730979561805725, 0.8725535273551941], "lr": [0.0010000000474974513, 0.0010000000474974513, 0.0010000000474974513, 0.0010000000474974513, 0.0010000000474974513, 0.0010000000474974513, 0.0010000000474974513, 0.0010000000474974513, 0.0010000000474974513, 0.0010000000474974513, 0.0010000000474974513, 0.0010000000474974513, 0.0010000000474974513, 0.0010000000474974513, 0.0010000000474974513, 0.0010000000474974513, 0.0010000000474974513, 0.0010000000474974513, 0.0010000000474974513, 0.0010000000474974513, 0.0010000000474974513, 0.0010000000474974513, 0.0010000000474974513, 0.0010000000474974513, 0.0010000000474974513, 0.0010000000474974513, 0.0010000000474974513, 0.0010000000474974513, 0.0010000000474974513, 0.0010000000474974513, 0.0010000000474974513, 0.0010000000474974513, 0.0010000000474974513, 0.0010000000474974513, 0.0010000000474974513, 0.0010000000474974513, 0.0010000000474974513, 0.0010000000474974513, 0.0010000000474974513, 0.0010000000474974513, 0.0010000000474974513, 0.0010000000474974513, 0.0010000000474974513, 0.0010000000474974513, 0.0010000000474974513, 0.0010000000474974513, 0.0010000000474974513, 0.0010000000474974513, 0.0010000000474974513, 0.0010000000474974513]}