{"loss": [2.3965914249420166, 1.3894577026367188, 1.1070842742919922, 0.956779420375824, 0.8620373606681824, 0.7971262335777283, 0.7505853176116943, 0.7150436043739319, 0.6856973767280579, 0.6610231399536133, 0.6412672400474548, 0.6257545351982117, 0.6109235286712646, 0.5980275869369507, 0.586687445640564, 0.5760484337806702, 0.5673706531524658, 0.5591533184051514, 0.5524221062660217, 0.5455971956253052, 0.5384689569473267, 0.5329593420028687, 0.5271176695823669, 0.5216951966285706, 0.5171024799346924, 0.51252681016922, 0.5086045265197754, 0.5045861005783081, 0.5007897615432739, 0.4970970153808594, 0.4940316081047058, 0.49100324511528015, 0.48810750246047974, 0.48576799035072327, 0.4809838831424713, 0.4802342653274536, 0.47700104117393494, 0.4747156500816345, 0.47211575508117676, 0.47024643421173096, 0.4669484794139862, 0.46589332818984985, 0.4631636440753937, 0.4622576832771301, 0.46004125475883484, 0.45799240469932556, 0.45600900053977966, 0.4550574719905853, 0.45243698358535767, 0.4513213336467743], "accuracy": [0.42838266491889954, 0.6272931098937988, 0.6844907999038696, 0.7176682949066162, 0.7388706803321838, 0.7537304759025574, 0.764876127243042, 0.7738773822784424, 0.7813438773155212, 0.7864159941673279, 0.792863667011261, 0.7958168387413025, 0.8000674843788147, 0.8029219508171082, 0.8065230846405029, 0.8091594576835632, 0.8108199238777161, 0.813053548336029, 0.8147076368331909, 0.8172835111618042, 0.8190633654594421, 0.8201570510864258, 0.8223317265510559, 0.8236722350120544, 0.8250349760055542, 0.8254600763320923, 0.8269597291946411, 0.8280884623527527, 0.8290054798126221, 0.8300195932388306, 0.830767810344696, 0.8315033316612244, 0.8320063948631287, 0.8332481384277344, 0.8343673348426819, 0.834819495677948, 0.8356823325157166, 0.8359705209732056, 0.8368699550628662, 0.8375195264816284, 0.8384636044502258, 0.8385607004165649, 0.8392357230186462, 0.8397164940834045, 0.8404058218002319, 0.8405013680458069, 0.8412400484085083, 0.8412272930145264, 0.8422907590866089, 0.8423480987548828], "val_loss": [1.1646431684494019, 0.8513746857643127, 0.70981365442276, 0.6317613124847412, 0.5827629566192627, 0.5490362644195557, 0.5252987146377563, 0.5067088603973389, 0.4914872348308563, 0.48207157850265503, 0.47083190083503723, 0.4640994369983673, 0.4571644961833954, 0.45150601863861084, 0.4470314681529999, 0.44144055247306824, 0.43578261137008667, 0.4345633387565613, 0.4305061101913452, 0.427212119102478, 0.4230741262435913, 0.4209596514701843, 0.4189845323562622, 0.4159424602985382, 0.41479459404945374, 0.411857008934021, 0.41024789214134216, 0.4083179831504822, 0.40612468123435974, 0.40494897961616516, 0.40212035179138184, 0.4019443392753601, 0.4010423421859741, 0.399445116519928, 0.39831802248954773, 0.3968813717365265, 0.39577871561050415, 0.3941980302333832, 0.39270228147506714, 0.3919719457626343, 0.39097297191619873, 0.39006921648979187, 0.3894810974597931, 0.3890906572341919, 0.38822758197784424, 0.38678792119026184, 0.38614994287490845, 0.38518011569976807, 0.385002464056015, 0.3832944631576538], "val_accuracy": [0.6840416193008423, 0.7439464926719666, 0.7768862843513489, 0.7951973080635071, 0.8078488111495972, 0.8172192573547363, 0.8226781487464905, 0.8277645707130432, 0.8320629000663757, 0.8342264294624329, 0.8368341326713562, 0.8383385539054871, 0.8403157591819763, 0.8415193557739258, 0.8428804874420166, 0.8447717428207397, 0.8462618589401245, 0.8463191390037537, 0.8479095697402954, 0.848855197429657, 0.8499154448509216, 0.8504169583320618, 0.850660502910614, 0.8515488505363464, 0.8517637848854065, 0.852494478225708, 0.8529673218727112, 0.8534114956855774, 0.8539702296257019, 0.8545290231704712, 0.8553170561790466, 0.8551594614982605, 0.8555893301963806, 0.8560048341751099, 0.8563629984855652, 0.8565349578857422, 0.8566782474517822, 0.8573946356773376, 0.8576238751411438, 0.85792475938797, 0.8583115935325623, 0.8584262132644653, 0.8588560819625854, 0.8585981726646423, 0.8588703870773315, 0.8592715859413147, 0.8596154451370239, 0.8598446846008301, 0.8598589897155762, 0.8602744936943054], "lr": [0.0010000000474974513, 0.0010000000474974513, 0.0010000000474974513, 0.0010000000474974513, 0.0010000000474974513, 0.0010000000474974513, 0.0010000000474974513, 0.0010000000474974513, 0.0010000000474974513, 0.0010000000474974513, 0.0010000000474974513, 0.0010000000474974513, 0.0010000000474974513, 0.0010000000474974513, 0.0010000000474974513, 0.0010000000474974513, 0.0010000000474974513, 0.0010000000474974513, 0.0010000000474974513, 0.0010000000474974513, 0.0010000000474974513, 0.0010000000474974513, 0.0010000000474974513, 0.0010000000474974513, 0.0010000000474974513, 0.0010000000474974513, 0.0010000000474974513, 0.0010000000474974513, 0.0010000000474974513, 0.0010000000474974513, 0.0010000000474974513, 0.0010000000474974513, 0.0010000000474974513, 0.0010000000474974513, 0.0010000000474974513, 0.0010000000474974513, 0.0010000000474974513, 0.0010000000474974513, 0.0010000000474974513, 0.0010000000474974513, 0.0010000000474974513, 0.0010000000474974513, 0.0010000000474974513, 0.0010000000474974513, 0.0010000000474974513, 0.0010000000474974513, 0.0010000000474974513, 0.0010000000474974513, 0.0010000000474974513, 0.0010000000474974513]}