{"loss": [0.5701668858528137, 0.4019848108291626, 0.3799271881580353, 0.36600345373153687, 0.3565259575843811, 0.3497350811958313, 0.34340059757232666, 0.3376334607601166, 0.33300212025642395, 0.32864028215408325, 0.3245607018470764, 0.3107050657272339, 0.3060305714607239, 0.30313223600387573, 0.3006879389286041, 0.2980373203754425, 0.296572744846344, 0.2939794361591339, 0.28568920493125916, 0.28322547674179077], "accuracy": [0.8125918507575989, 0.8543502688407898, 0.860662579536438, 0.8648861646652222, 0.8675177693367004, 0.8697831630706787, 0.8714755177497864, 0.8729099035263062, 0.8742917776107788, 0.8754953145980835, 0.8762196898460388, 0.8812822699546814, 0.8824587464332581, 0.8835046887397766, 0.8838199377059937, 0.8844408392906189, 0.8849152326583862, 0.8858545422554016, 0.8880530595779419, 0.8885083794593811], "val_loss": [0.4075547754764557, 0.3747308850288391, 0.34580427408218384, 0.35145723819732666, 0.34856653213500977, 0.3437536954879761, 0.3306461274623871, 0.3285660445690155, 0.33512529730796814, 0.33266976475715637, 0.33004438877105713, 0.31817612051963806, 0.31869006156921387, 0.31765007972717285, 0.3139713406562805, 0.3182683289051056, 0.31746602058410645, 0.3185436427593231, 0.3156188726425171, 0.3145533800125122], "val_accuracy": [0.8520932793617249, 0.8608476519584656, 0.8723242878913879, 0.8674098253250122, 0.8686850070953369, 0.8708341717720032, 0.8754477500915527, 0.8754907250404358, 0.8730120062828064, 0.8724675178527832, 0.8761928081512451, 0.8790583610534668, 0.8803192377090454, 0.8800470232963562, 0.8811502456665039, 0.8808636665344238, 0.8816516995429993, 0.8806487917900085, 0.8826403617858887, 0.8826403617858887], "lr": [0.0010000000474974513, 0.0010000000474974513, 0.0010000000474974513, 0.0010000000474974513, 0.0010000000474974513, 0.0010000000474974513, 0.0010000000474974513, 0.0010000000474974513, 0.0010000000474974513, 0.0010000000474974513, 0.0010000000474974513, 0.0005000000237487257, 0.0005000000237487257, 0.0005000000237487257, 0.0005000000237487257, 0.0005000000237487257, 0.0005000000237487257, 0.0005000000237487257, 0.0002500000118743628, 0.0002500000118743628]}