{"loss": [1.2610563039779663, 0.7394030094146729, 0.6234378218650818, 0.5631956458091736, 0.5258204936981201, 0.49900758266448975, 0.47869741916656494, 0.4639659523963928, 0.45037323236465454, 0.4402690529823303, 0.43157875537872314, 0.4241403043270111, 0.41605010628700256, 0.41102203726768494, 0.4056471884250641, 0.4011254906654358, 0.39741137623786926, 0.3932490646839142, 0.3902493119239807, 0.38582995533943176, 0.3829859793186188, 0.38068145513534546, 0.3779244124889374, 0.37549155950546265, 0.37366726994514465, 0.3712024688720703, 0.3687075972557068, 0.36724787950515747, 0.36536386609077454, 0.3632895350456238, 0.3617781102657318, 0.360384464263916, 0.3587840795516968, 0.3573048412799835, 0.3553001880645752, 0.3544553816318512, 0.35356953740119934, 0.3518631160259247, 0.3510512411594391, 0.34906744956970215, 0.348484069108963, 0.3475379943847656, 0.346942275762558, 0.34524089097976685, 0.34451842308044434, 0.3432287275791168, 0.3428594768047333, 0.3416205942630768, 0.34044718742370605, 0.33913227915763855], "accuracy": [0.6621883511543274, 0.7720035314559937, 0.7993781566619873, 0.8144879341125488, 0.8230911493301392, 0.8299988508224487, 0.8351935744285583, 0.8388711214065552, 0.842399001121521, 0.8454732298851013, 0.8474043011665344, 0.8493577241897583, 0.8515244126319885, 0.8528633117675781, 0.8544537425041199, 0.8558292388916016, 0.8569165468215942, 0.8577284812927246, 0.8583859801292419, 0.8593730330467224, 0.8604986071586609, 0.8614028692245483, 0.8615763783454895, 0.8624153733253479, 0.862623929977417, 0.8634756207466125, 0.8641601800918579, 0.8644722700119019, 0.8649609684944153, 0.8658716082572937, 0.8661741018295288, 0.8669557571411133, 0.8668332099914551, 0.8673076033592224, 0.8681067824363708, 0.8682994246482849, 0.8685604929924011, 0.8689521551132202, 0.8692482709884644, 0.8698086738586426, 0.8698372840881348, 0.8700984120368958, 0.870447039604187, 0.8710042834281921, 0.8710599541664124, 0.8709039688110352, 0.8712319135665894, 0.8719148635864258, 0.8722922205924988, 0.8727936744689941], "val_loss": [0.6122245192527771, 0.4987736642360687, 0.45504721999168396, 0.43253210186958313, 0.41488125920295715, 0.4026685059070587, 0.39353588223457336, 0.3883683681488037, 0.3803693354129791, 0.3776538372039795, 0.37077105045318604, 0.36991173028945923, 0.3671279549598694, 0.36835378408432007, 0.36263903975486755, 0.3578450083732605, 0.3545249402523041, 0.3541080951690674, 0.3538161814212799, 0.35077300667762756, 0.34901511669158936, 0.3475087881088257, 0.34806424379348755, 0.3462051749229431, 0.3454974889755249, 0.34263113141059875, 0.3410838544368744, 0.3415852189064026, 0.3390509784221649, 0.34023964405059814, 0.3382055163383484, 0.33770424127578735, 0.33570531010627747, 0.33492451906204224, 0.33659985661506653, 0.33645033836364746, 0.33432114124298096, 0.33460551500320435, 0.3332756459712982, 0.332504004240036, 0.33265742659568787, 0.3315677344799042, 0.33116650581359863, 0.3314667046070099, 0.3296208679676056, 0.3294298052787781, 0.3287292718887329, 0.327504426240921, 0.32878953218460083, 0.3271832764148712], "val_accuracy": [0.8037653565406799, 0.8306874632835388, 0.8426082730293274, 0.8481101393699646, 0.8523082137107849, 0.8556323051452637, 0.857724130153656, 0.859586775302887, 0.8616929650306702, 0.861564040184021, 0.8643579483032227, 0.8636128902435303, 0.8648021221160889, 0.8642290234565735, 0.8658910393714905, 0.8675530552864075, 0.868699312210083, 0.8690288662910461, 0.8691148161888123, 0.8699887990951538, 0.8703040480613708, 0.87050461769104, 0.8701177835464478, 0.8713356256484985, 0.8707338571548462, 0.8720663785934448, 0.8721380233764648, 0.8712067008018494, 0.8727254271507263, 0.8724818825721741, 0.8731696009635925, 0.8734991550445557, 0.8744591474533081, 0.8748602867126465, 0.8737713694572449, 0.8731123208999634, 0.8746454119682312, 0.8736424446105957, 0.8743301630020142, 0.8748602867126465, 0.8745737671852112, 0.8754620552062988, 0.8753474354743958, 0.8743588328361511, 0.8752185106277466, 0.8763360977172852, 0.8763217329978943, 0.8767229318618774, 0.8766655921936035, 0.8765079975128174], "lr": [1.5625000742147677e-05, 1.5625000742147677e-05, 1.5625000742147677e-05, 1.5625000742147677e-05, 1.5625000742147677e-05, 1.5625000742147677e-05, 1.5625000742147677e-05, 1.5625000742147677e-05, 1.5625000742147677e-05, 1.5625000742147677e-05, 1.5625000742147677e-05, 1.5625000742147677e-05, 1.5625000742147677e-05, 1.5625000742147677e-05, 1.5625000742147677e-05, 1.5625000742147677e-05, 1.5625000742147677e-05, 1.5625000742147677e-05, 1.5625000742147677e-05, 1.5625000742147677e-05, 1.5625000742147677e-05, 1.5625000742147677e-05, 1.5625000742147677e-05, 1.5625000742147677e-05, 1.5625000742147677e-05, 1.5625000742147677e-05, 1.5625000742147677e-05, 1.5625000742147677e-05, 1.5625000742147677e-05, 1.5625000742147677e-05, 1.5625000742147677e-05, 1.5625000742147677e-05, 1.5625000742147677e-05, 1.5625000742147677e-05, 1.5625000742147677e-05, 1.5625000742147677e-05, 1.5625000742147677e-05, 1.5625000742147677e-05, 1.5625000742147677e-05, 1.5625000742147677e-05, 1.5625000742147677e-05, 1.5625000742147677e-05, 1.5625000742147677e-05, 1.5625000742147677e-05, 1.5625000742147677e-05, 1.5625000742147677e-05, 1.5625000742147677e-05, 1.5625000742147677e-05, 1.5625000742147677e-05, 1.5625000742147677e-05]}