{"loss": [2.52404522895813, 1.8516660928726196, 1.5790786743164062, 1.3987830877304077, 1.2644306421279907, 1.1590794324874878, 1.074133276939392, 1.0069595575332642, 0.9476166367530823, 0.9001131653785706, 0.8598161339759827, 0.8242346048355103, 0.794256329536438, 0.7664049863815308, 0.7441258430480957, 0.7236545085906982, 0.7043662667274475, 0.6872446537017822, 0.6739025115966797, 0.6582396626472473, 0.645976722240448, 0.6352264285087585, 0.623961865901947, 0.6155991554260254, 0.605547308921814, 0.5970544815063477, 0.5895466208457947, 0.5822358131408691, 0.5752385854721069, 0.5687044262886047, 0.5629268884658813, 0.5568925142288208, 0.552560567855835, 0.5469037294387817, 0.5419942140579224, 0.536838710308075, 0.5332410931587219, 0.5286877155303955, 0.5248525142669678, 0.5221037864685059, 0.5182262063026428, 0.5144691467285156, 0.5107015371322632, 0.5077745914459229, 0.5049062371253967, 0.5020204782485962, 0.4988650977611542, 0.4969179630279541, 0.4945571720600128, 0.49129459261894226], "accuracy": [0.39689749479293823, 0.5404824018478394, 0.595667839050293, 0.6322792768478394, 0.6601076126098633, 0.6828908324241638, 0.7008598446846008, 0.7148568034172058, 0.7274320721626282, 0.7382099628448486, 0.7465473413467407, 0.7541284561157227, 0.7604758143424988, 0.7670858502388, 0.7718634605407715, 0.7767270803451538, 0.7812451720237732, 0.784929096698761, 0.7882627248764038, 0.7919466495513916, 0.7945018410682678, 0.7970490455627441, 0.7998095750808716, 0.8016356229782104, 0.8039695024490356, 0.8055074214935303, 0.8070882558822632, 0.8092040419578552, 0.8106241226196289, 0.8121014833450317, 0.8137317299842834, 0.8152313828468323, 0.8166355490684509, 0.8175222873687744, 0.8188356757164001, 0.8198068141937256, 0.820768415927887, 0.8221375346183777, 0.822817325592041, 0.8234620690345764, 0.8242931365966797, 0.8258835077285767, 0.8260856866836548, 0.8270759582519531, 0.8276729583740234, 0.828564465045929, 0.8293668627738953, 0.8296151757240295, 0.8303905129432678, 0.8312708735466003], "val_loss": [1.6578655242919922, 1.345345139503479, 1.1702760457992554, 1.0355939865112305, 0.9343453645706177, 0.858306348323822, 0.7949751615524292, 0.7485003471374512, 0.7066914439201355, 0.6729884147644043, 0.6448372006416321, 0.6213254332542419, 0.6010695695877075, 0.582871675491333, 0.5688863396644592, 0.5554829239845276, 0.5414091348648071, 0.5327494144439697, 0.5235832333564758, 0.51487135887146, 0.5062068104743958, 0.49867546558380127, 0.4962129592895508, 0.4876478612422943, 0.48305997252464294, 0.477466881275177, 0.471452534198761, 0.46743056178092957, 0.46348193287849426, 0.46137580275535583, 0.45700547099113464, 0.45371532440185547, 0.4505256116390228, 0.4467337727546692, 0.4444558620452881, 0.44296994805336, 0.43930813670158386, 0.43700921535491943, 0.43451815843582153, 0.43192800879478455, 0.43131810426712036, 0.4273875057697296, 0.4270622730255127, 0.42523953318595886, 0.4225187301635742, 0.4217688739299774, 0.4183942377567291, 0.4184052050113678, 0.41761162877082825, 0.4141481816768646], "val_accuracy": [0.5696191787719727, 0.6380777955055237, 0.6725506782531738, 0.7005186676979065, 0.724818766117096, 0.7437458634376526, 0.7598360776901245, 0.7707682847976685, 0.7805972099304199, 0.787947416305542, 0.7950969934463501, 0.8006132245063782, 0.8062154054641724, 0.8100982904434204, 0.8139811158180237, 0.8174914717674255, 0.8207439184188843, 0.8234805464744568, 0.8257156610488892, 0.8276929259300232, 0.8297991156578064, 0.8316187858581543, 0.8333237767219543, 0.8346132636070251, 0.8363469839096069, 0.8373929262161255, 0.8390119671821594, 0.8402871489524841, 0.8411468267440796, 0.8418488502502441, 0.8433963060379028, 0.8438261151313782, 0.8449580073356628, 0.8461185693740845, 0.8463191390037537, 0.8467060327529907, 0.8472504615783691, 0.8482534289360046, 0.8487119078636169, 0.849027156829834, 0.8493136763572693, 0.8502449989318848, 0.8505315780639648, 0.8510473966598511, 0.8517494201660156, 0.8519930243492126, 0.852566123008728, 0.8524801731109619, 0.8533111810684204, 0.8536837100982666], "lr": [3.906250185536919e-06, 3.906250185536919e-06, 3.906250185536919e-06, 3.906250185536919e-06, 3.906250185536919e-06, 3.906250185536919e-06, 3.906250185536919e-06, 3.906250185536919e-06, 3.906250185536919e-06, 3.906250185536919e-06, 3.906250185536919e-06, 3.906250185536919e-06, 3.906250185536919e-06, 3.906250185536919e-06, 3.906250185536919e-06, 3.906250185536919e-06, 3.906250185536919e-06, 3.906250185536919e-06, 3.906250185536919e-06, 3.906250185536919e-06, 3.906250185536919e-06, 3.906250185536919e-06, 3.906250185536919e-06, 3.906250185536919e-06, 3.906250185536919e-06, 3.906250185536919e-06, 3.906250185536919e-06, 3.906250185536919e-06, 3.906250185536919e-06, 3.906250185536919e-06, 3.906250185536919e-06, 3.906250185536919e-06, 3.906250185536919e-06, 3.906250185536919e-06, 3.906250185536919e-06, 3.906250185536919e-06, 3.906250185536919e-06, 3.906250185536919e-06, 3.906250185536919e-06, 3.906250185536919e-06, 3.906250185536919e-06, 3.906250185536919e-06, 3.906250185536919e-06, 3.906250185536919e-06, 3.906250185536919e-06, 3.906250185536919e-06, 3.906250185536919e-06, 3.906250185536919e-06, 3.906250185536919e-06, 3.906250185536919e-06]}