{"loss": [0.6482330560684204, 0.41050925850868225, 0.3805503845214844, 0.3646005392074585, 0.35529854893684387, 0.3481000065803528, 0.3421352803707123, 0.3369525671005249, 0.3333629369735718, 0.3286321759223938, 0.32532334327697754, 0.32197806239128113, 0.3192685544490814, 0.31650876998901367, 0.3130530118942261, 0.31153005361557007, 0.30878832936286926, 0.3063587248325348, 0.2965301275253296, 0.29433369636535645, 0.2912321984767914, 0.2892168462276459, 0.28734731674194336, 0.28605300188064575, 0.2806842625141144, 0.2782316207885742], "accuracy": [0.7957468032836914, 0.8528091907501221, 0.8608042597770691, 0.8647890686988831, 0.8682692050933838, 0.8697147369384766, 0.8716649413108826, 0.8731678128242493, 0.8741118311882019, 0.8754491209983826, 0.8763613700866699, 0.8775745034217834, 0.8781746625900269, 0.8790661692619324, 0.8799577355384827, 0.880570650100708, 0.8812456727027893, 0.8818251490592957, 0.8846238851547241, 0.8854883313179016, 0.8864961266517639, 0.8868208527565002, 0.8874019384384155, 0.8878890872001648, 0.8893999457359314, 0.8901354074478149], "val_loss": [0.3935237228870392, 0.38316503167152405, 0.3561011850833893, 0.3413257598876953, 0.33636730909347534, 0.3321712017059326, 0.33123311400413513, 0.3273704946041107, 0.327235609292984, 0.3248941898345947, 0.32405248284339905, 0.3191387355327606, 0.32243603467941284, 0.3203853964805603, 0.31713375449180603, 0.31905362010002136, 0.31796586513519287, 0.31746718287467957, 0.3149966895580292, 0.31321007013320923, 0.3128979206085205, 0.3142443895339966, 0.3161938190460205, 0.31547072529792786, 0.3141876757144928, 0.3144869804382324], "val_accuracy": [0.8567498922348022, 0.8605180978775024, 0.8665357828140259, 0.8719087839126587, 0.8732985854148865, 0.8751898407936096, 0.8742298483848572, 0.8771097660064697, 0.8767372369766235, 0.8770954608917236, 0.8779551386833191, 0.8784709572792053, 0.8780697584152222, 0.8788148164749146, 0.8799180388450623, 0.879473865032196, 0.8798607587814331, 0.8807920217514038, 0.8816516995429993, 0.8817663192749023, 0.8823537826538086, 0.8822104930877686, 0.8819096088409424, 0.8821245431900024, 0.8824111223220825, 0.8832707405090332], "lr": [0.00030000000000000014, 0.00030000000000000014, 0.00030000000000000014, 0.00030000000000000014, 0.00030000000000000014, 0.00030000000000000014, 0.00030000000000000014, 0.00030000000000000014, 0.00030000000000000014, 0.00030000000000000014, 0.00030000000000000014, 0.00030000000000000014, 0.00030000000000000014, 0.00030000000000000014, 0.00030000000000000014, 0.00030000000000000014, 0.00030000000000000014, 0.00030000000000000014, 0.00015000000000000007, 0.00015000000000000007, 0.00015000000000000007, 0.00015000000000000007, 0.00015000000000000007, 0.00015000000000000007, 7.500000000000003e-05, 7.500000000000003e-05]}