{"loss": [0.7201186418533325, 0.4293542206287384, 0.3924429416656494, 0.37421831488609314, 0.362297385931015, 0.354550302028656, 0.34820321202278137, 0.3420819640159607, 0.3378150165081024, 0.33354324102401733, 0.3304187059402466, 0.32740893959999084, 0.3245510756969452, 0.32136330008506775, 0.31892648339271545, 0.31662365794181824, 0.31389090418815613, 0.311784952878952, 0.3096383213996887, 0.30789223313331604, 0.30589500069618225, 0.30423703789711, 0.3015461266040802, 0.2992192804813385, 0.2984068691730499, 0.29652097821235657, 0.28792810440063477, 0.28571245074272156, 0.28371191024780273, 0.2824900150299072, 0.2775198519229889, 0.2756149172782898, 0.2747148871421814, 0.2746357023715973, 0.2711191475391388, 0.27033454179763794], "accuracy": [0.7801498770713806, 0.8472960591316223, 0.8577635288238525, 0.8624711036682129, 0.8657553791999817, 0.8680462837219238, 0.8702782988548279, 0.8712621331214905, 0.8726981282234192, 0.874243974685669, 0.8747534155845642, 0.8756943345069885, 0.8764520883560181, 0.8777145743370056, 0.8783912062644958, 0.8787589073181152, 0.8798972368240356, 0.8801933526992798, 0.8807648420333862, 0.8813841342926025, 0.8820942044258118, 0.8823202848434448, 0.8831751942634583, 0.8839759230613708, 0.8839663863182068, 0.8846843838691711, 0.8870373964309692, 0.8874815702438354, 0.8882855176925659, 0.8886564373970032, 0.8903917670249939, 0.8906798958778381, 0.8910922408103943, 0.8914663791656494, 0.892311692237854, 0.8926301002502441], "val_loss": [0.3971409797668457, 0.37641534209251404, 0.3722769618034363, 0.3439185619354248, 0.33995112776756287, 0.33650726079940796, 0.33486801385879517, 0.32808804512023926, 0.328627347946167, 0.32712045311927795, 0.32462403178215027, 0.3233928084373474, 0.32447585463523865, 0.32317566871643066, 0.3202346861362457, 0.3196399211883545, 0.3192272484302521, 0.3179374039173126, 0.3215080499649048, 0.3167077898979187, 0.31719014048576355, 0.318217933177948, 0.3164617717266083, 0.3186838924884796, 0.317093163728714, 0.31836065649986267, 0.31428709626197815, 0.31448087096214294, 0.3150308430194855, 0.31525611877441406, 0.31412017345428467, 0.3147449791431427, 0.31540006399154663, 0.3154401481151581, 0.31472572684288025, 0.3156318664550781], "val_accuracy": [0.8571510314941406, 0.8628965020179749, 0.8609479069709778, 0.8714502453804016, 0.8724532127380371, 0.8738573789596558, 0.873928964138031, 0.8764793276786804, 0.8764507174491882, 0.8760208487510681, 0.8779551386833191, 0.8768232464790344, 0.8783993124961853, 0.8771814107894897, 0.8783993124961853, 0.8787574768066406, 0.8791443109512329, 0.87967449426651, 0.8784136176109314, 0.8801329731941223, 0.8797174692153931, 0.8802618980407715, 0.8814654350280762, 0.87967449426651, 0.8809066414833069, 0.8809210062026978, 0.8811359405517578, 0.8819525837898254, 0.8815370798110962, 0.8817949891090393, 0.8820385932922363, 0.8822821378707886, 0.8825687170028687, 0.8823108077049255, 0.8826546669006348, 0.8827120065689087], "lr": [0.00019999999494757503, 0.00019999999494757503, 0.00019999999494757503, 0.00019999999494757503, 0.00019999999494757503, 0.00019999999494757503, 0.00019999999494757503, 0.00019999999494757503, 0.00019999999494757503, 0.00019999999494757503, 0.00019999999494757503, 0.00019999999494757503, 0.00019999999494757503, 0.00019999999494757503, 0.00019999999494757503, 0.00019999999494757503, 0.00019999999494757503, 0.00019999999494757503, 0.00019999999494757503, 0.00019999999494757503, 0.00019999999494757503, 0.00019999999494757503, 0.00019999999494757503, 0.00019999999494757503, 0.00019999999494757503, 0.00019999999494757503, 9.999999747378752e-05, 9.999999747378752e-05, 9.999999747378752e-05, 9.999999747378752e-05, 4.999999873689376e-05, 4.999999873689376e-05, 4.999999873689376e-05, 4.999999873689376e-05, 2.499999936844688e-05, 2.499999936844688e-05]}