{"loss": [1.3524274826049805, 0.8604252338409424, 0.7418195009231567, 0.6740530133247375, 0.6267499327659607, 0.5942034721374512, 0.5670691728591919, 0.5480422377586365, 0.5301966071128845, 0.5150258541107178, 0.5017764568328857, 0.4913251996040344, 0.4825357496738434, 0.47326895594596863, 0.4657536447048187, 0.45839518308639526, 0.45195239782333374, 0.44713374972343445, 0.4416734576225281, 0.43660488724708557, 0.4322008490562439, 0.4286499321460724, 0.42398926615715027, 0.4198535084724426, 0.418253093957901, 0.4138014614582062, 0.4107869267463684, 0.40820303559303284, 0.40534764528274536, 0.4024094343185425, 0.39994189143180847, 0.39756935834884644, 0.3963714838027954, 0.3935454487800598, 0.39129331707954407, 0.3899543285369873, 0.38728097081184387, 0.3862898051738739, 0.38437560200691223, 0.3831837773323059, 0.3809465169906616, 0.38024741411209106, 0.3784106373786926, 0.3769906461238861, 0.37421903014183044, 0.37345635890960693, 0.3720223307609558, 0.3712906539440155, 0.3708043694496155, 0.36958393454551697], "accuracy": [0.6298021078109741, 0.7360528111457825, 0.7640721797943115, 0.7826015949249268, 0.7945654988288879, 0.8022087812423706, 0.8094937801361084, 0.8145261406898499, 0.818590521812439, 0.8233283758163452, 0.8266715407371521, 0.8293588757514954, 0.8321241736412048, 0.8350933194160461, 0.8363478183746338, 0.8390016555786133, 0.840797483921051, 0.8420121669769287, 0.8437251448631287, 0.8450672626495361, 0.8459619283676147, 0.8470683693885803, 0.8488912582397461, 0.8492223620414734, 0.8500438332557678, 0.8510993719100952, 0.8525146842002869, 0.8530018329620361, 0.8539187908172607, 0.854694128036499, 0.8555124402046204, 0.8562701940536499, 0.8563179969787598, 0.8572206497192383, 0.8575183153152466, 0.858346164226532, 0.8590673804283142, 0.8589272499084473, 0.8597550988197327, 0.8596675395965576, 0.860600471496582, 0.8610621690750122, 0.8613646626472473, 0.8618708848953247, 0.8628420233726501, 0.862767219543457, 0.8629932403564453, 0.8633689880371094, 0.8637431263923645, 0.8639516830444336], "val_loss": [0.6574944257736206, 0.5527569055557251, 0.5084817409515381, 0.48167088627815247, 0.4637463688850403, 0.4459775686264038, 0.4356434941291809, 0.4274764657020569, 0.4198416471481323, 0.41356000304222107, 0.40584415197372437, 0.40312930941581726, 0.40256237983703613, 0.3987085521221161, 0.3945125341415405, 0.38806426525115967, 0.38447728753089905, 0.3830798864364624, 0.38210174441337585, 0.3781367838382721, 0.3767685890197754, 0.37624844908714294, 0.37549346685409546, 0.37289535999298096, 0.3715841472148895, 0.36986884474754333, 0.3669701814651489, 0.36341819167137146, 0.36195820569992065, 0.3629499673843384, 0.3603173494338989, 0.3601897954940796, 0.3583449423313141, 0.3584158420562744, 0.3575671315193176, 0.35734322667121887, 0.35382699966430664, 0.354159414768219, 0.35334569215774536, 0.3538020849227905, 0.35048121213912964, 0.35055238008499146, 0.35063236951828003, 0.35108399391174316, 0.3481541574001312, 0.34775006771087646, 0.3467445969581604, 0.3456452190876007, 0.34734272956848145, 0.3464221656322479], "val_accuracy": [0.7911568284034729, 0.818523108959198, 0.8302432894706726, 0.8374645113945007, 0.8424506187438965, 0.8464481234550476, 0.8490414619445801, 0.8509900569915771, 0.8533398509025574, 0.8547152876853943, 0.8561050891876221, 0.8563916683197021, 0.8566495776176453, 0.8569504618644714, 0.8585551977157593, 0.8607616424560547, 0.8611915111541748, 0.861607015132904, 0.861778974533081, 0.8621228337287903, 0.8635985851287842, 0.8638278245925903, 0.863226056098938, 0.8640140891075134, 0.8646731972694397, 0.8652892708778381, 0.8651746511459351, 0.8666790723800659, 0.8667507171630859, 0.8663065433502197, 0.8674671053886414, 0.8674671053886414, 0.8684557676315308, 0.8686133623123169, 0.868627667427063, 0.8681118488311768, 0.8694730401039124, 0.8687566518783569, 0.86879962682724, 0.8690718412399292, 0.8700318336486816, 0.8702467083930969, 0.8707338571548462, 0.8693870306015015, 0.8705189824104309, 0.8709917664527893, 0.8714072704315186, 0.8714789152145386, 0.8716078996658325, 0.8709774613380432], "lr": [1.5625000742147677e-05, 1.5625000742147677e-05, 1.5625000742147677e-05, 1.5625000742147677e-05, 1.5625000742147677e-05, 1.5625000742147677e-05, 1.5625000742147677e-05, 1.5625000742147677e-05, 1.5625000742147677e-05, 1.5625000742147677e-05, 1.5625000742147677e-05, 1.5625000742147677e-05, 1.5625000742147677e-05, 1.5625000742147677e-05, 1.5625000742147677e-05, 1.5625000742147677e-05, 1.5625000742147677e-05, 1.5625000742147677e-05, 1.5625000742147677e-05, 1.5625000742147677e-05, 1.5625000742147677e-05, 1.5625000742147677e-05, 1.5625000742147677e-05, 1.5625000742147677e-05, 1.5625000742147677e-05, 1.5625000742147677e-05, 1.5625000742147677e-05, 1.5625000742147677e-05, 1.5625000742147677e-05, 1.5625000742147677e-05, 1.5625000742147677e-05, 1.5625000742147677e-05, 1.5625000742147677e-05, 1.5625000742147677e-05, 1.5625000742147677e-05, 1.5625000742147677e-05, 1.5625000742147677e-05, 1.5625000742147677e-05, 1.5625000742147677e-05, 1.5625000742147677e-05, 1.5625000742147677e-05, 1.5625000742147677e-05, 1.5625000742147677e-05, 1.5625000742147677e-05, 7.812500371073838e-06, 7.812500371073838e-06, 7.812500371073838e-06, 7.812500371073838e-06, 7.812500371073838e-06, 7.812500371073838e-06]}