{"loss": [0.5294503569602966, 0.3876117169857025, 0.3666608929634094, 0.3550136089324951, 0.346678227186203, 0.34042543172836304, 0.33449894189834595, 0.32924818992614746, 0.3247874081134796, 0.3202267587184906, 0.31649768352508545, 0.312795490026474, 0.30946290493011475, 0.3060455322265625, 0.30326226353645325, 0.2997296452522278, 0.28697654604911804, 0.28251948952674866, 0.2794888913631439, 0.2763065993785858, 0.2686653137207031, 0.2659534513950348], "accuracy": [0.8223413228988647, 0.858433723449707, 0.8645995855331421, 0.8677549362182617, 0.8702560067176819, 0.8721107244491577, 0.8732601404190063, 0.8755908608436584, 0.8765683174133301, 0.8777846097946167, 0.8789340257644653, 0.8802012801170349, 0.8807043433189392, 0.8820512294769287, 0.8828599452972412, 0.8836814165115356, 0.8877713084220886, 0.8889510035514832, 0.8898122310638428, 0.8909696340560913, 0.8932080268859863, 0.8944863677024841], "val_loss": [0.3839200735092163, 0.36099737882614136, 0.3652114272117615, 0.3379991054534912, 0.33975133299827576, 0.3293238580226898, 0.3297470808029175, 0.32734066247940063, 0.3240726590156555, 0.32233649492263794, 0.3234635591506958, 0.32033687829971313, 0.3201479911804199, 0.3227487802505493, 0.3215833008289337, 0.3218466341495514, 0.31543639302253723, 0.31784188747406006, 0.3196682333946228, 0.3199860453605652, 0.31965526938438416, 0.32100531458854675], "val_accuracy": [0.8595438003540039, 0.8673811554908752, 0.8641000390052795, 0.8730263113975525, 0.8720663785934448, 0.875691294670105, 0.8761498332023621, 0.8767516016960144, 0.877840518951416, 0.877639889717102, 0.8789724111557007, 0.8791586756706238, 0.8797891139984131, 0.8788004517555237, 0.879574179649353, 0.8798750638961792, 0.8816803693771362, 0.8823680877685547, 0.8810356259346008, 0.8817377090454102, 0.8827692866325378, 0.8816516995429993], "lr": [0.0009, 0.0009, 0.0009, 0.0009, 0.0009, 0.0009, 0.0009, 0.0009, 0.0009, 0.0009, 0.0009, 0.0009, 0.0009, 0.0009, 0.0009, 0.0009, 0.00045, 0.00045, 0.00045, 0.00045, 0.000225, 0.000225]}