{"loss": [0.8371049165725708, 0.5405547022819519, 0.4394514560699463, 0.3753938674926758, 0.33072108030319214, 0.2970847487449646, 0.2719300389289856, 0.2521893382072449, 0.2367151528596878, 0.22421056032180786, 0.21424433588981628, 0.20521944761276245, 0.19770903885364532, 0.19128650426864624, 0.18545974791049957, 0.18088865280151367, 0.17637300491333008, 0.17220324277877808, 0.16894137859344482, 0.1657770425081253, 0.16291487216949463, 0.15990276634693146, 0.15723192691802979, 0.154998779296875, 0.15303726494312286, 0.15101708471775055, 0.1490463763475418, 0.1471581906080246, 0.14612019062042236, 0.14446212351322174, 0.14291907846927643, 0.14173172414302826, 0.1403256207704544, 0.13920454680919647, 0.13802547752857208, 0.1370597928762436, 0.13577213883399963, 0.1347678005695343, 0.1338992714881897, 0.1332111805677414, 0.13204415142536163, 0.13114307820796967, 0.13043925166130066, 0.12947332859039307, 0.12874005734920502, 0.12786228954792023, 0.1272536814212799, 0.12682797014713287, 0.1260414868593216, 0.12525619566440582], "accuracy": [0.41005226969718933, 0.5819494724273682, 0.63740074634552, 0.6744229197502136, 0.7007245421409607, 0.721129298210144, 0.7373884916305542, 0.7500959038734436, 0.7605331540107727, 0.7686619162559509, 0.7760265469551086, 0.7823786735534668, 0.7873346209526062, 0.7923844456672668, 0.7959060072898865, 0.7992571592330933, 0.8025192022323608, 0.8059611320495605, 0.8080307245254517, 0.8108676671981812, 0.8131378889083862, 0.8154367804527283, 0.8171815872192383, 0.8189694285392761, 0.8205534815788269, 0.8217936754226685, 0.8235512375831604, 0.8254043459892273, 0.8263197541236877, 0.8274134397506714, 0.8283495306968689, 0.8294957876205444, 0.8305449485778809, 0.8313393592834473, 0.8325222134590149, 0.8333707451820374, 0.8340775966644287, 0.8350439667701721, 0.8358797430992126, 0.8363271355628967, 0.8373157382011414, 0.8384126424789429, 0.8387389779090881, 0.8394379019737244, 0.8398327231407166, 0.8411779403686523, 0.8408595323562622, 0.8415425419807434, 0.8424308896064758, 0.8430756330490112], "val_loss": [0.45677247643470764, 0.35294967889785767, 0.2928580045700073, 0.24975766241550446, 0.22033031284809113, 0.19875533878803253, 0.18306544423103333, 0.17138101160526276, 0.16229939460754395, 0.1550905555486679, 0.1492256075143814, 0.1448061466217041, 0.14105066657066345, 0.1374836266040802, 0.13462567329406738, 0.13220883905887604, 0.1297951638698578, 0.12817387282848358, 0.12651129066944122, 0.12462624162435532, 0.12342460453510284, 0.12200053036212921, 0.12104010581970215, 0.11966124176979065, 0.11871043592691422, 0.11762028932571411, 0.11682391166687012, 0.1161966472864151, 0.11510321497917175, 0.11446487158536911, 0.11384635418653488, 0.11319850385189056, 0.11252526193857193, 0.11196208745241165, 0.11142932623624802, 0.11102677881717682, 0.11028579622507095, 0.10995953530073166, 0.10940854251384735, 0.10885733366012573, 0.10859549790620804, 0.10810228437185287, 0.10780597478151321, 0.10729965567588806, 0.10712055116891861, 0.10666152089834213, 0.10619767010211945, 0.1059805154800415, 0.10568712651729584, 0.10542923212051392], "val_accuracy": [0.6438805460929871, 0.6956615447998047, 0.7311803102493286, 0.7584176063537598, 0.7779608368873596, 0.79317706823349, 0.8037223815917969, 0.8125053644180298, 0.8192108273506165, 0.8241682648658752, 0.8287818431854248, 0.8315901160240173, 0.834555983543396, 0.8378800749778748, 0.8397570252418518, 0.8418058753013611, 0.8436541557312012, 0.8448290824890137, 0.8460612893104553, 0.8475943207740784, 0.8485972881317139, 0.8496002554893494, 0.8503023386001587, 0.8513339161872864, 0.8519500494003296, 0.8531249165534973, 0.8534687757492065, 0.8541708588600159, 0.8551738262176514, 0.8554603457450867, 0.8562197089195251, 0.8563916683197021, 0.8571797013282776, 0.8576525449752808, 0.8581539988517761, 0.8583689332008362, 0.8592572212219238, 0.8587700724601746, 0.8597873449325562, 0.8599736094474792, 0.8600166440010071, 0.8603891730308533, 0.8607616424560547, 0.8610768914222717, 0.861492395401001, 0.8615210652351379, 0.8622087836265564, 0.8621801137924194, 0.8623807430267334, 0.8625813126564026], "lr": [3.12499992105586e-06, 3.12499992105586e-06, 3.12499992105586e-06, 3.12499992105586e-06, 3.12499992105586e-06, 3.12499992105586e-06, 3.12499992105586e-06, 3.12499992105586e-06, 3.12499992105586e-06, 3.12499992105586e-06, 3.12499992105586e-06, 3.12499992105586e-06, 3.12499992105586e-06, 3.12499992105586e-06, 3.12499992105586e-06, 3.12499992105586e-06, 3.12499992105586e-06, 3.12499992105586e-06, 3.12499992105586e-06, 3.12499992105586e-06, 3.12499992105586e-06, 3.12499992105586e-06, 3.12499992105586e-06, 3.12499992105586e-06, 3.12499992105586e-06, 3.12499992105586e-06, 3.12499992105586e-06, 3.12499992105586e-06, 3.12499992105586e-06, 3.12499992105586e-06, 3.12499992105586e-06, 3.12499992105586e-06, 3.12499992105586e-06, 3.12499992105586e-06, 3.12499992105586e-06, 3.12499992105586e-06, 3.12499992105586e-06, 3.12499992105586e-06, 3.12499992105586e-06, 3.12499992105586e-06, 3.12499992105586e-06, 3.12499992105586e-06, 3.12499992105586e-06, 3.12499992105586e-06, 3.12499992105586e-06, 3.12499992105586e-06, 3.12499992105586e-06, 3.12499992105586e-06, 3.12499992105586e-06, 3.12499992105586e-06]}