{"loss": [0.4004365801811218, 0.22138188779354095, 0.16825293004512787, 0.13949118554592133, 0.12128007411956787, 0.10926586389541626, 0.10045846551656723, 0.09388895332813263, 0.08831150084733963, 0.08377078920602798, 0.08027485758066177, 0.0769469141960144, 0.0743880420923233, 0.07208515703678131, 0.06984183192253113, 0.06799706071615219, 0.06609417498111725, 0.0647745206952095, 0.06333944946527481, 0.062180496752262115, 0.06095684692263603, 0.05987800285220146, 0.05892616882920265, 0.05795096978545189, 0.057231076061725616, 0.05636395514011383, 0.055733613669872284, 0.05493933707475662, 0.05427467077970505, 0.05371767282485962, 0.053113531321287155, 0.052625518292188644, 0.05196018144488335, 0.05157051235437393, 0.05114654824137688, 0.050674308091402054, 0.05012291669845581, 0.04977790266275406, 0.04938768967986107, 0.049123771488666534, 0.04875807836651802, 0.048389628529548645, 0.04791617766022682, 0.04785488173365593, 0.0473545603454113, 0.047049131244421005, 0.046826012432575226, 0.04657452553510666, 0.046215593814849854, 0.04595348238945007], "accuracy": [0.517850399017334, 0.6613079905509949, 0.7079761028289795, 0.7341726422309875, 0.7524011731147766, 0.7649000287055969, 0.77473384141922, 0.783023476600647, 0.788724422454834, 0.7950637936592102, 0.7991998791694641, 0.802958607673645, 0.806644082069397, 0.8096211552619934, 0.8130375742912292, 0.8148238658905029, 0.8182132244110107, 0.8200328946113586, 0.8222505450248718, 0.8237900137901306, 0.8262815475463867, 0.8273561596870422, 0.8292601704597473, 0.830818772315979, 0.8320652842521667, 0.8330395817756653, 0.8342607021331787, 0.8356505036354065, 0.8365722894668579, 0.8377901911735535, 0.8386132121086121, 0.8394951820373535, 0.8403899073600769, 0.8413403630256653, 0.8416173458099365, 0.8433876633644104, 0.8438605070114136, 0.8444622755050659, 0.8452104926109314, 0.8454939126968384, 0.8464539051055908, 0.8470763564109802, 0.8482321500778198, 0.8477513790130615, 0.8489183187484741, 0.8496824502944946, 0.8495582938194275, 0.8504434823989868, 0.8509210348129272, 0.8519113063812256], "val_loss": [0.18392033874988556, 0.12208763509988785, 0.09524020552635193, 0.08063717186450958, 0.07250500470399857, 0.06709650903940201, 0.06303169578313828, 0.06033913418650627, 0.05804628133773804, 0.056163523346185684, 0.05410752445459366, 0.052926141768693924, 0.05183962732553482, 0.05082462728023529, 0.05008532106876373, 0.04906775802373886, 0.04829244688153267, 0.04791921004652977, 0.04722939059138298, 0.04670381918549538, 0.04627325013279915, 0.04582972079515457, 0.0454605408012867, 0.04491396248340607, 0.044593945145606995, 0.04406559839844704, 0.043756287544965744, 0.04361758381128311, 0.04311966896057129, 0.043051596730947495, 0.04282882809638977, 0.04260488227009773, 0.04224767908453941, 0.04206695407629013, 0.04195079952478409, 0.041665371507406235, 0.0414159893989563, 0.04132476821541786, 0.04087340459227562, 0.04104650020599365, 0.040689315646886826, 0.04046739637851715, 0.040509529411792755, 0.040137410163879395, 0.04000626504421234, 0.04001462832093239, 0.03980690613389015, 0.03968016058206558, 0.039596542716026306, 0.03951570391654968], "val_accuracy": [0.7132275104522705, 0.7716852426528931, 0.7997105717658997, 0.8165028691291809, 0.8262888193130493, 0.8320772647857666, 0.8372639417648315, 0.8411611318588257, 0.8448863625526428, 0.847236156463623, 0.8497005701065063, 0.8512766361236572, 0.8524801731109619, 0.8537123799324036, 0.8551164865493774, 0.8565349578857422, 0.8569360971450806, 0.8574519157409668, 0.85806804895401, 0.8586984276771545, 0.8599736094474792, 0.859801709651947, 0.8610911965370178, 0.8614780902862549, 0.861492395401001, 0.8634839653968811, 0.863082766532898, 0.863197386264801, 0.8642433285713196, 0.8636559247970581, 0.8648164868354797, 0.8645012378692627, 0.865103006362915, 0.8656474947929382, 0.8663065433502197, 0.8664355278015137, 0.8665644526481628, 0.8666217923164368, 0.8674098253250122, 0.8670229315757751, 0.8677393198013306, 0.8678109645843506, 0.8680688738822937, 0.8679399490356445, 0.8682981133460999, 0.8684414029121399, 0.86894291639328, 0.8690288662910461, 0.8694443702697754, 0.8682551383972168], "lr": [6.24999984211172e-06, 6.24999984211172e-06, 6.24999984211172e-06, 6.24999984211172e-06, 6.24999984211172e-06, 6.24999984211172e-06, 6.24999984211172e-06, 6.24999984211172e-06, 6.24999984211172e-06, 6.24999984211172e-06, 6.24999984211172e-06, 6.24999984211172e-06, 6.24999984211172e-06, 6.24999984211172e-06, 6.24999984211172e-06, 6.24999984211172e-06, 6.24999984211172e-06, 6.24999984211172e-06, 6.24999984211172e-06, 6.24999984211172e-06, 6.24999984211172e-06, 6.24999984211172e-06, 6.24999984211172e-06, 6.24999984211172e-06, 6.24999984211172e-06, 6.24999984211172e-06, 6.24999984211172e-06, 6.24999984211172e-06, 6.24999984211172e-06, 6.24999984211172e-06, 6.24999984211172e-06, 6.24999984211172e-06, 6.24999984211172e-06, 6.24999984211172e-06, 6.24999984211172e-06, 6.24999984211172e-06, 6.24999984211172e-06, 6.24999984211172e-06, 6.24999984211172e-06, 6.24999984211172e-06, 6.24999984211172e-06, 6.24999984211172e-06, 6.24999984211172e-06, 6.24999984211172e-06, 6.24999984211172e-06, 6.24999984211172e-06, 6.24999984211172e-06, 6.24999984211172e-06, 6.24999984211172e-06, 6.24999984211172e-06]}