{"loss": [0.5707542896270752], "accuracy": [0.812628448009491], "val_loss": [0.40792059898376465], "val_accuracy": [0.8505458831787109], "lr": [0.0010000000474974513]}