{"loss": [0.8305149078369141, 0.4820937216281891, 0.44024384021759033, 0.41923174262046814, 0.4039658010005951, 0.39497512578964233, 0.385418176651001, 0.3788186013698578, 0.37265774607658386, 0.3676454424858093], "accuracy": [0.7432072758674622, 0.8320811986923218, 0.8443253636360168, 0.8497986793518066, 0.8537866473197937, 0.8564978837966919, 0.858583390712738, 0.860617995262146, 0.8623899221420288, 0.8636921644210815], "val_loss": [0.49564260244369507, 0.45239725708961487, 0.6361479759216309, 0.40869995951652527, 0.37958309054374695, 0.41359204053878784, 0.35998448729515076, 0.3648011088371277, 0.37935584783554077, 0.4071333110332489], "val_accuracy": [0.8233372569084167, 0.8390979170799255, 0.7828896641731262, 0.8535404205322266, 0.8599449992179871, 0.8513196110725403, 0.8645728826522827, 0.8653466105461121, 0.8606756925582886, 0.8498581647872925], "lr": [0.0010000000474974513, 0.0010000000474974513, 0.0010000000474974513, 0.0010000000474974513, 0.0010000000474974513, 0.0010000000474974513, 0.0010000000474974513, 0.0010000000474974513, 0.0010000000474974513, 0.0010000000474974513]}