{"loss": [0.6892355680465698, 0.4322410821914673, 0.3933403491973877, 0.374787300825119, 0.36314693093299866, 0.3549799621105194, 0.348601758480072, 0.34369802474975586, 0.3385806083679199, 0.3347727954387665], "accuracy": [0.7853621244430542, 0.8470174670219421, 0.8575836420059204, 0.8627958297729492, 0.8662202954292297, 0.8682087063789368, 0.8699073791503906, 0.8715582489967346, 0.8730945587158203, 0.8739081025123596], "val_loss": [0.40953657031059265, 0.37804386019706726, 0.3640480637550354, 0.342785507440567, 0.3439148962497711, 0.34188345074653625, 0.32985955476760864, 0.32841673493385315, 0.33784347772598267, 0.33017149567604065], "val_accuracy": [0.8504025936126709, 0.8616499900817871, 0.866765022277832, 0.8713213205337524, 0.8713642954826355, 0.8717081546783447, 0.8753618001937866, 0.8772243857383728, 0.8721809983253479, 0.875834584236145], "lr": [0.0010000000474974513, 0.0010000000474974513, 0.0010000000474974513, 0.0010000000474974513, 0.0010000000474974513, 0.0010000000474974513, 0.0010000000474974513, 0.0010000000474974513, 0.0010000000474974513, 0.0010000000474974513]}