{"loss": [0.5447742938995361, 0.3899900019168854, 0.36843812465667725, 0.35666990280151367, 0.347936749458313, 0.34176233410835266, 0.3353692293167114, 0.3305053114891052, 0.32629862427711487, 0.32248079776763916, 0.3184758424758911, 0.31498780846595764, 0.31145620346069336, 0.3083203434944153, 0.30599167943000793, 0.3026596009731293, 0.29022881388664246, 0.2867131233215332, 0.2829090654850006, 0.28086626529693604, 0.2732238173484802, 0.2711680829524994], "accuracy": [0.8194167613983154, 0.8578096628189087, 0.8639946579933167, 0.8676291704177856, 0.8698707222938538, 0.8714373111724854, 0.8737409114837646, 0.8749237656593323, 0.876326322555542, 0.8771095871925354, 0.8786841034889221, 0.8791441917419434, 0.8803970813751221, 0.8814844489097595, 0.8820034265518188, 0.8831050992012024, 0.886644184589386, 0.8878031373023987, 0.8886882662773132, 0.8895463943481445, 0.8919726014137268, 0.892273485660553], "val_loss": [0.39724916219711304, 0.36693084239959717, 0.36761975288391113, 0.3413679897785187, 0.3464284837245941, 0.3311217725276947, 0.3308734595775604, 0.325550377368927, 0.3239201307296753, 0.32155507802963257, 0.32367876172065735, 0.3197918236255646, 0.3190750181674957, 0.3205697536468506, 0.3199746906757355, 0.32028400897979736, 0.3123144209384918, 0.31633907556533813, 0.3164180517196655, 0.31660979986190796, 0.31529921293258667, 0.31638315320014954], "val_accuracy": [0.8538842797279358, 0.8661776185035706, 0.8625096678733826, 0.8715218901634216, 0.8688998818397522, 0.8744734525680542, 0.8749892711639404, 0.8774393200874329, 0.8778977990150452, 0.8780697584152222, 0.8774106502532959, 0.8782703280448914, 0.8798177242279053, 0.877768874168396, 0.8780553936958313, 0.8804768323898315, 0.8823680877685547, 0.8822248578071594, 0.8823108077049255, 0.8829412460327148, 0.883199155330658, 0.8833423852920532], "lr": [0.0007000000000000001, 0.0007000000000000001, 0.0007000000000000001, 0.0007000000000000001, 0.0007000000000000001, 0.0007000000000000001, 0.0007000000000000001, 0.0007000000000000001, 0.0007000000000000001, 0.0007000000000000001, 0.0007000000000000001, 0.0007000000000000001, 0.0007000000000000001, 0.0007000000000000001, 0.0007000000000000001, 0.0007000000000000001, 0.00035000000000000005, 0.00035000000000000005, 0.00035000000000000005, 0.00035000000000000005, 0.00017500000000000003, 0.00017500000000000003]}