{"loss": [0.5630658268928528, 0.39881137013435364, 0.37682753801345825, 0.3637901842594147, 0.35495007038116455, 0.3480481505393982, 0.34267929196357727, 0.337051659822464, 0.3318679630756378, 0.32778769731521606], "accuracy": [0.8141344785690308, 0.8554121255874634, 0.8616034388542175, 0.8653000593185425, 0.8680797219276428, 0.8699153065681458, 0.8718846440315247, 0.8731630444526672, 0.87468022108078, 0.8757675290107727], "val_loss": [0.40114548802375793, 0.3800739347934723, 0.3669970631599426, 0.34635981917381287, 0.3440859019756317, 0.3419519364833832, 0.3384849429130554, 0.33000993728637695, 0.32884538173675537, 0.32419586181640625], "val_accuracy": [0.8553314208984375, 0.859902024269104, 0.8625383377075195, 0.8704473376274109, 0.870389997959137, 0.8724675178527832, 0.8730263113975525, 0.8759205937385559, 0.8755480647087097, 0.877625584602356], "lr": [0.0010000000474974513, 0.0010000000474974513, 0.0010000000474974513, 0.0010000000474974513, 0.0010000000474974513, 0.0010000000474974513, 0.0010000000474974513, 0.0010000000474974513, 0.0010000000474974513, 0.0010000000474974513]}