{"loss": [0.558775782585144, 0.4064227342605591, 0.38240236043930054, 0.36921119689941406, 0.35892629623413086, 0.35167449712753296, 0.34569984674453735, 0.340104341506958, 0.33582931756973267, 0.33166924118995667, 0.327778697013855, 0.32473742961883545, 0.3216697573661804, 0.3190661370754242, 0.3156857490539551, 0.3138926327228546, 0.3115563690662384, 0.30920758843421936, 0.2974279224872589, 0.2941488027572632, 0.29186347126960754, 0.28994807600975037, 0.2836911380290985, 0.28142228722572327, 0.2795950174331665, 0.276384174823761, 0.27517035603523254, 0.27450981736183167, 0.27273470163345337, 0.27227887511253357, 0.27161288261413574, 0.2711130678653717, 0.2701112926006317, 0.26978471875190735, 0.2702539563179016, 0.26925987005233765, 0.2697029411792755, 0.26939651370048523, 0.27007555961608887, 0.26951953768730164, 0.26955386996269226, 0.26925382018089294, 0.26835203170776367, 0.26858001947402954, 0.2686803340911865, 0.2686125636100769, 0.268473744392395, 0.26876938343048096, 0.2684025764465332, 0.2686102092266083], "accuracy": [0.8164476752281189, 0.8539602160453796, 0.8602184057235718, 0.8644101619720459, 0.8671420216560364, 0.8687165379524231, 0.8707941174507141, 0.8717302083969116, 0.8730611205101013, 0.8741644024848938, 0.8754810094833374, 0.8760493397712708, 0.8773245215415955, 0.8777241110801697, 0.8788639903068542, 0.8793511390686035, 0.8801822066307068, 0.8806183934211731, 0.884544312953949, 0.8855043053627014, 0.8861283659934998, 0.8869466185569763, 0.8886851072311401, 0.8892152309417725, 0.8901991248130798, 0.8910285234451294, 0.8917433619499207, 0.8914743065834045, 0.892490029335022, 0.892257571220398, 0.8926858305931091, 0.8929166793823242, 0.8931952714920044, 0.8933544754981995, 0.8928402662277222, 0.8934149742126465, 0.8932127952575684, 0.8932414650917053, 0.8930854201316833, 0.8934420347213745, 0.8935630321502686, 0.8936426043510437, 0.8938114047050476, 0.8937509059906006, 0.8938989639282227, 0.8935073018074036, 0.8938097953796387, 0.8937206268310547, 0.8934627175331116, 0.8937652111053467], "val_loss": [0.3796532452106476, 0.3602955937385559, 0.3508928418159485, 0.3442501425743103, 0.3431558609008789, 0.3385069966316223, 0.33525243401527405, 0.331585168838501, 0.33110904693603516, 0.33009663224220276, 0.33014869689941406, 0.32691994309425354, 0.32821011543273926, 0.3279825747013092, 0.32527634501457214, 0.326829195022583, 0.32654112577438354, 0.330640971660614, 0.3235316276550293, 0.32346388697624207, 0.32453516125679016, 0.3242097496986389, 0.32445234060287476, 0.3257555067539215, 0.3254554271697998, 0.3243791162967682, 0.3243134617805481, 0.32543230056762695, 0.3256460130214691, 0.32568544149398804, 0.325441837310791, 0.32569462060928345, 0.32590362429618835, 0.3259488344192505, 0.32581230998039246, 0.32595857977867126, 0.32585662603378296, 0.32590702176094055, 0.3258972465991974, 0.32589787244796753, 0.32592323422431946, 0.3259262442588806, 0.3260166049003601, 0.3260236978530884, 0.3259645998477936, 0.326048880815506, 0.32606270909309387, 0.3260760009288788, 0.3260624408721924, 0.32609423995018005], "val_accuracy": [0.8605610728263855, 0.866994321346283, 0.8702610731124878, 0.8715218901634216, 0.8714359402656555, 0.8728114366531372, 0.8748316764831543, 0.8762214779853821, 0.8769808411598206, 0.875834584236145, 0.8770667910575867, 0.8772387504577637, 0.877568244934082, 0.8761928081512451, 0.8784136176109314, 0.8784995675086975, 0.8783133029937744, 0.876035213470459, 0.8793019652366638, 0.8804481625556946, 0.8799467086791992, 0.879287600517273, 0.8805771470069885, 0.8806630969047546, 0.8807490468025208, 0.8812505602836609, 0.8809210062026978, 0.8808780312538147, 0.881365180015564, 0.8811215758323669, 0.8815800547599792, 0.8813937902450562, 0.8815944194793701, 0.8815084099769592, 0.8815657496452332, 0.8815227746963501, 0.8814654350280762, 0.881436824798584, 0.8815800547599792, 0.881436824798584, 0.8815084099769592, 0.8814654350280762, 0.8814511299133301, 0.8815227746963501, 0.8815227746963501, 0.8815800547599792, 0.8815370798110962, 0.8815514445304871, 0.8815657496452332, 0.8815514445304871], "lr": [0.0010000000474974513, 0.0010000000474974513, 0.0010000000474974513, 0.0010000000474974513, 0.0010000000474974513, 0.0010000000474974513, 0.0010000000474974513, 0.0010000000474974513, 0.0010000000474974513, 0.0010000000474974513, 0.0010000000474974513, 0.0010000000474974513, 0.0010000000474974513, 0.0010000000474974513, 0.0010000000474974513, 0.0010000000474974513, 0.0010000000474974513, 0.0010000000474974513, 0.0005000000237487257, 0.0005000000237487257, 0.0005000000237487257, 0.0005000000237487257, 0.0002500000118743628, 0.0002500000118743628, 0.0002500000118743628, 0.0001250000059371814, 0.0001250000059371814, 0.0001250000059371814, 6.25000029685907e-05, 6.25000029685907e-05, 6.25000029685907e-05, 3.125000148429535e-05, 3.125000148429535e-05, 3.125000148429535e-05, 1.5625000742147677e-05, 1.5625000742147677e-05, 1.5625000742147677e-05, 7.812500371073838e-06, 7.812500371073838e-06, 7.812500371073838e-06, 3.906250185536919e-06, 3.906250185536919e-06, 3.906250185536919e-06, 1.9531250927684596e-06, 1.9531250927684596e-06, 1.9531250927684596e-06, 9.999999974752427e-07, 9.999999974752427e-07, 9.999999974752427e-07, 9.999999974752427e-07]}