{"loss": [2.329740285873413, 1.517463207244873, 1.245144009590149, 1.0761367082595825, 0.9569079875946045, 0.872920036315918, 0.8064815402030945, 0.7562462091445923, 0.7143569588661194, 0.6812554001808167, 0.6558562517166138, 0.6332218050956726, 0.6126149892807007, 0.5957185626029968, 0.5818693041801453, 0.5680462121963501, 0.5562299489974976, 0.5451881289482117, 0.5373637080192566, 0.5288810133934021, 0.5213302373886108, 0.5138026475906372, 0.5074583888053894, 0.5012640357017517, 0.4959043562412262, 0.48934608697891235, 0.48495420813560486, 0.48005804419517517, 0.475644588470459, 0.4723380506038666, 0.4680408537387848, 0.46522995829582214, 0.46126651763916016, 0.4579707086086273, 0.4551294147968292, 0.45163485407829285, 0.44871559739112854, 0.44626978039741516, 0.4451345205307007, 0.44120484590530396, 0.44010627269744873, 0.436326801776886, 0.4341398775577545, 0.43243831396102905, 0.4310090243816376, 0.4290974736213684, 0.42651522159576416, 0.4246698021888733, 0.4232274889945984, 0.4218963086605072], "accuracy": [0.4427378177642822, 0.6104782819747925, 0.66524338722229, 0.7007404565811157, 0.725357711315155, 0.743221640586853, 0.7578282952308655, 0.7685313820838928, 0.7791532874107361, 0.7858954071998596, 0.7918893694877625, 0.7972273826599121, 0.8024252653121948, 0.8063575029373169, 0.8091180920600891, 0.8127733469009399, 0.8152536749839783, 0.818678081035614, 0.8204308748245239, 0.8227376937866211, 0.8236037492752075, 0.8262847065925598, 0.8273019790649414, 0.8289576768875122, 0.8305385708808899, 0.8321910500526428, 0.8335219621658325, 0.834502637386322, 0.8359243273735046, 0.8368094563484192, 0.8375497460365295, 0.8381340503692627, 0.8391863703727722, 0.8399568796157837, 0.8412798643112183, 0.8422127366065979, 0.8429164290428162, 0.8436694741249084, 0.8434258699417114, 0.8449207544326782, 0.844626247882843, 0.8461132049560547, 0.8466576337814331, 0.8470668196678162, 0.8471559286117554, 0.8477625250816345, 0.848456621170044, 0.8491905331611633, 0.8499547243118286, 0.8498735427856445], "val_loss": [1.3140020370483398, 1.0201501846313477, 0.8540573716163635, 0.7430909872055054, 0.6652354598045349, 0.6111173033714294, 0.5723996162414551, 0.5429388880729675, 0.5198208689689636, 0.5013504028320312, 0.48474791646003723, 0.4744921326637268, 0.463822603225708, 0.4553140699863434, 0.447920024394989, 0.4409066438674927, 0.4342888593673706, 0.4313674867153168, 0.4262443780899048, 0.4212978482246399, 0.4172552824020386, 0.41391444206237793, 0.41249629855155945, 0.4097207188606262, 0.4061509966850281, 0.4027978777885437, 0.4005354940891266, 0.39937663078308105, 0.39654994010925293, 0.3950634300708771, 0.39318031072616577, 0.3917185962200165, 0.38971543312072754, 0.38877978920936584, 0.3867195248603821, 0.3855186700820923, 0.38359156250953674, 0.38210442662239075, 0.3811779320240021, 0.3798888325691223, 0.3790337145328522, 0.3773893713951111, 0.37711504101753235, 0.3754103481769562, 0.3744352161884308, 0.37400761246681213, 0.372898131608963, 0.37245187163352966, 0.37137940526008606, 0.37032970786094666], "val_accuracy": [0.6611742973327637, 0.7158065438270569, 0.7493337392807007, 0.7728028297424316, 0.7909132838249207, 0.80390864610672, 0.8139668107032776, 0.8214746117591858, 0.8273633718490601, 0.8315041661262512, 0.8354156613349915, 0.8376221656799316, 0.8405736684799194, 0.8422357439994812, 0.8445711731910706, 0.8462761640548706, 0.8481961488723755, 0.8489841818809509, 0.8506032228469849, 0.8518067598342896, 0.8529816269874573, 0.8534401059150696, 0.8539988994598389, 0.8541421890258789, 0.8559331893920898, 0.8567785024642944, 0.8572226762771606, 0.8569217920303345, 0.8582686185836792, 0.8585551977157593, 0.8589420318603516, 0.8591999411582947, 0.8600596189498901, 0.8600022792816162, 0.8604034781455994, 0.8607616424560547, 0.8613491058349609, 0.861420750617981, 0.8619222044944763, 0.8620798587799072, 0.8620225191116333, 0.8628821969032288, 0.8628535270690918, 0.8630971312522888, 0.863269031047821, 0.8636988997459412, 0.8641430735588074, 0.8637705445289612, 0.8643579483032227, 0.8645156025886536], "lr": [3.906250185536919e-06, 3.906250185536919e-06, 3.906250185536919e-06, 3.906250185536919e-06, 3.906250185536919e-06, 3.906250185536919e-06, 3.906250185536919e-06, 3.906250185536919e-06, 3.906250185536919e-06, 3.906250185536919e-06, 3.906250185536919e-06, 3.906250185536919e-06, 3.906250185536919e-06, 3.906250185536919e-06, 3.906250185536919e-06, 3.906250185536919e-06, 3.906250185536919e-06, 3.906250185536919e-06, 3.906250185536919e-06, 3.906250185536919e-06, 3.906250185536919e-06, 3.906250185536919e-06, 3.906250185536919e-06, 3.906250185536919e-06, 3.906250185536919e-06, 3.906250185536919e-06, 3.906250185536919e-06, 3.906250185536919e-06, 3.906250185536919e-06, 3.906250185536919e-06, 3.906250185536919e-06, 3.906250185536919e-06, 3.906250185536919e-06, 3.906250185536919e-06, 3.906250185536919e-06, 3.906250185536919e-06, 3.906250185536919e-06, 3.906250185536919e-06, 3.906250185536919e-06, 3.906250185536919e-06, 3.906250185536919e-06, 3.906250185536919e-06, 3.906250185536919e-06, 3.906250185536919e-06, 3.906250185536919e-06, 3.906250185536919e-06, 3.906250185536919e-06, 3.906250185536919e-06, 3.906250185536919e-06, 3.906250185536919e-06]}