{"loss": [0.5355623364448547, 0.38780519366264343, 0.36742791533470154, 0.3561650812625885, 0.3475514054298401, 0.3405134677886963, 0.3356919288635254, 0.33050209283828735, 0.32561349868774414, 0.32121792435646057, 0.3176124095916748, 0.3141120672225952, 0.3108929991722107, 0.3074778616428375, 0.3044988214969635, 0.2915303707122803, 0.28708308935165405, 0.28399503231048584, 0.2814590632915497, 0.27918559312820435, 0.2716441750526428, 0.268521249294281], "accuracy": [0.8209960460662842, 0.858433723449707, 0.8642860054969788, 0.8673697113990784, 0.8699328303337097, 0.8718273043632507, 0.8731040954589844, 0.8749827146530151, 0.8765460252761841, 0.8774391412734985, 0.8785232901573181, 0.8795676827430725, 0.880599319934845, 0.8818012475967407, 0.882420539855957, 0.886566162109375, 0.8873955607414246, 0.88829505443573, 0.8892964720726013, 0.8898043036460876, 0.8923928737640381, 0.8932510018348694], "val_loss": [0.39722639322280884, 0.3676593005657196, 0.3519502580165863, 0.3397521674633026, 0.3439432680606842, 0.32975998520851135, 0.33224746584892273, 0.3254619538784027, 0.32691851258277893, 0.325264573097229, 0.32710424065589905, 0.31746506690979004, 0.3233983814716339, 0.32169294357299805, 0.3197179436683655, 0.3164336681365967, 0.31542274355888367, 0.31938108801841736, 0.32240965962409973, 0.3225490152835846, 0.3199705481529236, 0.3201787769794464], "val_accuracy": [0.8534544706344604, 0.8654038906097412, 0.8676533699035645, 0.8714502453804016, 0.870389997959137, 0.8751755356788635, 0.8744304776191711, 0.877568244934082, 0.8768088817596436, 0.8764507174491882, 0.8769378662109375, 0.8795168399810791, 0.8787574768066406, 0.8780410885810852, 0.8788434267044067, 0.88130784034729, 0.88123619556427, 0.8815800547599792, 0.8814224600791931, 0.88123619556427, 0.8823824524879456, 0.8820385932922363], "lr": [0.0008, 0.0008, 0.0008, 0.0008, 0.0008, 0.0008, 0.0008, 0.0008, 0.0008, 0.0008, 0.0008, 0.0008, 0.0008, 0.0008, 0.0008, 0.0004, 0.0004, 0.0004, 0.0004, 0.0004, 0.0002, 0.0002]}