{"loss": [2.0161855220794678, 1.367499589920044, 1.1752104759216309, 1.0609383583068848, 0.9792713522911072, 0.9193023443222046, 0.8679831027984619, 0.8283349275588989, 0.7933792471885681, 0.7647745013237, 0.7387468814849854, 0.7147626280784607, 0.6958805322647095, 0.6784099340438843, 0.6623348593711853, 0.647564172744751, 0.6343006491661072, 0.6230274438858032, 0.6104545593261719, 0.600942075252533, 0.5898084044456482, 0.5824375152587891, 0.5718972086906433, 0.5657630562782288, 0.5567102432250977, 0.5501543283462524, 0.5440763235092163, 0.5371654629707336, 0.5322784185409546, 0.5250575542449951, 0.5207172632217407, 0.515775740146637, 0.5105476379394531, 0.5058197379112244, 0.502683699131012, 0.4969036281108856, 0.49369463324546814, 0.490792453289032, 0.48588135838508606, 0.4828108251094818, 0.4790553152561188, 0.4765424430370331, 0.47284170985221863, 0.46935611963272095, 0.46695253252983093, 0.4645921587944031, 0.4609445333480835, 0.4580529034137726, 0.4558286964893341, 0.45320963859558105], "accuracy": [0.5091994404792786, 0.6270081400871277, 0.6664453744888306, 0.6917678713798523, 0.7103386521339417, 0.7241747975349426, 0.7356850504875183, 0.7453867793083191, 0.7532274127006531, 0.7602863907814026, 0.7667340040206909, 0.7724365592002869, 0.777000904083252, 0.7812340259552002, 0.7854958176612854, 0.7889266014099121, 0.7918972969055176, 0.7949730753898621, 0.7983974814414978, 0.8006470203399658, 0.8038803339004517, 0.8055153489112854, 0.8077234625816345, 0.8094906210899353, 0.8119359016418457, 0.8136330246925354, 0.8153364658355713, 0.8174331188201904, 0.8182068467140198, 0.820534348487854, 0.8214020133018494, 0.8232216835021973, 0.824762761592865, 0.8256558775901794, 0.8269597291946411, 0.8283511400222778, 0.8296263217926025, 0.8300036191940308, 0.8311546444892883, 0.8322706818580627, 0.8335490226745605, 0.8337352871894836, 0.8348926901817322, 0.8361281156539917, 0.8369814157485962, 0.8371676802635193, 0.838415801525116, 0.8391942977905273, 0.8396193981170654, 0.8408882021903992], "val_loss": [0.9337547421455383, 0.7653893828392029, 0.6968132853507996, 0.6438762545585632, 0.6090624928474426, 0.5815982818603516, 0.5604104995727539, 0.5423811674118042, 0.5283895134925842, 0.5144572854042053, 0.5006841421127319, 0.4932006895542145, 0.4850938022136688, 0.4778346121311188, 0.471824049949646, 0.46595245599746704, 0.4583413004875183, 0.4544876217842102, 0.45108357071876526, 0.4466230869293213, 0.44437700510025024, 0.4388539493083954, 0.4366939961910248, 0.43255117535591125, 0.4315740764141083, 0.42753729224205017, 0.4227483570575714, 0.421558141708374, 0.41871580481529236, 0.4180963337421417, 0.41543126106262207, 0.4127301275730133, 0.4108278751373291, 0.4091477394104004, 0.40662842988967896, 0.4057852327823639, 0.4046761691570282, 0.40354156494140625, 0.40083497762680054, 0.3990198075771332, 0.3985190689563751, 0.3953319787979126, 0.3958691954612732, 0.3935227692127228, 0.39226046204566956, 0.3920477628707886, 0.3895738124847412, 0.3885917663574219, 0.3890901207923889, 0.3867540657520294], "val_accuracy": [0.7290598154067993, 0.7686764001846313, 0.7863713502883911, 0.7995386719703674, 0.8076338768005371, 0.8145972490310669, 0.819941520690918, 0.8240823149681091, 0.8283950090408325, 0.8320629000663757, 0.8349571824073792, 0.8370347023010254, 0.8387253880500793, 0.8401151895523071, 0.841834545135498, 0.8433102965354919, 0.845187246799469, 0.8461185693740845, 0.8462905287742615, 0.8472504615783691, 0.8481245040893555, 0.8493280410766602, 0.8496289253234863, 0.8510473966598511, 0.8509900569915771, 0.8523225784301758, 0.8526950478553772, 0.8537266850471497, 0.8538413047790527, 0.854185163974762, 0.8552311062812805, 0.8555893301963806, 0.8556609153747559, 0.8563916683197021, 0.8570364117622375, 0.8567498922348022, 0.8576955199241638, 0.8575809001922607, 0.8579390645027161, 0.8588990569114685, 0.8589420318603516, 0.8593145608901978, 0.8593718409538269, 0.8600166440010071, 0.8600309491157532, 0.8604464530944824, 0.8611772060394287, 0.8611485362052917, 0.8606613874435425, 0.8616499900817871], "lr": [7.812500371073838e-06, 7.812500371073838e-06, 7.812500371073838e-06, 7.812500371073838e-06, 7.812500371073838e-06, 7.812500371073838e-06, 7.812500371073838e-06, 7.812500371073838e-06, 7.812500371073838e-06, 7.812500371073838e-06, 7.812500371073838e-06, 7.812500371073838e-06, 7.812500371073838e-06, 7.812500371073838e-06, 7.812500371073838e-06, 7.812500371073838e-06, 7.812500371073838e-06, 7.812500371073838e-06, 7.812500371073838e-06, 7.812500371073838e-06, 7.812500371073838e-06, 7.812500371073838e-06, 7.812500371073838e-06, 7.812500371073838e-06, 7.812500371073838e-06, 7.812500371073838e-06, 7.812500371073838e-06, 7.812500371073838e-06, 7.812500371073838e-06, 7.812500371073838e-06, 7.812500371073838e-06, 7.812500371073838e-06, 7.812500371073838e-06, 7.812500371073838e-06, 7.812500371073838e-06, 7.812500371073838e-06, 7.812500371073838e-06, 7.812500371073838e-06, 7.812500371073838e-06, 7.812500371073838e-06, 7.812500371073838e-06, 7.812500371073838e-06, 7.812500371073838e-06, 7.812500371073838e-06, 7.812500371073838e-06, 7.812500371073838e-06, 7.812500371073838e-06, 7.812500371073838e-06, 7.812500371073838e-06, 7.812500371073838e-06]}