{"loss": [4.11237907409668, 4.095135688781738, 4.0769572257995605, 4.060352802276611, 4.043584823608398, 4.0266594886779785, 4.0094499588012695, 3.992156982421875, 3.9750003814697266, 3.9579057693481445, 3.9407293796539307, 3.9237542152404785, 3.906891345977783, 3.890207052230835, 3.873507261276245, 3.856757879257202, 3.839960813522339, 3.8230972290039062, 3.806119441986084, 3.7890141010284424, 3.771859884262085, 3.754580497741699, 3.737356662750244, 3.7201027870178223, 3.703038215637207, 3.686096429824829, 3.6690025329589844, 3.65203857421875, 3.6347882747650146, 3.6178464889526367, 3.6008951663970947, 3.584214210510254, 3.5673158168792725, 3.550419807434082, 3.533684492111206, 3.516613006591797, 3.499917984008789, 3.483126401901245, 3.4662485122680664, 3.450043201446533, 3.433230400085449, 3.4171605110168457, 3.4001479148864746, 3.383821964263916, 3.366663932800293, 3.351043939590454, 3.334735155105591, 3.318070888519287, 3.3020107746124268, 3.2859606742858887], "accuracy": [0.0472237728536129, 0.08853164315223694, 0.17780834436416626, 0.25376471877098083, 0.3100517988204956, 0.35301533341407776, 0.4017133116722107, 0.45237264037132263, 0.4773528575897217, 0.4907146096229553, 0.4982129633426666, 0.5028663873672485, 0.5059390068054199, 0.508120059967041, 0.5099349617958069, 0.5111926198005676, 0.5127432346343994, 0.5138974189758301, 0.5151312351226807, 0.5162568092346191, 0.5178647041320801, 0.5197687745094299, 0.521938681602478, 0.5244699716567993, 0.5271015763282776, 0.529757022857666, 0.5323328971862793, 0.5349931716918945, 0.5373541116714478, 0.539898157119751, 0.5423132181167603, 0.5441933870315552, 0.5465097427368164, 0.5491413474082947, 0.5519559979438782, 0.5546640157699585, 0.5566110610961914, 0.5590436458587646, 0.5617580413818359, 0.563894510269165, 0.5663923621177673, 0.5682820677757263, 0.5701892971992493, 0.5718943476676941, 0.5744304060935974, 0.5760558843612671, 0.577824592590332, 0.5798989534378052, 0.5807459354400635, 0.5829986333847046], "val_loss": [4.103320121765137, 4.085353851318359, 4.068280220031738, 4.051393508911133, 4.034097671508789, 4.016613006591797, 3.9986343383789062, 3.980720043182373, 3.963019847869873, 3.9453301429748535, 3.927615165710449, 3.910250186920166, 3.892965793609619, 3.875814437866211, 3.8587310314178467, 3.8413846492767334, 3.823917865753174, 3.80633282661438, 3.7888119220733643, 3.770942449569702, 3.753220796585083, 3.735351085662842, 3.7176198959350586, 3.7000439167022705, 3.6823647022247314, 3.664497137069702, 3.6468753814697266, 3.629302978515625, 3.6117632389068604, 3.59421968460083, 3.576813220977783, 3.5593817234039307, 3.542187213897705, 3.5247859954833984, 3.5077152252197266, 3.490302801132202, 3.4730937480926514, 3.455951690673828, 3.4390482902526855, 3.42187237739563, 3.404759407043457, 3.387769937515259, 3.3705286979675293, 3.3539252281188965, 3.336881637573242, 3.3199257850646973, 3.3033194541931152, 3.286513328552246, 3.2697486877441406, 3.253369092941284], "val_accuracy": [0.04748259112238884, 0.132590189576149, 0.2652376890182495, 0.31850874423980713, 0.34511563181877136, 0.3847322165966034, 0.4531048536300659, 0.4836089015007019, 0.4961458146572113, 0.503639280796051, 0.5078373551368713, 0.51080322265625, 0.512465238571167, 0.5139840245246887, 0.5152305364608765, 0.5159755945205688, 0.5172507762908936, 0.518139123916626, 0.5187551975250244, 0.5193282961845398, 0.5198584198951721, 0.5204745531082153, 0.5208756923675537, 0.5213198661804199, 0.5216494202613831, 0.5216494202613831, 0.5219216346740723, 0.5219503045082092, 0.5246726274490356, 0.5351892709732056, 0.5419806838035583, 0.5480270385742188, 0.5514227747917175, 0.5530418157577515, 0.5540590882301331, 0.5546321868896484, 0.5554918646812439, 0.5558357238769531, 0.5560793280601501, 0.5567240715026855, 0.5583860874176025, 0.5646330714225769, 0.5669112205505371, 0.5708943605422974, 0.5725420713424683, 0.5766828060150146, 0.5773705244064331, 0.5785597562789917, 0.5794337391853333, 0.5803220868110657], "lr": [7.812500371073838e-06, 7.812500371073838e-06, 7.812500371073838e-06, 7.812500371073838e-06, 7.812500371073838e-06, 7.812500371073838e-06, 7.812500371073838e-06, 7.812500371073838e-06, 7.812500371073838e-06, 7.812500371073838e-06, 7.812500371073838e-06, 7.812500371073838e-06, 7.812500371073838e-06, 7.812500371073838e-06, 7.812500371073838e-06, 7.812500371073838e-06, 7.812500371073838e-06, 7.812500371073838e-06, 7.812500371073838e-06, 7.812500371073838e-06, 7.812500371073838e-06, 7.812500371073838e-06, 7.812500371073838e-06, 7.812500371073838e-06, 7.812500371073838e-06, 7.812500371073838e-06, 7.812500371073838e-06, 7.812500371073838e-06, 7.812500371073838e-06, 7.812500371073838e-06, 7.812500371073838e-06, 7.812500371073838e-06, 7.812500371073838e-06, 7.812500371073838e-06, 7.812500371073838e-06, 7.812500371073838e-06, 7.812500371073838e-06, 7.812500371073838e-06, 7.812500371073838e-06, 7.812500371073838e-06, 7.812500371073838e-06, 7.812500371073838e-06, 7.812500371073838e-06, 7.812500371073838e-06, 7.812500371073838e-06, 7.812500371073838e-06, 7.812500371073838e-06, 7.812500371073838e-06, 7.812500371073838e-06, 7.812500371073838e-06]}