{"loss": [0.7771610021591187, 0.4701656997203827, 0.4330371916294098, 0.41283905506134033, 0.3998430669307709, 0.3895852565765381, 0.38302239775657654, 0.3761906325817108, 0.37054771184921265, 0.3655742108821869], "accuracy": [0.7572806477546692, 0.8356934785842896, 0.8455352783203125, 0.8515180349349976, 0.85454922914505, 0.8577762246131897, 0.8595927357673645, 0.8612181544303894, 0.8633037209510803, 0.8642429709434509], "val_loss": [0.500577986240387, 0.42773351073265076, 0.3950519263744354, 0.39625322818756104, 0.3918001651763916, 0.39075860381126404, 0.35703274607658386, 0.3615230321884155, 0.3589215874671936, 0.38547608256340027], "val_accuracy": [0.8235664963722229, 0.8451442718505859, 0.8580823540687561, 0.8565062880516052, 0.8576668500900269, 0.8565492630004883, 0.8669083118438721, 0.8644869327545166, 0.8672808408737183, 0.85785311460495], "lr": [0.0010000000474974513, 0.0010000000474974513, 0.0010000000474974513, 0.0010000000474974513, 0.0010000000474974513, 0.0010000000474974513, 0.0010000000474974513, 0.0010000000474974513, 0.0010000000474974513, 0.0010000000474974513]}