{"loss": [1.1346615552902222, 0.659777820110321, 0.5676363110542297, 0.5195432305335999, 0.4887552261352539, 0.4674535095691681, 0.45139262080192566, 0.4380249083042145, 0.42793238162994385, 0.4185483753681183, 0.41086483001708984, 0.40501829981803894, 0.39928188920021057, 0.39324721693992615, 0.38853150606155396, 0.38489022850990295, 0.3803045153617859, 0.37754231691360474, 0.3739214837551117, 0.3715478479862213, 0.3686296343803406, 0.36591723561286926, 0.3632758855819702, 0.3617677092552185, 0.3592785894870758, 0.35678204894065857, 0.3550698757171631, 0.35299909114837646, 0.35138264298439026, 0.3498981297016144, 0.34852373600006104, 0.34729060530662537, 0.34524521231651306, 0.3439699411392212, 0.3421895503997803, 0.3411544859409332, 0.33994796872138977, 0.3387472629547119, 0.3374359905719757, 0.3365408480167389, 0.3356323838233948, 0.33407437801361084, 0.3331071436405182, 0.33209750056266785, 0.3311544954776764, 0.32993122935295105, 0.3289565443992615, 0.3285006880760193, 0.3275107741355896, 0.3267497718334198], "accuracy": [0.6894865036010742, 0.7902814149856567, 0.8124724626541138, 0.8239444494247437, 0.8315749764442444, 0.8372743725776672, 0.8417526483535767, 0.8452376127243042, 0.8479042053222656, 0.8506568074226379, 0.852527379989624, 0.854394793510437, 0.8557655215263367, 0.8577714562416077, 0.8588142395019531, 0.8595752120018005, 0.8610844612121582, 0.8619186282157898, 0.8625363707542419, 0.8638210892677307, 0.8642604947090149, 0.8651440739631653, 0.8657522201538086, 0.8662154674530029, 0.86664217710495, 0.8676912784576416, 0.8681625127792358, 0.8685939311981201, 0.8687611222267151, 0.8695698380470276, 0.8702050447463989, 0.8699121475219727, 0.8706667423248291, 0.870773434638977, 0.8714357018470764, 0.8715137243270874, 0.8721504807472229, 0.87235426902771, 0.8730101585388184, 0.8727936744689941, 0.8732632994651794, 0.8738746643066406, 0.8740004301071167, 0.874404788017273, 0.8743252158164978, 0.8748680353164673, 0.8749619722366333, 0.8754491209983826, 0.8755717277526855, 0.8758248686790466], "val_loss": [0.5386140942573547, 0.45983392000198364, 0.4292772114276886, 0.4105299115180969, 0.40017473697662354, 0.390523761510849, 0.3803848624229431, 0.37883201241493225, 0.3725988566875458, 0.371542751789093, 0.3624246418476105, 0.36173322796821594, 0.3592275381088257, 0.3592933118343353, 0.35300904512405396, 0.35167792439460754, 0.34761667251586914, 0.34785783290863037, 0.3474388122558594, 0.3446202576160431, 0.3433709144592285, 0.3422413170337677, 0.3424869775772095, 0.3418349325656891, 0.3425378203392029, 0.3372552692890167, 0.33780238032341003, 0.33641982078552246, 0.333957701921463, 0.3348698318004608, 0.33339229226112366, 0.3322650194168091, 0.33135539293289185, 0.33064115047454834, 0.33048975467681885, 0.3318047821521759, 0.33072802424430847, 0.328048437833786, 0.32969334721565247, 0.3292188346385956, 0.3275114893913269, 0.32708942890167236, 0.3270813524723053, 0.3265174925327301, 0.32701510190963745, 0.32521045207977295, 0.32550954818725586, 0.3242422640323639, 0.32644885778427124, 0.3246164917945862], "val_accuracy": [0.8201994299888611, 0.8405880331993103, 0.8492850661277771, 0.8541708588600159, 0.8574089407920837, 0.8588703870773315, 0.8616929650306702, 0.8625239729881287, 0.8637705445289612, 0.8643293380737305, 0.8666934370994568, 0.8656904697418213, 0.866936981678009, 0.8664498329162598, 0.868598997592926, 0.8693153858184814, 0.8710061311721802, 0.8699887990951538, 0.8711063861846924, 0.8709774613380432, 0.8716078996658325, 0.8720950484275818, 0.872052013874054, 0.8713213205337524, 0.8711493611335754, 0.8745021224021912, 0.8731409311294556, 0.8734704852104187, 0.8746883869171143, 0.8735421299934387, 0.8746167421340942, 0.8747886419296265, 0.8754334449768066, 0.8755766749382019, 0.8755623698234558, 0.8749032616615295, 0.8756483197212219, 0.8755910396575928, 0.8753618001937866, 0.875934898853302, 0.8766512870788574, 0.8772817254066467, 0.8765079975128174, 0.8765079975128174, 0.8765223622322083, 0.8778834939002991, 0.8769951462745667, 0.8779694437980652, 0.8773676753044128, 0.8772530555725098], "lr": [1.5625000742147677e-05, 1.5625000742147677e-05, 1.5625000742147677e-05, 1.5625000742147677e-05, 1.5625000742147677e-05, 1.5625000742147677e-05, 1.5625000742147677e-05, 1.5625000742147677e-05, 1.5625000742147677e-05, 1.5625000742147677e-05, 1.5625000742147677e-05, 1.5625000742147677e-05, 1.5625000742147677e-05, 1.5625000742147677e-05, 1.5625000742147677e-05, 1.5625000742147677e-05, 1.5625000742147677e-05, 1.5625000742147677e-05, 1.5625000742147677e-05, 1.5625000742147677e-05, 1.5625000742147677e-05, 1.5625000742147677e-05, 1.5625000742147677e-05, 1.5625000742147677e-05, 1.5625000742147677e-05, 1.5625000742147677e-05, 1.5625000742147677e-05, 1.5625000742147677e-05, 1.5625000742147677e-05, 1.5625000742147677e-05, 1.5625000742147677e-05, 1.5625000742147677e-05, 1.5625000742147677e-05, 1.5625000742147677e-05, 1.5625000742147677e-05, 1.5625000742147677e-05, 1.5625000742147677e-05, 1.5625000742147677e-05, 1.5625000742147677e-05, 1.5625000742147677e-05, 1.5625000742147677e-05, 1.5625000742147677e-05, 1.5625000742147677e-05, 1.5625000742147677e-05, 1.5625000742147677e-05, 1.5625000742147677e-05, 1.5625000742147677e-05, 1.5625000742147677e-05, 1.5625000742147677e-05, 1.5625000742147677e-05]}