{"loss": [0.5847297310829163, 0.4329627752304077, 0.40709081292152405, 0.3932512700557709, 0.38382279872894287, 0.37637606263160706, 0.3697558343410492, 0.3642546534538269, 0.35971200466156006, 0.35586464405059814], "accuracy": [0.8058083057403564, 0.8458648324012756, 0.8533090949058533, 0.8571330904960632, 0.8594622015953064, 0.8618645071983337, 0.8638529777526855, 0.8652395606040955, 0.8666102886199951, 0.8673044443130493], "val_loss": [0.40323227643966675, 0.389806866645813, 0.3817274868488312, 0.36620619893074036, 0.36361339688301086, 0.35595443844795227, 0.35211804509162903, 0.3487735092639923, 0.3479904532432556, 0.34313327074050903], "val_accuracy": [0.8551451563835144, 0.8594291806221008, 0.861592710018158, 0.8657047748565674, 0.8656904697418213, 0.8678969740867615, 0.87028968334198, 0.8706192374229431, 0.8708771467208862, 0.8714502453804016], "lr": [0.0005000000237487257, 0.0005000000237487257, 0.0005000000237487257, 0.0005000000237487257, 0.0005000000237487257, 0.0005000000237487257, 0.0005000000237487257, 0.0005000000237487257, 0.0005000000237487257, 0.0005000000237487257]}