{"loss": [0.5494571328163147, 0.4080553352832794, 0.38549670577049255, 0.37291231751441956, 0.36405149102211, 0.357361763715744, 0.3508549928665161, 0.34702086448669434, 0.3431256115436554, 0.33906522393226624, 0.3355136811733246, 0.3331318795681, 0.3299787938594818, 0.3279765248298645, 0.32557210326194763, 0.3143945038318634, 0.31033506989479065, 0.30810973048210144, 0.30680933594703674, 0.30486300587654114, 0.2985375225543976, 0.2959410846233368], "accuracy": [0.8195043206214905, 0.8536067605018616, 0.8597296476364136, 0.8629566431045532, 0.8656725883483887, 0.8673330545425415, 0.8690938353538513, 0.8700426816940308, 0.8712096214294434, 0.8726902008056641, 0.8734352588653564, 0.8735418915748596, 0.8750065565109253, 0.8754889369010925, 0.8759124279022217, 0.8792747259140015, 0.8806884288787842, 0.8815560936927795, 0.8816802501678467, 0.8818984031677246, 0.8841112852096558, 0.8843803405761719], "val_loss": [0.3947752118110657, 0.3688373267650604, 0.3577672839164734, 0.34894493222236633, 0.34605008363723755, 0.3388368487358093, 0.339047908782959, 0.33373233675956726, 0.33294451236724854, 0.3321738541126251, 0.33107540011405945, 0.3272714614868164, 0.33269190788269043, 0.32922759652137756, 0.33008143305778503, 0.32502439618110657, 0.3229677379131317, 0.3245827555656433, 0.325234591960907, 0.32342037558555603, 0.3230859935283661, 0.323168009519577], "val_accuracy": [0.8566352128982544, 0.8662062883377075, 0.8675530552864075, 0.8702324032783508, 0.8698025345802307, 0.8735707998275757, 0.8738000392913818, 0.8754907250404358, 0.8755910396575928, 0.8761928081512451, 0.875762939453125, 0.8770667910575867, 0.875963568687439, 0.8771527409553528, 0.8767372369766235, 0.8784995675086975, 0.8791873455047607, 0.8787718415260315, 0.8786141872406006, 0.87967449426651, 0.8797604441642761, 0.8802762627601624], "lr": [0.0010000000474974513, 0.0010000000474974513, 0.0010000000474974513, 0.0010000000474974513, 0.0010000000474974513, 0.0010000000474974513, 0.0010000000474974513, 0.0010000000474974513, 0.0010000000474974513, 0.0010000000474974513, 0.0010000000474974513, 0.0010000000474974513, 0.0010000000474974513, 0.0010000000474974513, 0.0010000000474974513, 0.0005000000237487257, 0.0005000000237487257, 0.0005000000237487257, 0.0005000000237487257, 0.0005000000237487257, 0.0002500000118743628, 0.0002500000118743628]}