{"loss": [0.8528103828430176], "accuracy": [0.7617669105529785], "val_loss": [0.48063284158706665], "val_accuracy": [0.832550048828125], "lr": [0.0010000000474974513]}