{"loss": [3.842512607574463, 3.187145948410034, 2.8349192142486572, 2.5841963291168213, 2.3942508697509766, 2.2344577312469482, 2.0918936729431152, 1.9699959754943848, 1.8729994297027588, 1.7764884233474731, 1.7029387950897217, 1.622064232826233, 1.557045340538025, 1.4998085498809814, 1.4369651079177856, 1.3847912549972534, 1.338079571723938, 1.2938926219940186, 1.2507587671279907, 1.212274432182312, 1.1813403367996216, 1.150102972984314, 1.1196600198745728, 1.088120937347412, 1.0656161308288574, 1.033455729484558, 1.0117398500442505, 0.9889791011810303, 0.9699344038963318, 0.9493092894554138, 0.927281379699707, 0.912481427192688, 0.8952046036720276, 0.8792836666107178, 0.8675070405006409, 0.8490337133407593, 0.8390600085258484, 0.8242892026901245, 0.8103533983230591, 0.8002175092697144, 0.7832140922546387, 0.7787732481956482, 0.7685720324516296, 0.757745087146759, 0.7461798787117004, 0.7342172265052795, 0.7251359820365906, 0.7186345458030701, 0.7117906212806702, 0.7044927477836609], "accuracy": [0.08067455142736435, 0.17160335183143616, 0.24231916666030884, 0.2965848743915558, 0.34189659357070923, 0.3790423572063446, 0.4143756330013275, 0.44894060492515564, 0.47274893522262573, 0.5014233589172363, 0.5170165300369263, 0.5400368571281433, 0.5584373474121094, 0.5737448334693909, 0.5902835726737976, 0.6061033010482788, 0.6169189810752869, 0.6283060312271118, 0.6417123675346375, 0.6495237350463867, 0.6570395827293396, 0.6661314368247986, 0.6737753748893738, 0.6831824779510498, 0.6880879402160645, 0.6956333518028259, 0.7007555365562439, 0.7080743312835693, 0.7123986482620239, 0.7179739475250244, 0.7243077754974365, 0.7286123633384705, 0.731528103351593, 0.7365123629570007, 0.739300012588501, 0.7435553669929504, 0.7454663515090942, 0.7511894106864929, 0.7545878291130066, 0.7562721967697144, 0.7610693573951721, 0.7600449323654175, 0.763463020324707, 0.767442524433136, 0.7716190814971924, 0.7738157510757446, 0.7771845459938049, 0.7768003940582275, 0.7797456383705139, 0.7804746031761169], "val_loss": [3.459993600845337, 2.5936405658721924, 2.151081085205078, 1.909195065498352, 1.7341623306274414, 1.597505807876587, 1.4783861637115479, 1.3728464841842651, 1.2830824851989746, 1.2100030183792114, 1.1364470720291138, 1.0760363340377808, 1.0215173959732056, 0.9760598540306091, 0.9320494532585144, 0.8931423425674438, 0.8549330830574036, 0.8239113092422485, 0.7977064847946167, 0.7701180577278137, 0.74587082862854, 0.7251782417297363, 0.7030439972877502, 0.6856372952461243, 0.6671327352523804, 0.6523408889770508, 0.6373040676116943, 0.6228750348091125, 0.6101832389831543, 0.5984183549880981, 0.5863610506057739, 0.5761796236038208, 0.5668304562568665, 0.5577442049980164, 0.5474664568901062, 0.5411756634712219, 0.5319064259529114, 0.5256789922714233, 0.5172713994979858, 0.5116763710975647, 0.5054839253425598, 0.49840110540390015, 0.4935048520565033, 0.4878014028072357, 0.4822787642478943, 0.47743332386016846, 0.47223931550979614, 0.46777987480163574, 0.46281951665878296, 0.458294153213501], "val_accuracy": [0.15212765336036682, 0.3897162973880768, 0.49485814571380615, 0.5503545999526978, 0.5859929323196411, 0.6159574389457703, 0.6423758864402771, 0.6636524796485901, 0.6821808218955994, 0.6964539289474487, 0.7124113440513611, 0.7237588763237, 0.7336879372596741, 0.7410460710525513, 0.7492907643318176, 0.7554964423179626, 0.7634751796722412, 0.7676418423652649, 0.7730496525764465, 0.778723418712616, 0.7835106253623962, 0.7875886559486389, 0.7909574508666992, 0.7952127456665039, 0.7996453642845154, 0.8016843795776367, 0.8040780425071716, 0.8066489100456238, 0.8095744848251343, 0.8120567202568054, 0.8140071034431458, 0.8171985745429993, 0.8196808695793152, 0.8207446932792664, 0.8229609727859497, 0.8242021203041077, 0.8258865475654602, 0.827482283115387, 0.8297872543334961, 0.8301418423652649, 0.8320035338401794, 0.833776593208313, 0.8343085050582886, 0.8367908000946045, 0.838563859462738, 0.8403368592262268, 0.8411347270011902, 0.8424645662307739, 0.8442375659942627, 0.8459219932556152], "lr": [3.12499992105586e-06, 3.12499992105586e-06, 3.12499992105586e-06, 3.12499992105586e-06, 3.12499992105586e-06, 3.12499992105586e-06, 3.12499992105586e-06, 3.12499992105586e-06, 3.12499992105586e-06, 3.12499992105586e-06, 3.12499992105586e-06, 3.12499992105586e-06, 3.12499992105586e-06, 3.12499992105586e-06, 3.12499992105586e-06, 3.12499992105586e-06, 3.12499992105586e-06, 3.12499992105586e-06, 3.12499992105586e-06, 3.12499992105586e-06, 3.12499992105586e-06, 3.12499992105586e-06, 3.12499992105586e-06, 3.12499992105586e-06, 3.12499992105586e-06, 3.12499992105586e-06, 3.12499992105586e-06, 3.12499992105586e-06, 3.12499992105586e-06, 3.12499992105586e-06, 3.12499992105586e-06, 3.12499992105586e-06, 3.12499992105586e-06, 3.12499992105586e-06, 3.12499992105586e-06, 3.12499992105586e-06, 3.12499992105586e-06, 3.12499992105586e-06, 3.12499992105586e-06, 3.12499992105586e-06, 3.12499992105586e-06, 3.12499992105586e-06, 3.12499992105586e-06, 3.12499992105586e-06, 3.12499992105586e-06, 3.12499992105586e-06, 3.12499992105586e-06, 3.12499992105586e-06, 3.12499992105586e-06, 3.12499992105586e-06]}