{"loss": [0.5827062129974365, 0.4357962906360626, 0.4096481502056122, 0.39505428075790405, 0.38528111577033997, 0.3782395124435425, 0.37122073769569397, 0.3665206730365753, 0.3620930314064026, 0.35750114917755127], "accuracy": [0.8065007925033569, 0.8452821373939514, 0.852571964263916, 0.8566650152206421, 0.8592202067375183, 0.8614363074302673, 0.8633928298950195, 0.8647492527961731, 0.8658493161201477, 0.8672932982444763], "val_loss": [0.40868034958839417, 0.39350324869155884, 0.37545210123062134, 0.3665103614330292, 0.36654555797576904, 0.3616352081298828, 0.3596160113811493, 0.34642067551612854, 0.348402738571167, 0.3448523283004761], "val_accuracy": [0.8526950478553772, 0.8585408329963684, 0.863469660282135, 0.8651459813117981, 0.8636988997459412, 0.8660056591033936, 0.8672235608100891, 0.8716938495635986, 0.8711350560188293, 0.8715792298316956], "lr": [0.0005000000237487257, 0.0005000000237487257, 0.0005000000237487257, 0.0005000000237487257, 0.0005000000237487257, 0.0005000000237487257, 0.0005000000237487257, 0.0005000000237487257, 0.0005000000237487257, 0.0005000000237487257]}