{"loss": [0.7321810126304626, 0.4312504529953003, 0.3940461575984955, 0.3756953477859497, 0.3632282018661499, 0.35409015417099, 0.3483641445636749, 0.3427462875843048, 0.3375251591205597, 0.3336751461029053, 0.3298722505569458, 0.32785123586654663, 0.32398974895477295, 0.3215217888355255, 0.31859317421913147, 0.31670570373535156, 0.3141061067581177, 0.3118513226509094, 0.31000757217407227, 0.3073553144931793, 0.2984829843044281, 0.2963021397590637, 0.29494374990463257, 0.2928106188774109, 0.28782108426094055, 0.2867210805416107], "accuracy": [0.7773065567016602, 0.8468884825706482, 0.8571044206619263, 0.8622689247131348, 0.8660514950752258, 0.8679953813552856, 0.8697545528411865, 0.8715646266937256, 0.8728430271148682, 0.8739192485809326, 0.8753026723861694, 0.8756879568099976, 0.8768676519393921, 0.8778260350227356, 0.8787111639976501, 0.8789117932319641, 0.8794514536857605, 0.880342960357666, 0.8808046579360962, 0.8813109397888184, 0.8840921521186829, 0.8850346207618713, 0.8851413130760193, 0.8858433961868286, 0.8871376514434814, 0.8876121044158936], "val_loss": [0.41569048166275024, 0.37276145815849304, 0.3635042607784271, 0.3485681712627411, 0.33953338861465454, 0.3363730311393738, 0.3353419303894043, 0.32982689142227173, 0.33027464151382446, 0.32721254229545593, 0.3257758319377899, 0.320593923330307, 0.32577866315841675, 0.32573580741882324, 0.32009050250053406, 0.32281044125556946, 0.3174288272857666, 0.32015296816825867, 0.3187354803085327, 0.3188208043575287, 0.3132627010345459, 0.314273476600647, 0.315177857875824, 0.31432676315307617, 0.31334760785102844, 0.31353625655174255], "val_accuracy": [0.848998486995697, 0.865031361579895, 0.8658337593078613, 0.8695446848869324, 0.8727827668190002, 0.8737713694572449, 0.8733128905296326, 0.8755193948745728, 0.8756053447723389, 0.8756483197212219, 0.8771241307258606, 0.8784852623939514, 0.8780124187469482, 0.8763074278831482, 0.8789294362068176, 0.8773963451385498, 0.8788291215896606, 0.8797891139984131, 0.87945955991745, 0.8795884847640991, 0.8810642957687378, 0.8816230893135071, 0.8824111223220825, 0.8815514445304871, 0.881408154964447, 0.8826259970664978], "lr": [0.00019999999494757503, 0.00019999999494757503, 0.00019999999494757503, 0.00019999999494757503, 0.00019999999494757503, 0.00019999999494757503, 0.00019999999494757503, 0.00019999999494757503, 0.00019999999494757503, 0.00019999999494757503, 0.00019999999494757503, 0.00019999999494757503, 0.00019999999494757503, 0.00019999999494757503, 0.00019999999494757503, 0.00019999999494757503, 0.00019999999494757503, 0.00019999999494757503, 0.00019999999494757503, 0.00019999999494757503, 9.999999747378752e-05, 9.999999747378752e-05, 9.999999747378752e-05, 9.999999747378752e-05, 4.999999873689376e-05, 4.999999873689376e-05]}