{"loss": [0.3677312433719635, 0.19873164594173431, 0.1499321311712265, 0.12357403337955475, 0.10718393325805664, 0.09573668241500854, 0.08747176826000214, 0.08105957508087158, 0.07597120851278305, 0.07166306674480438, 0.06813861429691315, 0.06491215527057648, 0.06234239041805267, 0.060209956020116806, 0.058251723647117615, 0.05636824667453766, 0.05476059392094612, 0.05311669036746025, 0.05186597630381584, 0.050709620118141174, 0.04952368885278702, 0.04855617135763168, 0.047516368329524994, 0.04678526520729065, 0.045807793736457825, 0.04511968791484833, 0.044247016310691833, 0.0436018630862236, 0.04303526505827904, 0.04252075031399727, 0.04198542609810829, 0.04135603830218315, 0.040824420750141144, 0.04039274528622627, 0.04009946063160896, 0.03949357569217682, 0.03913857787847519, 0.038746826350688934, 0.038383156061172485, 0.03797176107764244, 0.037649549543857574, 0.0373460128903389, 0.03693616762757301, 0.036699529737234116, 0.036406658589839935, 0.03615884110331535, 0.035814069211483, 0.035636574029922485, 0.035253092646598816, 0.03497035428881645], "accuracy": [0.5245957374572754, 0.6584168672561646, 0.7004140615463257, 0.725037693977356, 0.7414879202842712, 0.7543529272079468, 0.7642043232917786, 0.770815908908844, 0.7777156829833984, 0.7830919027328491, 0.7883948683738708, 0.7923621535301208, 0.7957165241241455, 0.7989785671234131, 0.8015751242637634, 0.8042847514152527, 0.8075022101402283, 0.8096625208854675, 0.8112497925758362, 0.8134037852287292, 0.8159493803977966, 0.8173901438713074, 0.8192862272262573, 0.8207302093505859, 0.8222776055335999, 0.8228491544723511, 0.824550986289978, 0.8263309001922607, 0.8276841044425964, 0.8287937045097351, 0.8298571705818176, 0.8307152986526489, 0.8321226239204407, 0.8330029845237732, 0.8339136242866516, 0.834884762763977, 0.8356680274009705, 0.8359052538871765, 0.8371676802635193, 0.8381245136260986, 0.8389698266983032, 0.8393105268478394, 0.840792715549469, 0.8410060405731201, 0.8420233130455017, 0.8421220183372498, 0.8429960608482361, 0.8436965346336365, 0.8442075252532959, 0.8453251719474792], "val_loss": [0.156953826546669, 0.10169707983732224, 0.07867719978094101, 0.06690949946641922, 0.05933564528822899, 0.054580073803663254, 0.05096230283379555, 0.04826957732439041, 0.04602650925517082, 0.04442993924021721, 0.04279400035738945, 0.04149622097611427, 0.040532469749450684, 0.03960874304175377, 0.03895115852355957, 0.03806155547499657, 0.03712722286581993, 0.036747608333826065, 0.03618428856134415, 0.03570413216948509, 0.035284340381622314, 0.03492095693945885, 0.0345187708735466, 0.03417966514825821, 0.0338662751019001, 0.03337504342198372, 0.033067651093006134, 0.03278396278619766, 0.03250355273485184, 0.032292287796735764, 0.03211062401533127, 0.03192010521888733, 0.03173567354679108, 0.03135998174548149, 0.031427472829818726, 0.03121211566030979, 0.03090120479464531, 0.030788404867053032, 0.03049364499747753, 0.030470652505755424, 0.03025234490633011, 0.030004503205418587, 0.029982689768075943, 0.029737107455730438, 0.02960551530122757, 0.02963005006313324, 0.029416287317872047, 0.02922745607793331, 0.02929580956697464, 0.029213223606348038], "val_accuracy": [0.7226552367210388, 0.7774593830108643, 0.8028340339660645, 0.8155571818351746, 0.82573002576828, 0.8319769501686096, 0.83638995885849, 0.8404017686843872, 0.8442273139953613, 0.8466916680335999, 0.8476373553276062, 0.8504886031150818, 0.8513052463531494, 0.8513339161872864, 0.8525087833404541, 0.854471743106842, 0.8559474945068359, 0.8566495776176453, 0.8576668500900269, 0.8575809001922607, 0.8586124777793884, 0.8587987422943115, 0.8593718409538269, 0.8596441149711609, 0.8604034781455994, 0.8615783452987671, 0.8613491058349609, 0.8618219494819641, 0.8623950481414795, 0.8624093532562256, 0.8626672625541687, 0.8627962470054626, 0.8637275695800781, 0.8647018074989319, 0.8643579483032227, 0.8643149733543396, 0.8646588325500488, 0.8649311065673828, 0.8652606010437012, 0.8651459813117981, 0.8661776185035706, 0.8661346435546875, 0.8667793869972229, 0.866822361946106, 0.8665214776992798, 0.8665788173675537, 0.8674384355545044, 0.8676677346229553, 0.8679255843162537, 0.8674671053886414], "lr": [6.24999984211172e-06, 6.24999984211172e-06, 6.24999984211172e-06, 6.24999984211172e-06, 6.24999984211172e-06, 6.24999984211172e-06, 6.24999984211172e-06, 6.24999984211172e-06, 6.24999984211172e-06, 6.24999984211172e-06, 6.24999984211172e-06, 6.24999984211172e-06, 6.24999984211172e-06, 6.24999984211172e-06, 6.24999984211172e-06, 6.24999984211172e-06, 6.24999984211172e-06, 6.24999984211172e-06, 6.24999984211172e-06, 6.24999984211172e-06, 6.24999984211172e-06, 6.24999984211172e-06, 6.24999984211172e-06, 6.24999984211172e-06, 6.24999984211172e-06, 6.24999984211172e-06, 6.24999984211172e-06, 6.24999984211172e-06, 6.24999984211172e-06, 6.24999984211172e-06, 6.24999984211172e-06, 6.24999984211172e-06, 6.24999984211172e-06, 6.24999984211172e-06, 6.24999984211172e-06, 6.24999984211172e-06, 6.24999984211172e-06, 6.24999984211172e-06, 6.24999984211172e-06, 6.24999984211172e-06, 6.24999984211172e-06, 6.24999984211172e-06, 6.24999984211172e-06, 6.24999984211172e-06, 6.24999984211172e-06, 6.24999984211172e-06, 6.24999984211172e-06, 6.24999984211172e-06, 6.24999984211172e-06, 6.24999984211172e-06]}