{"loss": [0.5975492596626282, 0.373717725276947, 0.33482199907302856, 0.31402915716171265, 0.30000606179237366, 0.289554238319397, 0.28286123275756836, 0.2753971517086029, 0.270549476146698, 0.2662840187549591, 0.26211366057395935, 0.25858059525489807, 0.25615665316581726, 0.2532096803188324, 0.2508276402950287, 0.24831072986125946, 0.2456308752298355, 0.24419516324996948, 0.24200604856014252, 0.24129566550254822, 0.2382008284330368, 0.2369302213191986, 0.23547819256782532, 0.2347501963376999, 0.23324763774871826, 0.23188215494155884, 0.23096469044685364, 0.22990690171718597, 0.2255994975566864, 0.22425666451454163, 0.2234422266483307, 0.2230614870786667, 0.22269146144390106, 0.2205883264541626, 0.2196563482284546, 0.21974846720695496, 0.21914590895175934, 0.21848323941230774, 0.2184838354587555, 0.217853382229805, 0.21744781732559204, 0.21761956810951233, 0.21602679789066315, 0.21550267934799194], "accuracy": [0.8122097849845886, 0.8699980974197388, 0.8816913962364197, 0.8873525857925415, 0.8914647698402405, 0.894589900970459, 0.8963219523429871, 0.8986765742301941, 0.8997479677200317, 0.9009865522384644, 0.9025260210037231, 0.9035130739212036, 0.9040782451629639, 0.9050239324569702, 0.9053677916526794, 0.9061351418495178, 0.9069932103157043, 0.9075536131858826, 0.9077700972557068, 0.9084212779998779, 0.9090039134025574, 0.9094051122665405, 0.9097219109535217, 0.9102329611778259, 0.9103444218635559, 0.9106532335281372, 0.9110798835754395, 0.9114810824394226, 0.9128741025924683, 0.9131256341934204, 0.9132164120674133, 0.9134663343429565, 0.9134456515312195, 0.9142241477966309, 0.914459764957428, 0.914216160774231, 0.9145265817642212, 0.9147335886955261, 0.9148211479187012, 0.9147781729698181, 0.9148465991020203, 0.9150567650794983, 0.9155263900756836, 0.9156473875045776], "val_loss": [0.3152357339859009, 0.29320380091667175, 0.2758777439594269, 0.26426970958709717, 0.2574843168258667, 0.25655102729797363, 0.24988076090812683, 0.2488197684288025, 0.24242636561393738, 0.24379482865333557, 0.24010397493839264, 0.23958894610404968, 0.2383914291858673, 0.23613421618938446, 0.23566417396068573, 0.23443187773227692, 0.23444700241088867, 0.23445187509059906, 0.23168115317821503, 0.23199260234832764, 0.23112335801124573, 0.23167112469673157, 0.23045028746128082, 0.23173397779464722, 0.22931858897209167, 0.2293810397386551, 0.22991524636745453, 0.23061628639698029, 0.22579313814640045, 0.22542217373847961, 0.22599969804286957, 0.22613278031349182, 0.22602465748786926, 0.22554248571395874, 0.22494526207447052, 0.22494365274906158, 0.22444191575050354, 0.22539909183979034, 0.2240876853466034, 0.22467418015003204, 0.2241806536912918, 0.22451525926589966, 0.2240658849477768, 0.22439852356910706], "val_accuracy": [0.8861506581306458, 0.8928561210632324, 0.8972404599189758, 0.9012235999107361, 0.9033011198043823, 0.903086245059967, 0.9056652188301086, 0.9066681861877441, 0.9080866575241089, 0.9077284336090088, 0.9091182351112366, 0.9088317155838013, 0.9094907641410828, 0.9097773432731628, 0.9102931618690491, 0.9107086658477783, 0.9109379053115845, 0.9110668301582336, 0.9116399884223938, 0.9110382199287415, 0.9119265079498291, 0.9113104343414307, 0.9117975831031799, 0.9116113185882568, 0.9127145409584045, 0.9127575159072876, 0.9127718806266785, 0.9121844172477722, 0.91364586353302, 0.9140900373458862, 0.913602888584137, 0.91371750831604, 0.9142476320266724, 0.9142906069755554, 0.9140613675117493, 0.9140326976776123, 0.9145914912223816, 0.9140183925628662, 0.9142619967460632, 0.9145342111587524, 0.9143909215927124, 0.9144625663757324, 0.9143909215927124, 0.9147634506225586], "lr": [4.999999873689376e-05, 4.999999873689376e-05, 4.999999873689376e-05, 4.999999873689376e-05, 4.999999873689376e-05, 4.999999873689376e-05, 4.999999873689376e-05, 4.999999873689376e-05, 4.999999873689376e-05, 4.999999873689376e-05, 4.999999873689376e-05, 4.999999873689376e-05, 4.999999873689376e-05, 4.999999873689376e-05, 4.999999873689376e-05, 4.999999873689376e-05, 4.999999873689376e-05, 4.999999873689376e-05, 4.999999873689376e-05, 4.999999873689376e-05, 4.999999873689376e-05, 4.999999873689376e-05, 4.999999873689376e-05, 4.999999873689376e-05, 4.999999873689376e-05, 4.999999873689376e-05, 4.999999873689376e-05, 4.999999873689376e-05, 2.499999936844688e-05, 2.499999936844688e-05, 2.499999936844688e-05, 2.499999936844688e-05, 2.499999936844688e-05, 1.249999968422344e-05, 1.249999968422344e-05, 1.249999968422344e-05, 1.249999968422344e-05, 1.249999968422344e-05, 1.249999968422344e-05, 1.249999968422344e-05, 1.249999968422344e-05, 1.249999968422344e-05, 6.24999984211172e-06, 6.24999984211172e-06]}