{"loss": [0.5962278246879578, 0.3739217519760132, 0.30102860927581787, 0.2556585669517517, 0.22370412945747375, 0.19997107982635498, 0.18240006268024445, 0.16899126768112183, 0.157849982380867, 0.1494959145784378, 0.14200083911418915, 0.13597069680690765, 0.13132447004318237, 0.12660779058933258, 0.12290854752063751, 0.11947080492973328, 0.11674415320158005, 0.11407388001680374, 0.11143077909946442, 0.10907239466905594, 0.10743913054466248, 0.10562107712030411, 0.10375899076461792, 0.10224267840385437, 0.10093680024147034, 0.09947283565998077, 0.09825723618268967, 0.09713428467512131, 0.09576942026615143, 0.09474621713161469, 0.09394054114818573, 0.0930870994925499, 0.09212274849414825, 0.09136802703142166, 0.09047485888004303, 0.08954168111085892, 0.0889720693230629, 0.08815141022205353, 0.08755666017532349, 0.08691589534282684, 0.08652546256780624, 0.08568023890256882, 0.08533482998609543, 0.08478938043117523, 0.08412311226129532, 0.08376120775938034, 0.08319152891635895, 0.08265868574380875, 0.08241662383079529, 0.08167912065982819], "accuracy": [0.4024297297000885, 0.5790902376174927, 0.6368514895439148, 0.6738514304161072, 0.7000303864479065, 0.7216037511825562, 0.7371289730072021, 0.749239444732666, 0.7590286731719971, 0.7676446437835693, 0.7749456167221069, 0.7817721366882324, 0.7859750390052795, 0.790747880935669, 0.7942932844161987, 0.7981666326522827, 0.8010417819023132, 0.8040443658828735, 0.8070595860481262, 0.8095129132270813, 0.8112959265708923, 0.8135884404182434, 0.8155863881111145, 0.8176082372665405, 0.8183230757713318, 0.8204261064529419, 0.8217952251434326, 0.822960615158081, 0.8250524997711182, 0.8264932632446289, 0.8268705606460571, 0.8280438780784607, 0.8288876414299011, 0.8301326036453247, 0.830845832824707, 0.8323295712471008, 0.832923412322998, 0.8341969847679138, 0.8344326019287109, 0.8353130221366882, 0.8359100222587585, 0.8371868133544922, 0.8373205065727234, 0.8380830883979797, 0.838703989982605, 0.8396114110946655, 0.8404583930969238, 0.8414151668548584, 0.8409932851791382, 0.8422350287437439], "val_loss": [0.32044699788093567, 0.2415655255317688, 0.19716383516788483, 0.16722624003887177, 0.1458469033241272, 0.13105352222919464, 0.1202174723148346, 0.11233565956354141, 0.10609779506921768, 0.1012873724102974, 0.09763440489768982, 0.09443645179271698, 0.09188606590032578, 0.08983935415744781, 0.08775824308395386, 0.0861981138586998, 0.08456558734178543, 0.08362800627946854, 0.08241751790046692, 0.08122482150793076, 0.08049198985099792, 0.07956325262784958, 0.07891786843538284, 0.07820805162191391, 0.07741398364305496, 0.07660388201475143, 0.07603169232606888, 0.0756409764289856, 0.07493817061185837, 0.07453101128339767, 0.07419038563966751, 0.07379186153411865, 0.07333016395568848, 0.07293207198381424, 0.07250622659921646, 0.07232517004013062, 0.07177677005529404, 0.07146208733320236, 0.07100706547498703, 0.07080883532762527, 0.07059621065855026, 0.07009328156709671, 0.07008325308561325, 0.0697234570980072, 0.06954427063465118, 0.06929679960012436, 0.06894180178642273, 0.06870666891336441, 0.06868487596511841, 0.0682990625500679], "val_accuracy": [0.6323609352111816, 0.6934693455696106, 0.7312376499176025, 0.7592056393623352, 0.7806688547134399, 0.7947101593017578, 0.8050405383110046, 0.8133650422096252, 0.8195546865463257, 0.8251282572746277, 0.829254686832428, 0.832621693611145, 0.8353583216667175, 0.8378943800926208, 0.8402155041694641, 0.841934859752655, 0.8434678912162781, 0.8445998430252075, 0.8457890152931213, 0.8475943207740784, 0.8484253883361816, 0.8493710160255432, 0.8501877188682556, 0.8512766361236572, 0.8520073294639587, 0.8531106114387512, 0.8533684611320496, 0.8537409901618958, 0.8544860482215881, 0.8549445271492004, 0.8555033206939697, 0.8561050891876221, 0.8565922379493713, 0.8574376106262207, 0.8575952053070068, 0.857795774936676, 0.8585265278816223, 0.8589420318603516, 0.85948646068573, 0.8594148755073547, 0.859758734703064, 0.8601885437965393, 0.8606327176094055, 0.8605753779411316, 0.8606327176094055, 0.8612774610519409, 0.861492395401001, 0.8619795441627502, 0.8619508743286133, 0.8622661232948303], "lr": [3.12499992105586e-06, 3.12499992105586e-06, 3.12499992105586e-06, 3.12499992105586e-06, 3.12499992105586e-06, 3.12499992105586e-06, 3.12499992105586e-06, 3.12499992105586e-06, 3.12499992105586e-06, 3.12499992105586e-06, 3.12499992105586e-06, 3.12499992105586e-06, 3.12499992105586e-06, 3.12499992105586e-06, 3.12499992105586e-06, 3.12499992105586e-06, 3.12499992105586e-06, 3.12499992105586e-06, 3.12499992105586e-06, 3.12499992105586e-06, 3.12499992105586e-06, 3.12499992105586e-06, 3.12499992105586e-06, 3.12499992105586e-06, 3.12499992105586e-06, 3.12499992105586e-06, 3.12499992105586e-06, 3.12499992105586e-06, 3.12499992105586e-06, 3.12499992105586e-06, 3.12499992105586e-06, 3.12499992105586e-06, 3.12499992105586e-06, 3.12499992105586e-06, 3.12499992105586e-06, 3.12499992105586e-06, 3.12499992105586e-06, 3.12499992105586e-06, 3.12499992105586e-06, 3.12499992105586e-06, 3.12499992105586e-06, 3.12499992105586e-06, 3.12499992105586e-06, 3.12499992105586e-06, 3.12499992105586e-06, 3.12499992105586e-06, 3.12499992105586e-06, 3.12499992105586e-06, 3.12499992105586e-06, 3.12499992105586e-06]}