{"loss": [0.8526195287704468, 0.4518207609653473, 0.4172341227531433, 0.39892953634262085, 0.3860648274421692, 0.37596645951271057, 0.36737060546875, 0.36054667830467224, 0.3543575406074524, 0.3498443365097046, 0.3439355790615082, 0.33942100405693054, 0.3351053297519684, 0.3311518430709839, 0.3275994658470154, 0.3047248125076294, 0.29929399490356445], "accuracy": [0.7626155018806458, 0.8410267233848572, 0.850749135017395, 0.8556636571884155, 0.8593348264694214, 0.8616989850997925, 0.8643496632575989, 0.8659241795539856, 0.8675782680511475, 0.8686767220497131, 0.870448648929596, 0.8716298937797546, 0.8731200098991394, 0.8738459944725037, 0.8750511407852173, 0.8824954032897949, 0.8839122653007507], "val_loss": [0.4839877486228943, 0.44676822423934937, 0.42153775691986084, 0.41878393292427063, 0.39765843749046326, 0.3906210660934448, 0.39233875274658203, 0.3874194025993347, 0.38608962297439575, 0.38475900888442993, 0.3862137496471405, 0.3838283121585846, 0.3872109651565552, 0.3888872265815735, 0.39042070508003235, 0.3848564922809601, 0.3869776427745819], "val_accuracy": [0.832693338394165, 0.8445998430252075, 0.849027156829834, 0.8507178425788879, 0.856377363204956, 0.8589277267456055, 0.8578388094902039, 0.859658420085907, 0.8600452542304993, 0.8591855764389038, 0.8606756925582886, 0.8613348007202148, 0.8600882887840271, 0.8588131070137024, 0.8603461384773254, 0.8628105521202087, 0.8619795441627502], "lr": [0.0010000000474974513, 0.0010000000474974513, 0.0010000000474974513, 0.0010000000474974513, 0.0010000000474974513, 0.0010000000474974513, 0.0010000000474974513, 0.0010000000474974513, 0.0010000000474974513, 0.0010000000474974513, 0.0010000000474974513, 0.0010000000474974513, 0.0010000000474974513, 0.0010000000474974513, 0.0010000000474974513, 0.0005000000237487257, 0.0005000000237487257]}