{"loss": [0.7178114056587219, 0.4292375147342682, 0.39244863390922546, 0.3749799132347107, 0.36302831768989563, 0.3549378514289856, 0.34823501110076904, 0.3430522382259369, 0.33826160430908203, 0.3341340124607086, 0.3307285010814667, 0.3274361789226532, 0.3248187303543091, 0.3214951157569885, 0.31958338618278503, 0.3167579174041748, 0.31456995010375977, 0.31256523728370667, 0.3103737533092499, 0.3073245882987976, 0.306206077337265, 0.30480480194091797, 0.30215615034103394, 0.300007700920105, 0.2984207272529602, 0.2973650097846985, 0.2949824929237366, 0.2869032621383667, 0.2844611704349518, 0.28259512782096863, 0.2809903919696808, 0.2756505012512207, 0.2742776572704315], "accuracy": [0.7804841995239258, 0.8477036356925964, 0.8579927682876587, 0.8624663352966309, 0.8660037517547607, 0.868226170539856, 0.8699662685394287, 0.8714977502822876, 0.872651994228363, 0.8737966418266296, 0.8750399947166443, 0.8758965134620667, 0.8763167858123779, 0.8776078820228577, 0.8780122995376587, 0.878752589225769, 0.8795883655548096, 0.8799402117729187, 0.88028883934021, 0.8813045620918274, 0.8817821741104126, 0.8821148872375488, 0.8829697966575623, 0.8834457993507385, 0.8839870691299438, 0.8841574192047119, 0.8850871920585632, 0.8873398900032043, 0.8879814147949219, 0.888393759727478, 0.8890130519866943, 0.8909632563591003, 0.8910683393478394], "val_loss": [0.40247687697410583, 0.3795870542526245, 0.361873596906662, 0.34811145067214966, 0.3440261483192444, 0.33655935525894165, 0.33422860503196716, 0.3293818533420563, 0.3309459686279297, 0.33012521266937256, 0.32483726739883423, 0.3207986056804657, 0.3241828978061676, 0.3262157142162323, 0.32060903310775757, 0.3210200369358063, 0.32045382261276245, 0.3194389045238495, 0.31915372610092163, 0.31939762830734253, 0.3182845711708069, 0.317813903093338, 0.31883466243743896, 0.3170403242111206, 0.317511647939682, 0.3176375925540924, 0.31821340322494507, 0.31396669149398804, 0.3156270384788513, 0.3170340955257416, 0.31773412227630615, 0.31564128398895264, 0.3166339695453644], "val_accuracy": [0.8546436429023743, 0.8628248572349548, 0.8669083118438721, 0.8694586753845215, 0.8714216351509094, 0.8737857341766357, 0.8743875026702881, 0.8754477500915527, 0.8752614855766296, 0.8743158578872681, 0.8773819804191589, 0.8786141872406006, 0.8782416582107544, 0.8752614855766296, 0.8788291215896606, 0.8785569071769714, 0.8792159557342529, 0.8790583610534668, 0.8793449401855469, 0.8785425424575806, 0.8793019652366638, 0.8803765177726746, 0.8804625272750854, 0.8806774020195007, 0.8807203769683838, 0.8802046179771423, 0.8798893690109253, 0.8821245431900024, 0.8813508152961731, 0.8816660642623901, 0.881436824798584, 0.8825113773345947, 0.8825687170028687], "lr": [0.00019999999494757503, 0.00019999999494757503, 0.00019999999494757503, 0.00019999999494757503, 0.00019999999494757503, 0.00019999999494757503, 0.00019999999494757503, 0.00019999999494757503, 0.00019999999494757503, 0.00019999999494757503, 0.00019999999494757503, 0.00019999999494757503, 0.00019999999494757503, 0.00019999999494757503, 0.00019999999494757503, 0.00019999999494757503, 0.00019999999494757503, 0.00019999999494757503, 0.00019999999494757503, 0.00019999999494757503, 0.00019999999494757503, 0.00019999999494757503, 0.00019999999494757503, 0.00019999999494757503, 0.00019999999494757503, 0.00019999999494757503, 0.00019999999494757503, 9.999999747378752e-05, 9.999999747378752e-05, 9.999999747378752e-05, 9.999999747378752e-05, 4.999999873689376e-05, 4.999999873689376e-05]}