{"loss": [0.5705773830413818, 0.40232083201408386, 0.38022011518478394, 0.36640673875808716, 0.35696062445640564, 0.3495370149612427, 0.34356075525283813, 0.33817219734191895, 0.3329769968986511, 0.3292175531387329, 0.3139178454875946, 0.30953213572502136, 0.30667033791542053, 0.3041205406188965, 0.30157193541526794, 0.2990264892578125, 0.297311007976532, 0.2952124774456024, 0.2869671881198883, 0.283800333738327], "accuracy": [0.8122591376304626, 0.8542196750640869, 0.8604221940040588, 0.864574134349823, 0.8676228523254395, 0.8695650696754456, 0.8716776967048645, 0.8726376295089722, 0.874481201171875, 0.8754172921180725, 0.8800197839736938, 0.8811804056167603, 0.8818028569221497, 0.8832197189331055, 0.8836304545402527, 0.8840667009353638, 0.8847194314002991, 0.8855647444725037, 0.8876773715019226, 0.8887678980827332], "val_loss": [0.40263229608535767, 0.37224721908569336, 0.3516444265842438, 0.351093590259552, 0.3537274897098541, 0.3402802646160126, 0.33024072647094727, 0.33028754591941833, 0.3347208797931671, 0.3357264995574951, 0.31897369027137756, 0.3194597065448761, 0.3185291886329651, 0.318291038274765, 0.31475597620010376, 0.31990107893943787, 0.317636102437973, 0.3182389438152313, 0.3156653642654419, 0.3156589865684509], "val_accuracy": [0.8523368835449219, 0.8610625267028809, 0.8702753782272339, 0.8698168992996216, 0.8673954606056213, 0.8710347414016724, 0.8755336999893188, 0.8754334449768066, 0.8728114366531372, 0.8730263113975525, 0.8794882297515869, 0.8788148164749146, 0.8805627822875977, 0.8791300058364868, 0.8819812536239624, 0.8791157007217407, 0.8817090392112732, 0.8815084099769592, 0.8823251128196716, 0.8815657496452332], "lr": [0.0010000000474974513, 0.0010000000474974513, 0.0010000000474974513, 0.0010000000474974513, 0.0010000000474974513, 0.0010000000474974513, 0.0010000000474974513, 0.0010000000474974513, 0.0010000000474974513, 0.0010000000474974513, 0.0005000000237487257, 0.0005000000237487257, 0.0005000000237487257, 0.0005000000237487257, 0.0005000000237487257, 0.0005000000237487257, 0.0005000000237487257, 0.0005000000237487257, 0.0002500000118743628, 0.0002500000118743628]}