{"loss": [0.5816904902458191, 0.39127078652381897, 0.36895859241485596, 0.3921310007572174, 0.3738856017589569, 0.3486316502094269, 0.3389227092266083, 0.33962664008140564, 0.3421400487422943, 0.321676105260849, 0.3154046833515167, 0.311067134141922, 0.3042445778846741, 0.279761403799057, 0.2711730897426605, 0.26470550894737244, 0.2578800320625305, 0.23732930421829224, 0.22869433462619781], "accuracy": [0.8132111430168152, 0.8569117784500122, 0.8631047010421753, 0.8572222590446472, 0.8616464138031006, 0.8689744472503662, 0.8718193769454956, 0.8715662360191345, 0.870620608329773, 0.8764855265617371, 0.8785997033119202, 0.8796011209487915, 0.8819302320480347, 0.8896291851997375, 0.892450213432312, 0.8947697877883911, 0.8969285488128662, 0.9046768546104431, 0.9079866409301758], "val_loss": [0.44514644145965576, 0.44204646348953247, 0.4175609052181244, 0.5216191411018372, 0.38362768292427063, 0.37360963225364685, 0.37374407052993774, 0.4662047028541565, 0.3593820035457611, 0.3567744791507721, 0.36320731043815613, 0.37531778216362, 0.3578193485736847, 0.33998796343803406, 0.34309208393096924, 0.34548553824424744, 0.3508022129535675, 0.3602480888366699, 0.37265750765800476], "val_accuracy": [0.8427658677101135, 0.8441986441612244, 0.8482677340507507, 0.8155715465545654, 0.857896089553833, 0.8622374534606934, 0.8612058162689209, 0.8374359011650085, 0.8661632537841797, 0.867065966129303, 0.866822361946106, 0.8597873449325562, 0.8695446848869324, 0.8740436434745789, 0.8744304776191711, 0.8758775591850281, 0.875891923904419, 0.8748602867126465, 0.8754334449768066], "lr": [0.0010000000474974513, 0.0010000000474974513, 0.0010000000474974513, 0.0010000000474974513, 0.0010000000474974513, 0.0010000000474974513, 0.0010000000474974513, 0.0010000000474974513, 0.0010000000474974513, 0.0010000000474974513, 0.0010000000474974513, 0.0010000000474974513, 0.0010000000474974513, 0.0005000000237487257, 0.0005000000237487257, 0.0005000000237487257, 0.0005000000237487257, 0.0002500000118743628, 0.0002500000118743628]}