{"loss": [0.5710866451263428, 0.3620988428592682, 0.29175132513046265, 0.24731256067752838, 0.21573816239833832, 0.1930542141199112, 0.17526967823505402, 0.16188786923885345, 0.15155263245105743, 0.14245933294296265, 0.1355229765176773, 0.12951797246932983, 0.12444695085287094, 0.12017841637134552, 0.11632305383682251, 0.11311954259872437, 0.11032917350530624, 0.10731786489486694, 0.10523992776870728, 0.103211909532547, 0.10086119174957275, 0.09911245107650757, 0.09738048166036606, 0.0959806740283966, 0.09451113641262054, 0.09325501322746277, 0.09167588502168655, 0.09073720127344131, 0.08955325931310654, 0.08853887021541595, 0.08725667744874954, 0.08651416748762131, 0.08581174165010452, 0.08504282683134079, 0.08417624980211258, 0.08344971388578415, 0.08275124430656433, 0.08191324025392532, 0.08144442737102509, 0.08070188760757446, 0.08010468631982803, 0.0795726627111435, 0.07888146489858627, 0.07865147292613983, 0.07783715426921844, 0.07726380974054337, 0.07699063420295715, 0.07640083879232407, 0.07596295326948166, 0.0754900798201561], "accuracy": [0.41746944189071655, 0.581713855266571, 0.6372288465499878, 0.6722928285598755, 0.699210524559021, 0.7178370356559753, 0.7340723276138306, 0.7461381554603577, 0.7552970051765442, 0.7644988298416138, 0.7708063721656799, 0.7775182723999023, 0.7826811671257019, 0.7877978682518005, 0.7914419770240784, 0.7952070832252502, 0.7978498339653015, 0.8012471795082092, 0.8033693432807922, 0.8058194518089294, 0.808893620967865, 0.810942530632019, 0.8124931454658508, 0.8140676021575928, 0.8158777356147766, 0.8177833557128906, 0.8194916248321533, 0.820457935333252, 0.8221709728240967, 0.8225259780883789, 0.8250843286514282, 0.8258914947509766, 0.8266652226448059, 0.8273720741271973, 0.828739583492279, 0.8298842310905457, 0.8300545811653137, 0.8315749764442444, 0.8322626948356628, 0.8334662914276123, 0.8339534401893616, 0.8346268534660339, 0.8355295062065125, 0.8360882997512817, 0.8368285894393921, 0.8379048109054565, 0.8378379344940186, 0.838782012462616, 0.8392898440361023, 0.8396528363227844], "val_loss": [0.3024936020374298, 0.23214596509933472, 0.18998192250728607, 0.1602810174226761, 0.13940288126468658, 0.1250075101852417, 0.1142575815320015, 0.10658744722604752, 0.10009175539016724, 0.09551747888326645, 0.0913751944899559, 0.08836345374584198, 0.08582814782857895, 0.08365612477064133, 0.08172976970672607, 0.07999712228775024, 0.07828012108802795, 0.07735612243413925, 0.07596331834793091, 0.07492722570896149, 0.07394146919250488, 0.07311586290597916, 0.07249279320240021, 0.07166226953268051, 0.07090965658426285, 0.07012240588665009, 0.06958165019750595, 0.06917580217123032, 0.06859240680932999, 0.06824769824743271, 0.06765620410442352, 0.06729738414287567, 0.06676102429628372, 0.06632348895072937, 0.06609829515218735, 0.06590186804533005, 0.06531403958797455, 0.06505413353443146, 0.06475434452295303, 0.0644526556134224, 0.06414271146059036, 0.06393825262784958, 0.06380321085453033, 0.06335868686437607, 0.063040591776371, 0.06300252676010132, 0.06265111267566681, 0.06237461790442467, 0.06239469721913338, 0.06200821325182915], "val_accuracy": [0.6461443901062012, 0.7018654942512512, 0.7345903515815735, 0.7604808211326599, 0.780511200428009, 0.795011043548584, 0.8059431910514832, 0.8134939670562744, 0.8194257616996765, 0.8240393400192261, 0.829154372215271, 0.8317620158195496, 0.8348281979560852, 0.8371493220329285, 0.8396280407905579, 0.8416769504547119, 0.8436111807823181, 0.8448433876037598, 0.8467490077018738, 0.8477805852890015, 0.849098801612854, 0.8501017093658447, 0.8510617017745972, 0.8521649241447449, 0.8527237176895142, 0.8539272546768188, 0.8541708588600159, 0.854471743106842, 0.8552740812301636, 0.8557325601577759, 0.8566638827323914, 0.8569934368133545, 0.8574519157409668, 0.8578101396560669, 0.8585122227668762, 0.8581683039665222, 0.8592286109924316, 0.859658420085907, 0.8597157597541809, 0.8603031635284424, 0.8605610728263855, 0.8609336018562317, 0.8609479069709778, 0.861492395401001, 0.8616786599159241, 0.8620511889457703, 0.8622947335243225, 0.8626385927200317, 0.8628392219543457, 0.8633836507797241], "lr": [3.12499992105586e-06, 3.12499992105586e-06, 3.12499992105586e-06, 3.12499992105586e-06, 3.12499992105586e-06, 3.12499992105586e-06, 3.12499992105586e-06, 3.12499992105586e-06, 3.12499992105586e-06, 3.12499992105586e-06, 3.12499992105586e-06, 3.12499992105586e-06, 3.12499992105586e-06, 3.12499992105586e-06, 3.12499992105586e-06, 3.12499992105586e-06, 3.12499992105586e-06, 3.12499992105586e-06, 3.12499992105586e-06, 3.12499992105586e-06, 3.12499992105586e-06, 3.12499992105586e-06, 3.12499992105586e-06, 3.12499992105586e-06, 3.12499992105586e-06, 3.12499992105586e-06, 3.12499992105586e-06, 3.12499992105586e-06, 3.12499992105586e-06, 3.12499992105586e-06, 3.12499992105586e-06, 3.12499992105586e-06, 3.12499992105586e-06, 3.12499992105586e-06, 3.12499992105586e-06, 3.12499992105586e-06, 3.12499992105586e-06, 3.12499992105586e-06, 3.12499992105586e-06, 3.12499992105586e-06, 3.12499992105586e-06, 3.12499992105586e-06, 3.12499992105586e-06, 3.12499992105586e-06, 3.12499992105586e-06, 3.12499992105586e-06, 3.12499992105586e-06, 3.12499992105586e-06, 3.12499992105586e-06, 3.12499992105586e-06]}