{"loss": [0.07801537215709686, 0.04940708354115486, 0.04495818167924881, 0.0423303097486496, 0.04063399136066437, 0.03932042419910431, 0.03849099203944206, 0.03755458816885948, 0.03690282255411148, 0.03623642027378082], "accuracy": [0.8055153489112854, 0.8451850414276123, 0.8539251685142517, 0.8591278791427612, 0.8620348572731018, 0.8647651672363281, 0.8662329912185669, 0.8677088022232056, 0.8693071603775024, 0.8703499436378479], "val_loss": [0.043530598282814026, 0.04119536653161049, 0.03949777036905289, 0.03806806728243828, 0.037413161247968674, 0.03667587786912918, 0.03596077486872673, 0.03578200191259384, 0.03573501855134964, 0.03572294861078262], "val_accuracy": [0.8601168990135193, 0.866965651512146, 0.8679972290992737, 0.8699458241462708, 0.8722813129425049, 0.8729833364486694, 0.8742298483848572, 0.8747600317001343, 0.874072253704071, 0.8734704852104187], "lr": [0.00019999999494757503, 0.00019999999494757503, 0.00019999999494757503, 0.00019999999494757503, 0.00019999999494757503, 0.00019999999494757503, 0.00019999999494757503, 0.00019999999494757503, 0.00019999999494757503, 0.00019999999494757503]}