{"loss": [0.5756120085716248, 0.40254682302474976, 0.3801191449165344, 0.36673682928085327, 0.3575098514556885, 0.35032424330711365, 0.3435434401035309, 0.3379296660423279, 0.33323100209236145, 0.3292429745197296, 0.32525455951690674, 0.32190045714378357, 0.31822776794433594, 0.3150019347667694, 0.3125172257423401, 0.3097257912158966, 0.3066636323928833, 0.30393677949905396, 0.30198320746421814, 0.29956167936325073, 0.2968791723251343, 0.2863609492778778, 0.2815670073032379, 0.28003501892089844, 0.2777377665042877, 0.2714509963989258, 0.2692383825778961], "accuracy": [0.810816764831543, 0.854329526424408, 0.8607262372970581, 0.864650547504425, 0.8672996759414673, 0.8693056106567383, 0.8714054226875305, 0.8729082942008972, 0.874309241771698, 0.8752692341804504, 0.876587450504303, 0.8773484230041504, 0.878669798374176, 0.8795660734176636, 0.8801392316818237, 0.8811915516853333, 0.8818697333335876, 0.8829363584518433, 0.8832929730415344, 0.8837928771972656, 0.8847225904464722, 0.8878508806228638, 0.8891022205352783, 0.8898281455039978, 0.890493631362915, 0.8921142816543579, 0.8931140899658203], "val_loss": [0.38598179817199707, 0.3625081181526184, 0.3549153208732605, 0.35268664360046387, 0.33996182680130005, 0.333426833152771, 0.33500200510025024, 0.3331869840621948, 0.335663378238678, 0.3247976303100586, 0.32632771134376526, 0.32319122552871704, 0.32397013902664185, 0.33177679777145386, 0.32091614603996277, 0.3243277072906494, 0.3222993314266205, 0.31973376870155334, 0.32427000999450684, 0.32162734866142273, 0.3235887885093689, 0.3165558874607086, 0.31934821605682373, 0.3197314441204071, 0.3197101354598999, 0.31855204701423645, 0.3214583396911621], "val_accuracy": [0.8558902144432068, 0.8657477498054504, 0.8682551383972168, 0.8677679896354675, 0.8717225193977356, 0.8756769895553589, 0.8731552958488464, 0.8758775591850281, 0.8729260563850403, 0.8766083121299744, 0.8777545094490051, 0.8778548240661621, 0.8786858320236206, 0.8745594024658203, 0.879402220249176, 0.8771241307258606, 0.8790870308876038, 0.8806487917900085, 0.87974613904953, 0.8804194927215576, 0.881408154964447, 0.882969856262207, 0.8818953037261963, 0.8825400471687317, 0.8807203769683838, 0.8826976418495178, 0.8823824524879456], "lr": [0.0010000000474974513, 0.0010000000474974513, 0.0010000000474974513, 0.0010000000474974513, 0.0010000000474974513, 0.0010000000474974513, 0.0010000000474974513, 0.0010000000474974513, 0.0010000000474974513, 0.0010000000474974513, 0.0010000000474974513, 0.0010000000474974513, 0.0010000000474974513, 0.0010000000474974513, 0.0010000000474974513, 0.0010000000474974513, 0.0010000000474974513, 0.0010000000474974513, 0.0010000000474974513, 0.0010000000474974513, 0.0010000000474974513, 0.0005000000237487257, 0.0005000000237487257, 0.0005000000237487257, 0.0005000000237487257, 0.0002500000118743628, 0.0002500000118743628]}