{"loss": [0.5240170955657959, 0.3857762813568115, 0.3665357232093811, 0.35450121760368347, 0.3464687764644623, 0.3388533890247345, 0.3337709307670593, 0.3280453085899353, 0.3239155113697052, 0.3193354606628418, 0.31534090638160706, 0.3123105764389038, 0.30847838521003723, 0.3051051199436188, 0.30124208331108093, 0.2884436547756195, 0.28353574872016907, 0.2808101177215576, 0.2779533863067627, 0.26990506052970886, 0.2666594982147217], "accuracy": [0.8237327337265015, 0.8589813709259033, 0.8646776080131531, 0.8681434392929077, 0.870220959186554, 0.8725994229316711, 0.8737170100212097, 0.8758121132850647, 0.8767514228820801, 0.8779358863830566, 0.8793336749076843, 0.8801662921905518, 0.8813602924346924, 0.882404625415802, 0.8834123611450195, 0.8872793912887573, 0.8889557719230652, 0.8896896839141846, 0.8902596235275269, 0.8929596543312073, 0.8937333822250366], "val_loss": [0.3982907235622406, 0.3690927028656006, 0.3532375991344452, 0.33954259753227234, 0.3388950526714325, 0.3310443162918091, 0.327527791261673, 0.32447370886802673, 0.32477664947509766, 0.3192879259586334, 0.32315772771835327, 0.3189149498939514, 0.32296058535575867, 0.3233521580696106, 0.31969529390335083, 0.316528856754303, 0.31661665439605713, 0.31923148036003113, 0.3229221701622009, 0.3191022276878357, 0.32127854228019714], "val_accuracy": [0.8553743958473206, 0.864888072013855, 0.8674814701080322, 0.8727970719337463, 0.8718514442443848, 0.8753331303596497, 0.8768948912620544, 0.877453625202179, 0.8772817254066467, 0.879402220249176, 0.8782989978790283, 0.8796601295471191, 0.8788720965385437, 0.8787718415260315, 0.8799896836280823, 0.8823394775390625, 0.881479799747467, 0.8822391629219055, 0.8815227746963501, 0.8838725686073303, 0.8833567500114441], "lr": [0.0010000000474974513, 0.0010000000474974513, 0.0010000000474974513, 0.0010000000474974513, 0.0010000000474974513, 0.0010000000474974513, 0.0010000000474974513, 0.0010000000474974513, 0.0010000000474974513, 0.0010000000474974513, 0.0010000000474974513, 0.0010000000474974513, 0.0010000000474974513, 0.0010000000474974513, 0.0010000000474974513, 0.0005000000237487257, 0.0005000000237487257, 0.0005000000237487257, 0.0005000000237487257, 0.0002500000118743628, 0.0002500000118743628]}