{"loss": [0.6579867005348206, 0.43471503257751465, 0.4083905518054962, 0.3940088152885437, 0.383521169424057, 0.37609487771987915, 0.3697691857814789, 0.3647322952747345, 0.3604060113430023, 0.35704898834228516, 0.3529353737831116, 0.34991371631622314, 0.3464832007884979, 0.3438238501548767, 0.3412034213542938, 0.3250172436237335, 0.3225146234035492, 0.32058045268058777, 0.31887945532798767, 0.31773456931114197, 0.31589046120643616, 0.30692219734191895, 0.30552080273628235], "accuracy": [0.7951259016990662, 0.8459412455558777, 0.8525083065032959, 0.856650710105896, 0.8597885370254517, 0.8612802624702454, 0.8630887866020203, 0.8643130660057068, 0.8656948804855347, 0.8667933940887451, 0.8676403164863586, 0.8682835102081299, 0.8695491552352905, 0.8700569868087769, 0.8712908029556274, 0.8761734962463379, 0.8770427703857422, 0.8775951862335205, 0.8781937956809998, 0.8783084154129028, 0.8788194060325623, 0.8822199702262878, 0.882525622844696], "val_loss": [0.46627986431121826, 0.42457839846611023, 0.415489137172699, 0.40306735038757324, 0.3991120457649231, 0.39347389340400696, 0.3908023536205292, 0.38885605335235596, 0.38570255041122437, 0.3877292573451996, 0.3870568573474884, 0.38402259349823, 0.3865886628627777, 0.3859882950782776, 0.3888421952724457, 0.3777015507221222, 0.37781333923339844, 0.37728214263916016, 0.3808508515357971, 0.3796766996383667, 0.3824181854724884, 0.37840017676353455, 0.3775423467159271], "val_accuracy": [0.8385391235351562, 0.8495143055915833, 0.8505029082298279, 0.8552168011665344, 0.8544860482215881, 0.8576668500900269, 0.85813969373703, 0.85785311460495, 0.8600882887840271, 0.8586411476135254, 0.8582543134689331, 0.8599736094474792, 0.8588703870773315, 0.8609192967414856, 0.8606900572776794, 0.8626385927200317, 0.863269031047821, 0.8627246022224426, 0.863154411315918, 0.8629538416862488, 0.8612774610519409, 0.8634839653968811, 0.8633120059967041], "lr": [0.0010000000474974513, 0.0010000000474974513, 0.0010000000474974513, 0.0010000000474974513, 0.0010000000474974513, 0.0010000000474974513, 0.0010000000474974513, 0.0010000000474974513, 0.0010000000474974513, 0.0010000000474974513, 0.0010000000474974513, 0.0010000000474974513, 0.0010000000474974513, 0.0010000000474974513, 0.0010000000474974513, 0.0005000000237487257, 0.0005000000237487257, 0.0005000000237487257, 0.0005000000237487257, 0.0005000000237487257, 0.0005000000237487257, 0.0002500000118743628, 0.0002500000118743628]}