{"loss": [0.7201188206672668, 0.42935463786125183, 0.39244404435157776, 0.37421873211860657, 0.36229705810546875, 0.35455062985420227, 0.34820356965065, 0.34208157658576965, 0.3378154933452606, 0.3335433900356293, 0.3304188549518585, 0.32740944623947144, 0.32455119490623474, 0.32136398553848267, 0.3189271092414856, 0.31662410497665405, 0.313890278339386, 0.3117857873439789, 0.3096381425857544, 0.3078925311565399, 0.30589425563812256, 0.30423808097839355, 0.301545649766922, 0.2992199659347534, 0.29840704798698425, 0.29652097821235657, 0.2879272997379303, 0.28571218252182007, 0.28371065855026245, 0.2824894189834595, 0.27751925587654114, 0.2756141722202301, 0.27471333742141724, 0.27463677525520325, 0.2711179554462433, 0.2703334391117096], "accuracy": [0.7801514863967896, 0.8472912907600403, 0.8577587604522705, 0.862490177154541, 0.8657729029655457, 0.8680462837219238, 0.8702671527862549, 0.8712510466575623, 0.8727061152458191, 0.8742455840110779, 0.8747454881668091, 0.8756784200668335, 0.876448929309845, 0.8777081966400146, 0.878408670425415, 0.8787573575973511, 0.8799020051956177, 0.8802028894424438, 0.8807600736618042, 0.8813968896865845, 0.8820846676826477, 0.882305920124054, 0.8831815123558044, 0.8839839100837708, 0.8839807510375977, 0.8846796154975891, 0.8870405554771423, 0.8874879479408264, 0.8882743716239929, 0.888666033744812, 0.890394926071167, 0.890676736831665, 0.8910906314849854, 0.8914775252342224, 0.8923085331916809, 0.8926317095756531], "val_loss": [0.39714714884757996, 0.37639492750167847, 0.3722774386405945, 0.3439221978187561, 0.3399486839771271, 0.33651411533355713, 0.334872305393219, 0.3280818462371826, 0.3286306858062744, 0.32711076736450195, 0.3246254622936249, 0.32338425517082214, 0.3244767189025879, 0.3231755197048187, 0.32023975253105164, 0.31963932514190674, 0.31922614574432373, 0.31794121861457825, 0.321514368057251, 0.3167053759098053, 0.31718680262565613, 0.31821301579475403, 0.31645649671554565, 0.3186837434768677, 0.317095011472702, 0.31836509704589844, 0.31428593397140503, 0.31448492407798767, 0.31503066420555115, 0.3152522146701813, 0.31411704421043396, 0.3147391974925995, 0.3153996169567108, 0.3154377043247223, 0.31472495198249817, 0.3156299293041229], "val_accuracy": [0.8571367263793945, 0.8629108667373657, 0.8609622716903687, 0.8714646100997925, 0.872438907623291, 0.8738430142402649, 0.8739433288574219, 0.8764936923980713, 0.8764363527297974, 0.8760208487510681, 0.8779551386833191, 0.8768805265426636, 0.8784136176109314, 0.8771671056747437, 0.8783849477767944, 0.8787861466407776, 0.8791157007217407, 0.87967449426651, 0.8784279227256775, 0.8801616430282593, 0.8797031044960022, 0.8802475929260254, 0.8814511299133301, 0.8797031044960022, 0.8809066414833069, 0.8809353113174438, 0.8811215758323669, 0.8819669485092163, 0.8815514445304871, 0.8818093538284302, 0.8820242285728455, 0.8822678327560425, 0.8825830221176147, 0.8822964429855347, 0.8826833367347717, 0.8827263116836548], "lr": [0.00019999999494757503, 0.00019999999494757503, 0.00019999999494757503, 0.00019999999494757503, 0.00019999999494757503, 0.00019999999494757503, 0.00019999999494757503, 0.00019999999494757503, 0.00019999999494757503, 0.00019999999494757503, 0.00019999999494757503, 0.00019999999494757503, 0.00019999999494757503, 0.00019999999494757503, 0.00019999999494757503, 0.00019999999494757503, 0.00019999999494757503, 0.00019999999494757503, 0.00019999999494757503, 0.00019999999494757503, 0.00019999999494757503, 0.00019999999494757503, 0.00019999999494757503, 0.00019999999494757503, 0.00019999999494757503, 0.00019999999494757503, 9.999999747378752e-05, 9.999999747378752e-05, 9.999999747378752e-05, 9.999999747378752e-05, 4.999999873689376e-05, 4.999999873689376e-05, 4.999999873689376e-05, 4.999999873689376e-05, 2.499999936844688e-05, 2.499999936844688e-05]}