{"loss": [0.6581676006317139, 0.4346342384815216, 0.4080178141593933, 0.3931630253791809, 0.38324642181396484, 0.3758627474308014, 0.36910027265548706, 0.36465299129486084, 0.3596886992454529, 0.3565426766872406, 0.35244572162628174, 0.34961074590682983, 0.3459698557853699, 0.34340566396713257, 0.34085017442703247, 0.32450222969055176, 0.32177117466926575, 0.32032543420791626, 0.3184082806110382, 0.31690865755081177, 0.3153216540813446, 0.3064182698726654, 0.30494818091392517, 0.30392366647720337, 0.303231805562973, 0.2983936667442322, 0.2976204752922058], "accuracy": [0.7950096726417542, 0.8462055325508118, 0.8530177474021912, 0.8570519089698792, 0.8598824739456177, 0.8616957664489746, 0.8633021116256714, 0.8645884394645691, 0.8659942150115967, 0.8669064044952393, 0.8676833510398865, 0.8687483668327332, 0.8697354197502136, 0.870292603969574, 0.8710774779319763, 0.876609742641449, 0.8772513270378113, 0.8776891231536865, 0.878488302230835, 0.8789356350898743, 0.8790136575698853, 0.8827246427536011, 0.8830493688583374, 0.8836289048194885, 0.8833805322647095, 0.8855361342430115, 0.8855695724487305], "val_loss": [0.46461519598960876, 0.42596450448036194, 0.41328516602516174, 0.40170374512672424, 0.4007225036621094, 0.39221829175949097, 0.3883419930934906, 0.38873621821403503, 0.38591325283050537, 0.38375595211982727, 0.38835158944129944, 0.38179516792297363, 0.3827538788318634, 0.3862258195877075, 0.38779890537261963, 0.3794286847114563, 0.37701109051704407, 0.3761604130268097, 0.37880733609199524, 0.37940365076065063, 0.3792550265789032, 0.37577876448631287, 0.3769073486328125, 0.37586066126823425, 0.37673524022102356, 0.3758818805217743, 0.3768133521080017], "val_accuracy": [0.8386537432670593, 0.8490127921104431, 0.8511906266212463, 0.8545863628387451, 0.8538556098937988, 0.8581253290176392, 0.8591426014900208, 0.8584835529327393, 0.8602601885795593, 0.859902024269104, 0.857896089553833, 0.8609765768051147, 0.8602458834648132, 0.8600166440010071, 0.8595438003540039, 0.8622517585754395, 0.8636845350265503, 0.863426685333252, 0.8629108667373657, 0.8627962470054626, 0.8622947335243225, 0.8636559247970581, 0.8629108667373657, 0.8637275695800781, 0.8636988997459412, 0.8649311065673828, 0.8634839653968811], "lr": [0.0010000000474974513, 0.0010000000474974513, 0.0010000000474974513, 0.0010000000474974513, 0.0010000000474974513, 0.0010000000474974513, 0.0010000000474974513, 0.0010000000474974513, 0.0010000000474974513, 0.0010000000474974513, 0.0010000000474974513, 0.0010000000474974513, 0.0010000000474974513, 0.0010000000474974513, 0.0010000000474974513, 0.0005000000237487257, 0.0005000000237487257, 0.0005000000237487257, 0.0005000000237487257, 0.0005000000237487257, 0.0005000000237487257, 0.0002500000118743628, 0.0002500000118743628, 0.0002500000118743628, 0.0002500000118743628, 0.0001250000059371814, 0.0001250000059371814]}