{
    "loss": [
        0.5174564719200134,
        0.39193326234817505,
        0.37062665820121765,
        0.3595369756221771,
        0.3511837422847748,
        0.34472233057022095,
        0.33940091729164124,
        0.334462970495224,
        0.3291838467121124,
        0.3246457874774933,
        0.32062387466430664,
        0.31683674454689026,
        0.31332188844680786,
        0.30925679206848145,
        0.3063911199569702,
        0.2858629822731018,
        0.2807786762714386,
        0.2767849266529083,
        0.27364811301231384,
        0.2617688477039337,
        0.2580830156803131
    ],
    "accuracy": [
        0.8225657939910889,
        0.8573257327079773,
        0.8640917539596558,
        0.866806149482727,
        0.8696956038475037,
        0.8707829713821411,
        0.872530996799469,
        0.8742392063140869,
        0.8758996725082397,
        0.8770459294319153,
        0.8779693245887756,
        0.8790566325187683,
        0.8802427053451538,
        0.8814716935157776,
        0.8821642398834229,
        0.8883460164070129,
        0.8897215127944946,
        0.890600323677063,
        0.8917003870010376,
        0.8951964378356934,
        0.8965368866920471
    ],
    "val_loss": [
        0.3961043953895569,
        0.40446582436561584,
        0.3705911934375763,
        0.34555748105049133,
        0.35926637053489685,
        0.34236982464790344,
        0.34127694368362427,
        0.33507445454597473,
        0.3355943262577057,
        0.33372390270233154,
        0.3408679962158203,
        0.3324407935142517,
        0.33411866426467896,
        0.34820741415023804,
        0.33825966715812683,
        0.32753244042396545,
        0.32857686281204224,
        0.33793213963508606,
        0.3387117087841034,
        0.335254967212677,
        0.3392411172389984
    ],
    "val_accuracy": [
        0.8529529571533203,
        0.8579390645027161,
        0.8593145608901978,
        0.8723099231719971,
        0.8662205934524536,
        0.872582197189331,
        0.8725248575210571,
        0.8751038908958435,
        0.874201238155365,
        0.8764220476150513,
        0.8770238161087036,
        0.8769521713256836,
        0.877740204334259,
        0.8714646100997925,
        0.8770381212234497,
        0.8808780312538147,
        0.8805341720581055,
        0.8813937902450562,
        0.8808493614196777,
        0.8825257420539856,
        0.8819669485092163
    ],
    "lr": [
        0.009999999776482582,
        0.009999999776482582,
        0.009999999776482582,
        0.009999999776482582,
        0.009999999776482582,
        0.009999999776482582,
        0.009999999776482582,
        0.009999999776482582,
        0.009999999776482582,
        0.009999999776482582,
        0.009999999776482582,
        0.009999999776482582,
        0.009999999776482582,
        0.009999999776482582,
        0.009999999776482582,
        0.004999999888241291,
        0.004999999888241291,
        0.004999999888241291,
        0.004999999888241291,
        0.0024999999441206455,
        0.0024999999441206455
    ]
}