{"loss": [0.9250372648239136, 0.480691522359848, 0.4257456958293915, 0.40074577927589417, 0.38407236337661743, 0.3722417652606964, 0.36419954895973206, 0.35758176445961, 0.3512144684791565, 0.34716394543647766, 0.342865526676178, 0.33919191360473633, 0.3365558385848999, 0.33362480998039246, 0.3310618996620178, 0.3286485970020294, 0.3260359764099121, 0.3242848515510559, 0.32174572348594666, 0.31978991627693176, 0.3185470700263977, 0.3162188231945038, 0.31489595770835876, 0.3128252625465393, 0.3120657205581665, 0.3093729317188263, 0.3084300458431244, 0.30666661262512207, 0.3053039312362671, 0.30452629923820496, 0.30253365635871887, 0.3011845350265503, 0.30014437437057495, 0.2992231547832489, 0.29737505316734314, 0.29153934121131897, 0.2897477447986603, 0.2885986268520355, 0.2871052026748657, 0.28399577736854553, 0.2832420766353607, 0.2823231518268585, 0.28153154253959656, 0.2799232006072998, 0.2794376611709595], "accuracy": [0.734795093536377, 0.8343943953514099, 0.8485521674156189, 0.8555474281311035, 0.8598362803459167, 0.8633657693862915, 0.8653271794319153, 0.8673505783081055, 0.8692036867141724, 0.8702894449234009, 0.8715662360191345, 0.8722428679466248, 0.8731853365898132, 0.8739494681358337, 0.8748680353164673, 0.8753520250320435, 0.8763613700866699, 0.8769313097000122, 0.8773961663246155, 0.8778546452522278, 0.8782622218132019, 0.8789786100387573, 0.8792333602905273, 0.8798908591270447, 0.8799513578414917, 0.880577027797699, 0.8811851739883423, 0.8816149830818176, 0.8814796805381775, 0.8821960687637329, 0.8828758597373962, 0.8831083178520203, 0.8836097717285156, 0.8834505677223206, 0.884321391582489, 0.8862493634223938, 0.8865868449211121, 0.8869307041168213, 0.8873748779296875, 0.888545036315918, 0.888626217842102, 0.8887503743171692, 0.8893219232559204, 0.8894588351249695, 0.8899173140525818], "val_loss": [0.43616530299186707, 0.3895326256752014, 0.36912256479263306, 0.3554663360118866, 0.35245534777641296, 0.3448185622692108, 0.3399432897567749, 0.33643120527267456, 0.33945927023887634, 0.331442266702652, 0.33072349429130554, 0.32382696866989136, 0.32865267992019653, 0.32802385091781616, 0.32326021790504456, 0.3273893892765045, 0.322788804769516, 0.32157188653945923, 0.32295888662338257, 0.32107579708099365, 0.3196166455745697, 0.3193473815917969, 0.3216426968574524, 0.31844210624694824, 0.3189678192138672, 0.31781816482543945, 0.3173890709877014, 0.3168393075466156, 0.3152790665626526, 0.31797197461128235, 0.31610313057899475, 0.31507861614227295, 0.3171881437301636, 0.3168439567089081, 0.3171686828136444, 0.3140876889228821, 0.3147970736026764, 0.31408727169036865, 0.31555601954460144, 0.31334635615348816, 0.31346479058265686, 0.31399959325790405, 0.31415244936943054, 0.31345248222351074, 0.31334951519966125], "val_accuracy": [0.8459036350250244, 0.859758734703064, 0.8647161722183228, 0.8680115938186646, 0.8698455691337585, 0.8710491061210632, 0.8713642954826355, 0.8734561800956726, 0.8729977011680603, 0.8750322461128235, 0.8763504028320312, 0.8772960305213928, 0.8750752210617065, 0.8751038908958435, 0.8775109648704529, 0.8759778738021851, 0.8781700730323792, 0.8783849477767944, 0.8781270384788513, 0.8778977990150452, 0.8780840635299683, 0.8789294362068176, 0.8786141872406006, 0.8791873455047607, 0.8796601295471191, 0.879645824432373, 0.8798463940620422, 0.8801186084747314, 0.8809639811515808, 0.8798320889472961, 0.8796314597129822, 0.8807920217514038, 0.8808923363685608, 0.8808206915855408, 0.8805055022239685, 0.8815800547599792, 0.8818236589431763, 0.8823108077049255, 0.8816516995429993, 0.8824970722198486, 0.8824111223220825, 0.8826116919517517, 0.8821961879730225, 0.8824684023857117, 0.8819955587387085], "lr": [9.999999747378752e-05, 9.999999747378752e-05, 9.999999747378752e-05, 9.999999747378752e-05, 9.999999747378752e-05, 9.999999747378752e-05, 9.999999747378752e-05, 9.999999747378752e-05, 9.999999747378752e-05, 9.999999747378752e-05, 9.999999747378752e-05, 9.999999747378752e-05, 9.999999747378752e-05, 9.999999747378752e-05, 9.999999747378752e-05, 9.999999747378752e-05, 9.999999747378752e-05, 9.999999747378752e-05, 9.999999747378752e-05, 9.999999747378752e-05, 9.999999747378752e-05, 9.999999747378752e-05, 9.999999747378752e-05, 9.999999747378752e-05, 9.999999747378752e-05, 9.999999747378752e-05, 9.999999747378752e-05, 9.999999747378752e-05, 9.999999747378752e-05, 9.999999747378752e-05, 9.999999747378752e-05, 9.999999747378752e-05, 9.999999747378752e-05, 9.999999747378752e-05, 9.999999747378752e-05, 4.999999873689376e-05, 4.999999873689376e-05, 4.999999873689376e-05, 4.999999873689376e-05, 2.499999936844688e-05, 2.499999936844688e-05, 2.499999936844688e-05, 2.499999936844688e-05, 1.249999968422344e-05, 1.249999968422344e-05]}