{"loss": [0.1879471093416214, 0.09766928106546402, 0.08062733709812164, 0.07116452604532242, 0.06501413136720657, 0.06044474616646767, 0.05722856521606445, 0.05478210747241974, 0.052495326846838, 0.05071822181344032, 0.04938029125332832, 0.048134371638298035, 0.04711678996682167, 0.04596997797489166, 0.045107245445251465, 0.044377148151397705, 0.04365667328238487, 0.04328961297869682, 0.04250523820519447, 0.042015206068754196, 0.04150392487645149, 0.04112658649682999, 0.040754348039627075, 0.040350496768951416, 0.0399554967880249, 0.039586033672094345, 0.039339352399110794, 0.039031725376844406, 0.038728635758161545, 0.038351066410541534, 0.03819632902741432, 0.03794202581048012, 0.03752768784761429, 0.03716516122221947, 0.037145018577575684, 0.03701936453580856, 0.036900896579027176, 0.036782339215278625, 0.036692071706056595, 0.03644946962594986, 0.036366093903779984, 0.036217253655195236, 0.03632389381527901, 0.03614085167646408, 0.03612742945551872, 0.03610416501760483, 0.036004260182380676, 0.035967011004686356, 0.03583243116736412, 0.035913895815610886], "accuracy": [0.6938438415527344, 0.7772173881530762, 0.7981809973716736, 0.8105477094650269, 0.8196189403533936, 0.826435923576355, 0.8317007422447205, 0.8361185789108276, 0.8393391966819763, 0.8430072069168091, 0.8450003862380981, 0.8478389382362366, 0.8499132990837097, 0.8516613245010376, 0.8532724380493164, 0.8549488186836243, 0.8560489416122437, 0.856800377368927, 0.8583621382713318, 0.8594303727149963, 0.8605606555938721, 0.8611592650413513, 0.8616544008255005, 0.8628197312355042, 0.8633260130882263, 0.8639914393424988, 0.8649466633796692, 0.8650262355804443, 0.8660992980003357, 0.866591215133667, 0.8671611547470093, 0.8668920993804932, 0.868237316608429, 0.8683041930198669, 0.8685175180435181, 0.8691352605819702, 0.8699774146080017, 0.8695603013038635, 0.8696573972702026, 0.8702719211578369, 0.870685875415802, 0.8709389567375183, 0.870563268661499, 0.87078458070755, 0.8705887198448181, 0.870757520198822, 0.8709230422973633, 0.8712382912635803, 0.8712366819381714, 0.8712971806526184], "val_loss": [0.07147988677024841, 0.05819220468401909, 0.05324249342083931, 0.050273045897483826, 0.04799148812890053, 0.04548070952296257, 0.044357653707265854, 0.04376645386219025, 0.04249541088938713, 0.042111799120903015, 0.04076571390032768, 0.0402936115860939, 0.03985873982310295, 0.04022527113556862, 0.03898489847779274, 0.03874029964208603, 0.03826227784156799, 0.0379876047372818, 0.03796427324414253, 0.03756286948919296, 0.037255000323057175, 0.03731420636177063, 0.037079498171806335, 0.03686568886041641, 0.036986760795116425, 0.03662951663136482, 0.036377593874931335, 0.03624153882265091, 0.03588889166712761, 0.03613299876451492, 0.03583209589123726, 0.035887960344552994, 0.03565111383795738, 0.03545030578970909, 0.035408325493335724, 0.03533006086945534, 0.03532121703028679, 0.03532790765166283, 0.035254839807748795, 0.03517300263047218, 0.0350855253636837, 0.03511890769004822, 0.035121917724609375, 0.03505062311887741, 0.03502456098794937, 0.0350169837474823, 0.034988828003406525, 0.03496607765555382, 0.034904345870018005, 0.03495434671640396], "val_accuracy": [0.8257873058319092, 0.8428231477737427, 0.8507178425788879, 0.8541995286941528, 0.8572226762771606, 0.859801709651947, 0.8609909415245056, 0.8626529574394226, 0.8645299077033997, 0.8651746511459351, 0.8674528002738953, 0.8681262135505676, 0.8680832386016846, 0.8672521710395813, 0.8694730401039124, 0.8706908822059631, 0.870676577091217, 0.8718371391296387, 0.8714072704315186, 0.8721380233764648, 0.8734275102615356, 0.8729690313339233, 0.8729690313339233, 0.872195303440094, 0.8730263113975525, 0.8745880722999573, 0.8739146590232849, 0.8741438984870911, 0.8750035762786865, 0.8745594024658203, 0.8750752210617065, 0.8740436434745789, 0.8759778738021851, 0.8763217329978943, 0.8762071132659912, 0.8758202791213989, 0.875863254070282, 0.8764363527297974, 0.8761211633682251, 0.8766512870788574, 0.8769664764404297, 0.8771097660064697, 0.8767659068107605, 0.8766799569129944, 0.8769808411598206, 0.8772960305213928, 0.8772530555725098, 0.8772243857383728, 0.8772100806236267, 0.8772243857383728], "lr": [2.499999936844688e-05, 2.499999936844688e-05, 2.499999936844688e-05, 2.499999936844688e-05, 2.499999936844688e-05, 2.499999936844688e-05, 2.499999936844688e-05, 2.499999936844688e-05, 2.499999936844688e-05, 2.499999936844688e-05, 2.499999936844688e-05, 2.499999936844688e-05, 2.499999936844688e-05, 2.499999936844688e-05, 2.499999936844688e-05, 2.499999936844688e-05, 2.499999936844688e-05, 2.499999936844688e-05, 2.499999936844688e-05, 2.499999936844688e-05, 2.499999936844688e-05, 2.499999936844688e-05, 2.499999936844688e-05, 2.499999936844688e-05, 2.499999936844688e-05, 2.499999936844688e-05, 2.499999936844688e-05, 2.499999936844688e-05, 2.499999936844688e-05, 2.499999936844688e-05, 2.499999936844688e-05, 2.499999936844688e-05, 1.249999968422344e-05, 1.249999968422344e-05, 1.249999968422344e-05, 1.249999968422344e-05, 1.249999968422344e-05, 1.249999968422344e-05, 1.249999968422344e-05, 6.24999984211172e-06, 6.24999984211172e-06, 6.24999984211172e-06, 6.24999984211172e-06, 3.12499992105586e-06, 3.12499992105586e-06, 3.12499992105586e-06, 3.12499992105586e-06, 1.56249996052793e-06, 1.56249996052793e-06, 1.56249996052793e-06]}