{"loss": [0.8546364307403564, 0.4491026699542999, 0.4140259921550751, 0.39652493596076965, 0.3831920325756073, 0.3732589781284332, 0.3656511604785919, 0.3585589528083801, 0.35256561636924744, 0.34727299213409424, 0.34183523058891296, 0.3370574712753296, 0.3325793445110321, 0.3103178143501282, 0.3043859899044037, 0.3007058799266815, 0.29694730043411255, 0.2827118933200836, 0.27916261553764343], "accuracy": [0.7621521949768066, 0.8416332602500916, 0.8513525128364563, 0.8564150929450989, 0.8602406978607178, 0.862606406211853, 0.8646823763847351, 0.8662568926811218, 0.8681688904762268, 0.8691813945770264, 0.8711777925491333, 0.872526228427887, 0.8737695813179016, 0.8807234764099121, 0.882598876953125, 0.8836432099342346, 0.8846716284751892, 0.8898743391036987, 0.8910953998565674], "val_loss": [0.48405933380126953, 0.4479880630970001, 0.4196561872959137, 0.41983193159103394, 0.3985789716243744, 0.3934254050254822, 0.387959361076355, 0.38805803656578064, 0.3864951431751251, 0.3811320662498474, 0.38776206970214844, 0.3872246742248535, 0.38644132018089294, 0.3796703815460205, 0.3841756284236908, 0.3891465663909912, 0.3918876051902771, 0.393522709608078, 0.4004427194595337], "val_accuracy": [0.8323637843132019, 0.8430237770080566, 0.8486259579658508, 0.8497148752212524, 0.8557612299919128, 0.8582686185836792, 0.8585695028305054, 0.8582686185836792, 0.8606613874435425, 0.8616786599159241, 0.8597443699836731, 0.8583975434303284, 0.8599163293838501, 0.8631114363670349, 0.8624809980392456, 0.8615067005157471, 0.8604894280433655, 0.8634982705116272, 0.861607015132904], "lr": [0.0010000000474974513, 0.0010000000474974513, 0.0010000000474974513, 0.0010000000474974513, 0.0010000000474974513, 0.0010000000474974513, 0.0010000000474974513, 0.0010000000474974513, 0.0010000000474974513, 0.0010000000474974513, 0.0010000000474974513, 0.0010000000474974513, 0.0010000000474974513, 0.0005000000237487257, 0.0005000000237487257, 0.0005000000237487257, 0.0005000000237487257, 0.0002500000118743628, 0.0002500000118743628]}