{"loss": [0.5853990912437439, 0.38870176672935486, 0.3686693608760834, 0.3621830940246582, 0.3509034812450409, 0.3442656695842743, 0.33680951595306396, 0.33139386773109436, 0.3232038915157318, 0.3159196078777313, 0.31193384528160095, 0.3061283826828003, 0.29758554697036743, 0.29190120100975037, 0.2885323464870453, 0.2810482382774353, 0.2556384205818176, 0.24527372419834137, 0.23648318648338318, 0.22698870301246643, 0.2010132521390915, 0.1860405057668686], "accuracy": [0.8118212819099426, 0.8577109575271606, 0.8633260130882263, 0.8650199174880981, 0.8685732483863831, 0.8701684474945068, 0.8723717927932739, 0.8740561604499817, 0.8763295412063599, 0.8782574534416199, 0.8795517683029175, 0.8813347816467285, 0.8840301036834717, 0.8857494592666626, 0.8869450688362122, 0.8894078731536865, 0.8979330658912659, 0.9016838669776917, 0.9049299955368042, 0.9081028699874878, 0.9185925722122192, 0.9246470332145691], "val_loss": [0.43914633989334106, 0.4117777645587921, 0.4031999409198761, 0.37311848998069763, 0.38577723503112793, 0.395934522151947, 0.362575501203537, 0.39752432703971863, 0.3775075376033783, 0.35278987884521484, 0.3584741950035095, 0.3592640161514282, 0.3507973551750183, 0.35297727584838867, 0.3590486943721771, 0.35657626390457153, 0.3459405303001404, 0.3559647500514984, 0.3754391670227051, 0.38462910056114197, 0.42884206771850586, 0.4599919021129608], "val_accuracy": [0.8423933386802673, 0.8508467674255371, 0.8546866774559021, 0.861248791217804, 0.8582399487495422, 0.857867419719696, 0.8665644526481628, 0.850904107093811, 0.8630684614181519, 0.8696593046188354, 0.868842601776123, 0.867180585861206, 0.8716938495635986, 0.8702753782272339, 0.8699172139167786, 0.8718514442443848, 0.8751898407936096, 0.874201238155365, 0.8730120062828064, 0.8732556104660034, 0.8720377087593079, 0.8677393198013306], "lr": [0.0010000000474974513, 0.0010000000474974513, 0.0010000000474974513, 0.0010000000474974513, 0.0010000000474974513, 0.0010000000474974513, 0.0010000000474974513, 0.0010000000474974513, 0.0010000000474974513, 0.0010000000474974513, 0.0010000000474974513, 0.0010000000474974513, 0.0010000000474974513, 0.0010000000474974513, 0.0010000000474974513, 0.0010000000474974513, 0.0005000000237487257, 0.0005000000237487257, 0.0005000000237487257, 0.0005000000237487257, 0.0002500000118743628, 0.0002500000118743628]}