{"loss": [0.3425482511520386, 0.21784183382987976, 0.1751694530248642, 0.14813143014907837, 0.12938138842582703, 0.11549964547157288, 0.10516912490129471, 0.09735529124736786, 0.09113973379135132, 0.08606818318367004, 0.08180344104766846, 0.0781191885471344, 0.07521123439073563, 0.07277709245681763, 0.07049829512834549, 0.06852883845567703, 0.06678206473588943, 0.06501434743404388, 0.0636695995926857, 0.062365494668483734, 0.06115179881453514, 0.06006699427962303, 0.05898769199848175, 0.05817790701985359, 0.05715315416455269, 0.056466881185770035, 0.055488038808107376, 0.05488298833370209, 0.05419326201081276, 0.053575240075588226, 0.05298807844519615, 0.052410125732421875, 0.05185214802622795, 0.05134333670139313, 0.05103772133588791, 0.050384167581796646, 0.05000094324350357, 0.04958856850862503, 0.04917176440358162, 0.04876120388507843, 0.048370782285928726, 0.048046134412288666, 0.047640807926654816, 0.047437649220228195, 0.047049589455127716, 0.04681530222296715, 0.04643779620528221, 0.04626116156578064, 0.045782510191202164, 0.04548056796193123], "accuracy": [0.41908693313598633, 0.5813062787055969, 0.6372893452644348, 0.673119068145752, 0.6996355652809143, 0.7189005017280579, 0.7345197200775146, 0.7451367974281311, 0.7554419040679932, 0.7635388374328613, 0.7709289789199829, 0.7763816118240356, 0.7814648747444153, 0.7861788272857666, 0.7900044322013855, 0.7930753827095032, 0.796625554561615, 0.8002012372016907, 0.8021243810653687, 0.8051603436470032, 0.806814432144165, 0.8092056512832642, 0.8112752437591553, 0.812738299369812, 0.8147696852684021, 0.8161372542381287, 0.8182705640792847, 0.8194931745529175, 0.820844829082489, 0.8221439123153687, 0.8237152099609375, 0.8238537311553955, 0.8254648447036743, 0.8267925381660461, 0.8276044726371765, 0.8291248679161072, 0.8295260667800903, 0.8298555612564087, 0.8310480117797852, 0.8320398330688477, 0.8330953121185303, 0.8335952162742615, 0.8342877626419067, 0.8349882364273071, 0.8360023498535156, 0.8363255262374878, 0.836836576461792, 0.8377439975738525, 0.838382363319397, 0.8395827412605286], "val_loss": [0.18660877645015717, 0.14002658426761627, 0.11273697763681412, 0.09471477568149567, 0.08245693892240524, 0.07398548722267151, 0.06771855801343918, 0.06314463913440704, 0.05951414257287979, 0.056832388043403625, 0.05460180714726448, 0.05280296877026558, 0.0512121357023716, 0.04994799941778183, 0.048993125557899475, 0.047898903489112854, 0.04673554748296738, 0.04620039463043213, 0.045539021492004395, 0.044849175959825516, 0.04436827823519707, 0.04386400803923607, 0.04336947947740555, 0.042963504791259766, 0.042584940791130066, 0.042102646082639694, 0.04176383465528488, 0.04144076630473137, 0.041066911071538925, 0.04078550636768341, 0.040582992136478424, 0.04038669168949127, 0.040093958377838135, 0.0398072823882103, 0.03973424434661865, 0.039447665214538574, 0.039171528071165085, 0.03905193880200386, 0.03879041597247124, 0.03863940387964249, 0.03850296139717102, 0.038260992616415024, 0.038162071257829666, 0.037989336997270584, 0.03784041479229927, 0.03775850310921669, 0.03753507882356644, 0.037394050508737564, 0.03738746419548988, 0.037246257066726685], "val_accuracy": [0.6386508941650391, 0.6977247595787048, 0.7346619963645935, 0.7617130279541016, 0.7824311256408691, 0.7960283160209656, 0.8060864806175232, 0.8136372566223145, 0.8200991749763489, 0.8250136375427246, 0.8284952640533447, 0.8319482803344727, 0.8351434469223022, 0.8379660248756409, 0.8392698764801025, 0.8419491648674011, 0.8448433876037598, 0.8458893299102783, 0.847064197063446, 0.8479812145233154, 0.8493136763572693, 0.8502306938171387, 0.8513196110725403, 0.8519356846809387, 0.8528383374214172, 0.8536693453788757, 0.8540705442428589, 0.8545863628387451, 0.8555749654769897, 0.8558758497238159, 0.8563200235366821, 0.8565922379493713, 0.8572513461112976, 0.8578388094902039, 0.8578101396560669, 0.85799640417099, 0.8586984276771545, 0.8588131070137024, 0.8593575358390808, 0.8594291806221008, 0.8600596189498901, 0.8605610728263855, 0.8605753779411316, 0.8611485362052917, 0.8611628413200378, 0.861420750617981, 0.861592710018158, 0.8623807430267334, 0.8621515035629272, 0.8624523878097534], "lr": [3.12499992105586e-06, 3.12499992105586e-06, 3.12499992105586e-06, 3.12499992105586e-06, 3.12499992105586e-06, 3.12499992105586e-06, 3.12499992105586e-06, 3.12499992105586e-06, 3.12499992105586e-06, 3.12499992105586e-06, 3.12499992105586e-06, 3.12499992105586e-06, 3.12499992105586e-06, 3.12499992105586e-06, 3.12499992105586e-06, 3.12499992105586e-06, 3.12499992105586e-06, 3.12499992105586e-06, 3.12499992105586e-06, 3.12499992105586e-06, 3.12499992105586e-06, 3.12499992105586e-06, 3.12499992105586e-06, 3.12499992105586e-06, 3.12499992105586e-06, 3.12499992105586e-06, 3.12499992105586e-06, 3.12499992105586e-06, 3.12499992105586e-06, 3.12499992105586e-06, 3.12499992105586e-06, 3.12499992105586e-06, 3.12499992105586e-06, 3.12499992105586e-06, 3.12499992105586e-06, 3.12499992105586e-06, 3.12499992105586e-06, 3.12499992105586e-06, 3.12499992105586e-06, 3.12499992105586e-06, 3.12499992105586e-06, 3.12499992105586e-06, 3.12499992105586e-06, 3.12499992105586e-06, 3.12499992105586e-06, 3.12499992105586e-06, 3.12499992105586e-06, 3.12499992105586e-06, 3.12499992105586e-06, 3.12499992105586e-06]}