{"loss": [0.6897933483123779, 0.43206503987312317, 0.39335739612579346, 0.3747747838497162, 0.3629877269268036, 0.3551296293735504, 0.34885671734809875, 0.3435773551464081, 0.3388045132160187, 0.33469143509864807, 0.33152613043785095, 0.3279760777950287, 0.32471176981925964, 0.32170724868774414, 0.31957653164863586, 0.31782421469688416, 0.31472641229629517, 0.3133685290813446, 0.30369627475738525, 0.30068790912628174, 0.2989700436592102, 0.29706627130508423, 0.2922053039073944, 0.29066306352615356, 0.2896517217159271, 0.2883451282978058, 0.2879326045513153, 0.28715822100639343, 0.28623154759407043, 0.28346678614616394, 0.28298071026802063], "accuracy": [0.784902036190033, 0.8473294973373413, 0.8574960827827454, 0.8629215955734253, 0.8662967085838318, 0.8679985404014587, 0.8700649738311768, 0.8717970848083496, 0.8727554678916931, 0.8740481734275818, 0.8749588131904602, 0.8757659792900085, 0.8772624731063843, 0.8776732087135315, 0.8784405589103699, 0.8787541389465332, 0.8797205090522766, 0.8801758289337158, 0.8832929730415344, 0.8838247060775757, 0.8843914866447449, 0.8849788904190063, 0.8866839408874512, 0.8868813514709473, 0.8875499963760376, 0.8877776861190796, 0.8876073360443115, 0.8877744674682617, 0.8880212306976318, 0.8887280821800232, 0.8889971375465393], "val_loss": [0.40978237986564636, 0.3719905614852905, 0.36400869488716125, 0.3425546884536743, 0.34463897347450256, 0.3399451971054077, 0.3334323465824127, 0.33030712604522705, 0.33578649163246155, 0.33031556010246277, 0.32642921805381775, 0.32588061690330505, 0.33081308007240295, 0.3255878686904907, 0.3198782205581665, 0.3248820900917053, 0.32332977652549744, 0.3271200954914093, 0.31499165296554565, 0.3151998519897461, 0.31627213954925537, 0.3155462145805359, 0.31282520294189453, 0.31446871161460876, 0.3128850758075714, 0.31190183758735657, 0.3130798935890198, 0.3147026002407074, 0.3134244978427887, 0.31263163685798645, 0.3121337294578552], "val_accuracy": [0.850617527961731, 0.8630111217498779, 0.866994321346283, 0.8715792298316956, 0.8712783455848694, 0.8719947338104248, 0.8741152286529541, 0.876035213470459, 0.8726108074188232, 0.8753904104232788, 0.8769378662109375, 0.8764077425003052, 0.8763217329978943, 0.8768662214279175, 0.8791013360023499, 0.8780410885810852, 0.8793162703514099, 0.8782130479812622, 0.88130784034729, 0.8819096088409424, 0.8804338574409485, 0.8827263116836548, 0.8832994103431702, 0.88123619556427, 0.8823967576026917, 0.883141815662384, 0.8826689720153809, 0.8823967576026917, 0.8830845355987549, 0.883170485496521, 0.8828696012496948], "lr": [0.0010000000474974513, 0.0010000000474974513, 0.0010000000474974513, 0.0010000000474974513, 0.0010000000474974513, 0.0010000000474974513, 0.0010000000474974513, 0.0010000000474974513, 0.0010000000474974513, 0.0010000000474974513, 0.0010000000474974513, 0.0010000000474974513, 0.0010000000474974513, 0.0010000000474974513, 0.0010000000474974513, 0.0010000000474974513, 0.0010000000474974513, 0.0010000000474974513, 0.0005000000237487257, 0.0005000000237487257, 0.0005000000237487257, 0.0005000000237487257, 0.0002500000118743628, 0.0002500000118743628, 0.0002500000118743628, 0.0002500000118743628, 0.0002500000118743628, 0.0002500000118743628, 0.0002500000118743628, 0.0001250000059371814, 0.0001250000059371814]}