{"loss": [0.8061382174491882, 0.5076151490211487, 0.4081052243709564, 0.34582993388175964, 0.30154937505722046, 0.2686002850532532, 0.24436865746974945, 0.2257317304611206, 0.21122218668460846, 0.19951583445072174, 0.18944287300109863, 0.18123365938663483, 0.17489905655384064, 0.16877804696559906, 0.16325874626636505, 0.15832875669002533, 0.15458619594573975, 0.1504596620798111, 0.14771220088005066, 0.14419056475162506, 0.14173632860183716, 0.13878077268600464, 0.1366719752550125, 0.13457071781158447, 0.13250207901000977, 0.130538210272789, 0.12848222255706787, 0.1272604614496231, 0.12572407722473145, 0.12437129020690918, 0.12273795157670975, 0.12161434441804886, 0.12054009735584259, 0.11901059746742249, 0.11800380051136017, 0.1170872151851654, 0.11572959274053574, 0.11476540565490723, 0.11388693749904633, 0.11310632526874542, 0.1123548075556755, 0.11159626394510269, 0.11052394658327103, 0.10998165607452393, 0.10926716774702072, 0.10849006474018097, 0.10758877545595169, 0.10730063915252686, 0.10645818710327148, 0.10580524057149887], "accuracy": [0.4077422618865967, 0.5785330533981323, 0.6361032724380493, 0.6722243428230286, 0.6985912322998047, 0.7194099426269531, 0.7342777252197266, 0.7464168071746826, 0.7566326856613159, 0.7642822861671448, 0.770987868309021, 0.7772572040557861, 0.7822545170783997, 0.7864112257957458, 0.7906237244606018, 0.79500812292099, 0.7971572875976562, 0.8016165494918823, 0.8031480312347412, 0.8061298727989197, 0.8080864548683167, 0.8108119964599609, 0.8122734427452087, 0.8140787482261658, 0.8158538937568665, 0.8171179294586182, 0.8194597959518433, 0.8200933933258057, 0.8216981291770935, 0.8227138519287109, 0.8242341876029968, 0.8253104090690613, 0.8263945579528809, 0.8272510766983032, 0.828585147857666, 0.8292585611343384, 0.8304621577262878, 0.8312804102897644, 0.8320541381835938, 0.8329297304153442, 0.8332831859588623, 0.8344963192939758, 0.8351203799247742, 0.8357603549957275, 0.8363509774208069, 0.8369957804679871, 0.8380002975463867, 0.838603675365448, 0.8393917083740234, 0.8394904136657715], "val_loss": [0.4279191792011261, 0.32250720262527466, 0.2618633806705475, 0.22047163546085358, 0.19105805456638336, 0.17114286124706268, 0.1566002368927002, 0.14609718322753906, 0.13796211779117584, 0.1313193142414093, 0.12597081065177917, 0.12218861281871796, 0.11888571828603745, 0.11580795794725418, 0.11331062763929367, 0.11098796874284744, 0.10880913585424423, 0.1076911985874176, 0.10601253807544708, 0.10445968061685562, 0.10322271287441254, 0.10218164324760437, 0.1013551875948906, 0.10026104748249054, 0.09920838475227356, 0.09829520434141159, 0.09731054306030273, 0.09683062136173248, 0.09592831134796143, 0.0955570712685585, 0.09486791491508484, 0.09442803263664246, 0.09364514797925949, 0.09328674525022507, 0.09279662370681763, 0.09221743792295456, 0.09172749519348145, 0.09121304750442505, 0.09088090062141418, 0.09057153761386871, 0.0903797298669815, 0.08954650908708572, 0.08957186341285706, 0.08905844390392303, 0.08866481482982635, 0.08854954689741135, 0.08814795315265656, 0.08765561878681183, 0.08769165724515915, 0.0871000587940216], "val_accuracy": [0.6440238356590271, 0.7023383378982544, 0.7370117902755737, 0.7626156806945801, 0.7822449207305908, 0.7966157793998718, 0.8067169189453125, 0.8149840831756592, 0.8213599920272827, 0.8267186284065247, 0.8302862644195557, 0.8327077031135559, 0.8357021808624268, 0.8381093144416809, 0.8404304385185242, 0.8425509333610535, 0.8446857929229736, 0.8454164862632751, 0.8468493223190308, 0.8483823537826538, 0.8498008251190186, 0.8503882884979248, 0.8509470820426941, 0.8518067598342896, 0.8530962467193604, 0.8542711138725281, 0.8548012971878052, 0.8547009825706482, 0.8555606603622437, 0.856033444404602, 0.8568071722984314, 0.8569074869155884, 0.8576238751411438, 0.858025074005127, 0.857795774936676, 0.8588560819625854, 0.8592715859413147, 0.8594291806221008, 0.8600309491157532, 0.8602315187454224, 0.8603175282478333, 0.8609049320220947, 0.8611485362052917, 0.861420750617981, 0.8617932796478271, 0.861564040184021, 0.8620511889457703, 0.8624953627586365, 0.8626816272735596, 0.863125741481781], "lr": [3.12499992105586e-06, 3.12499992105586e-06, 3.12499992105586e-06, 3.12499992105586e-06, 3.12499992105586e-06, 3.12499992105586e-06, 3.12499992105586e-06, 3.12499992105586e-06, 3.12499992105586e-06, 3.12499992105586e-06, 3.12499992105586e-06, 3.12499992105586e-06, 3.12499992105586e-06, 3.12499992105586e-06, 3.12499992105586e-06, 3.12499992105586e-06, 3.12499992105586e-06, 3.12499992105586e-06, 3.12499992105586e-06, 3.12499992105586e-06, 3.12499992105586e-06, 3.12499992105586e-06, 3.12499992105586e-06, 3.12499992105586e-06, 3.12499992105586e-06, 3.12499992105586e-06, 3.12499992105586e-06, 3.12499992105586e-06, 3.12499992105586e-06, 3.12499992105586e-06, 3.12499992105586e-06, 3.12499992105586e-06, 3.12499992105586e-06, 3.12499992105586e-06, 3.12499992105586e-06, 3.12499992105586e-06, 3.12499992105586e-06, 3.12499992105586e-06, 3.12499992105586e-06, 3.12499992105586e-06, 3.12499992105586e-06, 3.12499992105586e-06, 3.12499992105586e-06, 3.12499992105586e-06, 3.12499992105586e-06, 3.12499992105586e-06, 3.12499992105586e-06, 3.12499992105586e-06, 3.12499992105586e-06, 3.12499992105586e-06]}