{"loss": [0.7201191186904907, 0.42935463786125183, 0.3924432396888733, 0.37421849370002747, 0.36229732632637024, 0.35455062985420227, 0.3482034504413605, 0.3420814871788025, 0.33781489729881287, 0.3335430920124054], "accuracy": [0.7801546454429626, 0.8473119735717773, 0.8577699065208435, 0.8624774813652039, 0.8657633662223816, 0.8680478930473328, 0.870270311832428, 0.8712669610977173, 0.872696578502655, 0.8742408156394958], "val_loss": [0.397138774394989, 0.376397043466568, 0.3722550570964813, 0.3439217805862427, 0.33995553851127625, 0.3365173637866974, 0.3348713517189026, 0.32808634638786316, 0.32862842082977295, 0.3271248936653137], "val_accuracy": [0.8571940064430237, 0.8629108667373657, 0.8609622716903687, 0.8714502453804016, 0.8724675178527832, 0.8738430142402649, 0.8739433288574219, 0.8764793276786804, 0.8764363527297974, 0.8760208487510681], "lr": [0.00019999999494757503, 0.00019999999494757503, 0.00019999999494757503, 0.00019999999494757503, 0.00019999999494757503, 0.00019999999494757503, 0.00019999999494757503, 0.00019999999494757503, 0.00019999999494757503, 0.00019999999494757503]}