{"loss": [1.5771172046661377, 0.8048482537269592, 0.662140965461731, 0.5935376882553101, 0.5532240271568298, 0.5252915620803833, 0.503474235534668, 0.488296777009964, 0.4738798141479492, 0.4642193913459778, 0.4545322060585022, 0.4479787051677704, 0.44113272428512573, 0.4353664219379425, 0.42976000905036926, 0.42498815059661865, 0.4215332269668579, 0.41752997040748596, 0.4141063690185547, 0.4101042151451111, 0.4071614146232605, 0.40498965978622437, 0.40176594257354736, 0.3992633819580078, 0.3965005576610565, 0.3950471580028534, 0.39392080903053284, 0.3908127546310425, 0.3898226022720337, 0.38750526309013367, 0.38650208711624146, 0.38522934913635254, 0.38376158475875854, 0.38121283054351807, 0.3795558214187622, 0.37929192185401917, 0.3771291971206665, 0.37566646933555603, 0.37548691034317017, 0.3739139437675476, 0.37279075384140015, 0.37199586629867554, 0.370050847530365, 0.3694872558116913, 0.3687771260738373, 0.36738187074661255, 0.3671194314956665, 0.36611247062683105, 0.36452287435531616, 0.36420121788978577], "accuracy": [0.5940375924110413, 0.7526001334190369, 0.7865847945213318, 0.8041701316833496, 0.8143557906150818, 0.8217872977256775, 0.8277350068092346, 0.8322659134864807, 0.8360325694084167, 0.8383027911186218, 0.8417622447013855, 0.842715859413147, 0.8447392582893372, 0.8463137745857239, 0.8481429815292358, 0.8495041728019714, 0.8504625558853149, 0.8512060046195984, 0.8520975708961487, 0.8534889817237854, 0.8541417121887207, 0.8547928333282471, 0.8556047677993774, 0.8561460375785828, 0.8572859168052673, 0.8573384284973145, 0.8580898642539978, 0.8588572144508362, 0.8590227961540222, 0.8595991134643555, 0.8597232699394226, 0.8601276278495789, 0.8607532978057861, 0.8613614439964294, 0.8619107007980347, 0.8619170784950256, 0.8622322678565979, 0.8628786206245422, 0.8627035021781921, 0.8633132576942444, 0.8638433814048767, 0.8638561367988586, 0.864512026309967, 0.8643496632575989, 0.8647763133049011, 0.8654354214668274, 0.8650087714195251, 0.8653032779693604, 0.8656136989593506, 0.866385817527771], "val_loss": [0.679767906665802, 0.5190556049346924, 0.47818925976753235, 0.4491789638996124, 0.4315282106399536, 0.417325496673584, 0.40543460845947266, 0.40503618121147156, 0.3933769166469574, 0.392401784658432, 0.3813471496105194, 0.3845726251602173, 0.3805773854255676, 0.3824411928653717, 0.37308695912361145, 0.3697403371334076, 0.36972588300704956, 0.3662426769733429, 0.3643839359283447, 0.36546599864959717, 0.3612695634365082, 0.3623540997505188, 0.3601127564907074, 0.36340034008026123, 0.3597504496574402, 0.3577294945716858, 0.3601219952106476, 0.3551350235939026, 0.3543422818183899, 0.35334348678588867, 0.3502604365348816, 0.35238897800445557, 0.34836751222610474, 0.349458247423172, 0.3483539819717407, 0.34768471121788025, 0.3463102877140045, 0.3448446989059448, 0.34405452013015747, 0.347490131855011, 0.3429485559463501, 0.3424519896507263, 0.34171879291534424, 0.3434399366378784, 0.3426160216331482, 0.3408949375152588, 0.34097185730934143, 0.3389134705066681, 0.34025630354881287, 0.3391404151916504], "val_accuracy": [0.7827893495559692, 0.8247557282447815, 0.8349141478538513, 0.8433389663696289, 0.8477805852890015, 0.8510473966598511, 0.8543427586555481, 0.8549445271492004, 0.8581683039665222, 0.8581826686859131, 0.8608906269073486, 0.8599449992179871, 0.8606040477752686, 0.85955810546875, 0.863226056098938, 0.8644725680351257, 0.8639424443244934, 0.8657334446907043, 0.8657621145248413, 0.8650457262992859, 0.8665501475334167, 0.8658480644226074, 0.8667364120483398, 0.8655185103416443, 0.8665071725845337, 0.8674671053886414, 0.8659626841545105, 0.8679112792015076, 0.86879962682724, 0.868770956993103, 0.8692581057548523, 0.8690145015716553, 0.8709201216697693, 0.8702753782272339, 0.8702467083930969, 0.8707338571548462, 0.8714216351509094, 0.8713070154190063, 0.8714646100997925, 0.8701894283294678, 0.872266948223114, 0.8724532127380371, 0.8727684617042542, 0.8713786005973816, 0.8718657493591309, 0.8730979561805725, 0.8725248575210571, 0.8735707998275757, 0.8728114366531372, 0.8725248575210571], "lr": [0.0010000000474974513, 0.0010000000474974513, 0.0010000000474974513, 0.0010000000474974513, 0.0010000000474974513, 0.0010000000474974513, 0.0010000000474974513, 0.0010000000474974513, 0.0010000000474974513, 0.0010000000474974513, 0.0010000000474974513, 0.0010000000474974513, 0.0010000000474974513, 0.0010000000474974513, 0.0010000000474974513, 0.0010000000474974513, 0.0010000000474974513, 0.0010000000474974513, 0.0010000000474974513, 0.0010000000474974513, 0.0010000000474974513, 0.0010000000474974513, 0.0010000000474974513, 0.0010000000474974513, 0.0010000000474974513, 0.0010000000474974513, 0.0010000000474974513, 0.0010000000474974513, 0.0010000000474974513, 0.0010000000474974513, 0.0010000000474974513, 0.0010000000474974513, 0.0010000000474974513, 0.0010000000474974513, 0.0010000000474974513, 0.0010000000474974513, 0.0010000000474974513, 0.0010000000474974513, 0.0010000000474974513, 0.0010000000474974513, 0.0010000000474974513, 0.0010000000474974513, 0.0010000000474974513, 0.0010000000474974513, 0.0010000000474974513, 0.0010000000474974513, 0.0010000000474974513, 0.0010000000474974513, 0.0010000000474974513, 0.0010000000474974513]}