{"loss": [0.8550681471824646, 0.44996458292007446, 0.4142860174179077, 0.3967926502227783, 0.3839043378829956, 0.3738722801208496, 0.3661089539527893, 0.359449565410614, 0.35325390100479126, 0.3486136794090271, 0.3429667353630066, 0.33840373158454895, 0.33424481749534607, 0.3117787837982178, 0.3054778575897217], "accuracy": [0.7622668147087097, 0.8416619300842285, 0.8509815335273743, 0.8559247255325317, 0.8595895767211914, 0.8620077967643738, 0.8645836710929871, 0.8658540844917297, 0.8677486181259155, 0.8689823746681213, 0.870308518409729, 0.8716108202934265, 0.8729465007781982, 0.8802060484886169, 0.8818984031677246], "val_loss": [0.48758748173713684, 0.4455638527870178, 0.4231264293193817, 0.41459226608276367, 0.4007158577442169, 0.39475616812705994, 0.38821765780448914, 0.3914376199245453, 0.3883092999458313, 0.3797644078731537, 0.38677623867988586, 0.38377684354782104, 0.3875134289264679, 0.38117891550064087, 0.3836662769317627], "val_accuracy": [0.8320772647857666, 0.8433389663696289, 0.8482104539871216, 0.8521935939788818, 0.8552597761154175, 0.8572083711624146, 0.857967734336853, 0.857752799987793, 0.8600596189498901, 0.8621228337287903, 0.8593862056732178, 0.8608906269073486, 0.859873354434967, 0.863197386264801, 0.8625239729881287], "lr": [0.0010000000474974513, 0.0010000000474974513, 0.0010000000474974513, 0.0010000000474974513, 0.0010000000474974513, 0.0010000000474974513, 0.0010000000474974513, 0.0010000000474974513, 0.0010000000474974513, 0.0010000000474974513, 0.0010000000474974513, 0.0010000000474974513, 0.0010000000474974513, 0.0005000000237487257, 0.0005000000237487257]}