{"loss": [0.720119297504425, 0.42935436964035034, 0.3924432694911957, 0.37421855330467224, 0.36229756474494934, 0.354550302028656, 0.3482038080692291, 0.3420807421207428, 0.33781465888023376, 0.3335431218147278, 0.330418199300766, 0.32740944623947144, 0.3245514929294586, 0.32136332988739014, 0.31892701983451843, 0.3166235387325287, 0.31389087438583374, 0.3117859363555908, 0.30963796377182007, 0.3078925609588623, 0.30589523911476135, 0.30423763394355774, 0.301546186208725, 0.2992198169231415, 0.298407644033432, 0.29652151465415955, 0.28792721033096313, 0.2857125401496887, 0.28371143341064453, 0.2824898362159729, 0.2775184214115143, 0.2756149172782898, 0.2747136950492859, 0.2746366560459137, 0.27111831307411194, 0.27033382654190063], "accuracy": [0.7801498770713806, 0.8472896814346313, 0.8577619194984436, 0.862479031085968, 0.8657601475715637, 0.8680510520935059, 0.870270311832428, 0.8712653517723083, 0.8727061152458191, 0.8742312788963318, 0.8747502565383911, 0.8756911158561707, 0.8764457702636719, 0.8776970505714417, 0.87839275598526, 0.8787605166435242, 0.8799051642417908, 0.8802028894424438, 0.8807712197303772, 0.8813889622688293, 0.8820973634719849, 0.8822979927062988, 0.8831799626350403, 0.8839711546897888, 0.8839568495750427, 0.884681224822998, 0.8870517015457153, 0.8874942660331726, 0.888301432132721, 0.8886628150939941, 0.8903933167457581, 0.8906687498092651, 0.8910953998565674, 0.8914806842803955, 0.8922862410545349, 0.8926428556442261], "val_loss": [0.397150456905365, 0.3764028251171112, 0.37226128578186035, 0.3439263701438904, 0.33994823694229126, 0.33651843667030334, 0.33486640453338623, 0.32808542251586914, 0.32862409949302673, 0.3271171450614929, 0.3246266841888428, 0.3233959972858429, 0.324476957321167, 0.32317548990249634, 0.32023701071739197, 0.3196397125720978, 0.31922733783721924, 0.3179384469985962, 0.32151588797569275, 0.31670519709587097, 0.31718435883522034, 0.3182123601436615, 0.3164544999599457, 0.3186838924884796, 0.31709083914756775, 0.31836557388305664, 0.31428593397140503, 0.314482718706131, 0.3150298595428467, 0.31525659561157227, 0.3141212463378906, 0.3147471845149994, 0.3153989315032959, 0.3154413104057312, 0.31472668051719666, 0.3156329393386841], "val_accuracy": [0.8571510314941406, 0.8628965020179749, 0.8609622716903687, 0.8714216351509094, 0.8724675178527832, 0.8738430142402649, 0.873957633972168, 0.8764936923980713, 0.8764650225639343, 0.876035213470459, 0.8779694437980652, 0.8767945766448975, 0.8784136176109314, 0.8771814107894897, 0.8784279227256775, 0.8788004517555237, 0.8791157007217407, 0.879645824432373, 0.8784709572792053, 0.8801186084747314, 0.87967449426651, 0.8802762627601624, 0.8814654350280762, 0.87967449426651, 0.8809210062026978, 0.8809210062026978, 0.8811359405517578, 0.8819669485092163, 0.8815227746963501, 0.8817949891090393, 0.8820242285728455, 0.8822964429855347, 0.8825973868370056, 0.8823251128196716, 0.8826689720153809, 0.8827120065689087], "lr": [0.00019999999494757503, 0.00019999999494757503, 0.00019999999494757503, 0.00019999999494757503, 0.00019999999494757503, 0.00019999999494757503, 0.00019999999494757503, 0.00019999999494757503, 0.00019999999494757503, 0.00019999999494757503, 0.00019999999494757503, 0.00019999999494757503, 0.00019999999494757503, 0.00019999999494757503, 0.00019999999494757503, 0.00019999999494757503, 0.00019999999494757503, 0.00019999999494757503, 0.00019999999494757503, 0.00019999999494757503, 0.00019999999494757503, 0.00019999999494757503, 0.00019999999494757503, 0.00019999999494757503, 0.00019999999494757503, 0.00019999999494757503, 9.999999747378752e-05, 9.999999747378752e-05, 9.999999747378752e-05, 9.999999747378752e-05, 4.999999873689376e-05, 4.999999873689376e-05, 4.999999873689376e-05, 4.999999873689376e-05, 2.499999936844688e-05, 2.499999936844688e-05]}