{"loss": [0.5715042948722839, 0.40038469433784485, 0.3784225285053253, 0.3655237555503845, 0.35642850399017334, 0.349106103181839, 0.34317103028297424, 0.337872713804245, 0.3331378102302551, 0.32895714044570923, 0.3248758912086487, 0.32178279757499695, 0.31786641478538513, 0.31445032358169556, 0.3123236298561096, 0.2999642789363861, 0.29548802971839905, 0.2923256456851959, 0.2904570996761322, 0.2837431728839874, 0.2806170880794525, 0.2786937654018402, 0.2771642506122589, 0.27298489212989807, 0.27168089151382446], "accuracy": [0.8119359016418457, 0.8550634384155273, 0.8612515926361084, 0.8650771975517273, 0.8676084876060486, 0.8696319460868835, 0.8714977502822876, 0.8731120824813843, 0.8747757077217102, 0.8757914304733276, 0.8769026398658752, 0.8780536651611328, 0.8787462115287781, 0.8798558115959167, 0.8806470632553101, 0.8841016888618469, 0.8855090737342834, 0.8859070539474487, 0.886427640914917, 0.8889207243919373, 0.8898648023605347, 0.8902022838592529, 0.890479326248169, 0.8919758200645447, 0.8924040198326111], "val_loss": [0.40051737427711487, 0.362333744764328, 0.3557586669921875, 0.3476061522960663, 0.3421361446380615, 0.33819034695625305, 0.3326108753681183, 0.33012717962265015, 0.32788166403770447, 0.32542821764945984, 0.33121156692504883, 0.31975382566452026, 0.32729601860046387, 0.3250703811645508, 0.32077693939208984, 0.31655606627464294, 0.31650641560554504, 0.31744953989982605, 0.3193792700767517, 0.3142337203025818, 0.3146524429321289, 0.31635522842407227, 0.3164317309856415, 0.3161102533340454, 0.3166636824607849], "val_accuracy": [0.8519643545150757, 0.8654038906097412, 0.8677966594696045, 0.8710920810699463, 0.8717081546783447, 0.872395932674408, 0.8747743368148804, 0.8766799569129944, 0.877596914768219, 0.8768948912620544, 0.8762071132659912, 0.8789437413215637, 0.8770524859428406, 0.8766655921936035, 0.8788864612579346, 0.8808923363685608, 0.8819382786750793, 0.8825830221176147, 0.8817663192749023, 0.882969856262207, 0.8826833367347717, 0.8822678327560425, 0.8831131458282471, 0.8835000395774841, 0.8833710551261902], "lr": [0.0010000000474974513, 0.0010000000474974513, 0.0010000000474974513, 0.0010000000474974513, 0.0010000000474974513, 0.0010000000474974513, 0.0010000000474974513, 0.0010000000474974513, 0.0010000000474974513, 0.0010000000474974513, 0.0010000000474974513, 0.0010000000474974513, 0.0010000000474974513, 0.0010000000474974513, 0.0010000000474974513, 0.0005000000237487257, 0.0005000000237487257, 0.0005000000237487257, 0.0005000000237487257, 0.0002500000118743628, 0.0002500000118743628, 0.0002500000118743628, 0.0002500000118743628, 0.0001250000059371814, 0.0001250000059371814]}