{"loss": [0.657602846622467, 0.4345211386680603, 0.40844404697418213, 0.39346256852149963, 0.38331669569015503, 0.3760735094547272, 0.3694198727607727, 0.3647077977657318, 0.35986119508743286, 0.35690417885780334, 0.35243919491767883, 0.34960055351257324, 0.3459433317184448, 0.3439095616340637, 0.34127041697502136, 0.3251103162765503, 0.3223404586315155, 0.32082119584083557, 0.3191293776035309, 0.3176485300064087, 0.3161616325378418, 0.30712971091270447, 0.3056628108024597, 0.30450186133384705, 0.3038261830806732, 0.3028317093849182, 0.30210310220718384, 0.30144867300987244, 0.296584814786911, 0.2959158718585968], "accuracy": [0.7952468991279602, 0.8459253311157227, 0.8528123497962952, 0.8568496704101562, 0.8598188161849976, 0.8613885045051575, 0.8632607460021973, 0.864496111869812, 0.8659814596176147, 0.8666484951972961, 0.8680940866470337, 0.86845862865448, 0.8695586919784546, 0.8702353239059448, 0.8713083267211914, 0.8763900399208069, 0.8772353529930115, 0.8775107860565186, 0.8782399296760559, 0.878620445728302, 0.8789085745811462, 0.8821419477462769, 0.8827580809593201, 0.8831098675727844, 0.8831146955490112, 0.8835110664367676, 0.8837960362434387, 0.884311854839325, 0.8860646486282349, 0.8862031698226929], "val_loss": [0.4637298285961151, 0.42641615867614746, 0.41562312841415405, 0.4011828899383545, 0.39919933676719666, 0.39388489723205566, 0.39019379019737244, 0.39236682653427124, 0.38974663615226746, 0.3848612308502197, 0.3902775049209595, 0.38352447748184204, 0.3849206268787384, 0.38746243715286255, 0.38927575945854187, 0.3797741234302521, 0.3788738548755646, 0.37676215171813965, 0.3801732063293457, 0.37790554761886597, 0.380744069814682, 0.37647712230682373, 0.3769219219684601, 0.37709757685661316, 0.37636613845825195, 0.37854689359664917, 0.38080498576164246, 0.378475546836853, 0.37790608406066895, 0.37806519865989685], "val_accuracy": [0.838367223739624, 0.8481817841529846, 0.850975751876831, 0.8556752800941467, 0.8549588918685913, 0.8575379252433777, 0.8573229908943176, 0.8564059734344482, 0.8590566515922546, 0.8594721555709839, 0.858025074005127, 0.8601312637329102, 0.8600596189498901, 0.8597873449325562, 0.8590423464775085, 0.8617359399795532, 0.8625813126564026, 0.863269031047821, 0.8628392219543457, 0.8630971312522888, 0.8610911965370178, 0.8638421893119812, 0.863125741481781, 0.8629681468009949, 0.8634123206138611, 0.8637991547584534, 0.8626816272735596, 0.8640714287757874, 0.8641716837882996, 0.8633120059967041], "lr": [0.0010000000474974513, 0.0010000000474974513, 0.0010000000474974513, 0.0010000000474974513, 0.0010000000474974513, 0.0010000000474974513, 0.0010000000474974513, 0.0010000000474974513, 0.0010000000474974513, 0.0010000000474974513, 0.0010000000474974513, 0.0010000000474974513, 0.0010000000474974513, 0.0010000000474974513, 0.0010000000474974513, 0.0005000000237487257, 0.0005000000237487257, 0.0005000000237487257, 0.0005000000237487257, 0.0005000000237487257, 0.0005000000237487257, 0.0002500000118743628, 0.0002500000118743628, 0.0002500000118743628, 0.0002500000118743628, 0.0002500000118743628, 0.0002500000118743628, 0.0002500000118743628, 0.0001250000059371814, 0.0001250000059371814]}