{"loss": [0.5702186822891235, 0.4019368290901184, 0.3802967369556427, 0.36641258001327515, 0.3569200336933136, 0.3490346670150757, 0.3432932198047638, 0.33788904547691345, 0.332748144865036, 0.3287765681743622, 0.3243415355682373, 0.3211546242237091, 0.3180406987667084, 0.31476297974586487, 0.30162081122398376, 0.2973310947418213, 0.2952619791030884, 0.29260873794555664, 0.28468045592308044, 0.2824350893497467, 0.2804790139198303, 0.2790323495864868, 0.27771714329719543, 0.27357304096221924, 0.2724774181842804], "accuracy": [0.8125790953636169, 0.8546256422996521, 0.8609300255775452, 0.8644372224807739, 0.8675671219825745, 0.8695348501205444, 0.8716028332710266, 0.8729194402694702, 0.874371349811554, 0.8757468461990356, 0.8767275214195251, 0.8779995441436768, 0.8788194060325623, 0.8800452947616577, 0.8838263154029846, 0.8849932551383972, 0.8852909207344055, 0.8862159252166748, 0.888361930847168, 0.8891451954841614, 0.8897485733032227, 0.8903821706771851, 0.890495240688324, 0.8919709920883179, 0.8920363187789917], "val_loss": [0.39970189332962036, 0.37123191356658936, 0.3537198305130005, 0.3538625240325928, 0.36319902539253235, 0.3354223072528839, 0.3325877785682678, 0.3274352550506592, 0.33285871148109436, 0.3281938135623932, 0.3234606385231018, 0.3269202411174774, 0.3239559233188629, 0.32738903164863586, 0.3147650361061096, 0.3167860507965088, 0.31602945923805237, 0.31694820523262024, 0.315304696559906, 0.3143232464790344, 0.3154965937137604, 0.31586113572120667, 0.3179604113101959, 0.3169112503528595, 0.31591662764549255], "val_accuracy": [0.8520216345787048, 0.863082766532898, 0.870461642742157, 0.8665931224822998, 0.8629968166351318, 0.8739433288574219, 0.8747456669807434, 0.8767229318618774, 0.8737140893936157, 0.8753187656402588, 0.8786428570747375, 0.8770667910575867, 0.8785425424575806, 0.8754047751426697, 0.8809353113174438, 0.8798463940620422, 0.8821245431900024, 0.8821675181388855, 0.8822248578071594, 0.8826833367347717, 0.8822821378707886, 0.8820958733558655, 0.8828982710838318, 0.8827692866325378, 0.8826259970664978], "lr": [0.0010000000474974513, 0.0010000000474974513, 0.0010000000474974513, 0.0010000000474974513, 0.0010000000474974513, 0.0010000000474974513, 0.0010000000474974513, 0.0010000000474974513, 0.0010000000474974513, 0.0010000000474974513, 0.0010000000474974513, 0.0010000000474974513, 0.0010000000474974513, 0.0010000000474974513, 0.0005000000237487257, 0.0005000000237487257, 0.0005000000237487257, 0.0005000000237487257, 0.0002500000118743628, 0.0002500000118743628, 0.0002500000118743628, 0.0002500000118743628, 0.0002500000118743628, 0.0001250000059371814, 0.0001250000059371814]}