{"loss": [0.13779932260513306, 0.07951302826404572, 0.06831000000238419, 0.062242310494184494, 0.05833679065108299, 0.05541832745075226, 0.053412631154060364, 0.05185528099536896, 0.050377313047647476, 0.04919639974832535, 0.048347268253564835, 0.047496505081653595, 0.04682552069425583, 0.046051181852817535, 0.04544837772846222, 0.04494693875312805, 0.04445822164416313, 0.04420742765069008, 0.043654024600982666, 0.0433068610727787, 0.04296755790710449, 0.04269883781671524, 0.042401690036058426, 0.0421028770506382, 0.04183628410100937, 0.041559334844350815, 0.04137846454977989, 0.041164908558130264, 0.04094213992357254, 0.040652189403772354, 0.040545862168073654, 0.04034602269530296, 0.040044911205768585, 0.039766017347574234, 0.03975049778819084, 0.03967874124646187, 0.03953441232442856, 0.03937143832445145, 0.03932207077741623, 0.03925013542175293, 0.0392397902905941, 0.03908975422382355, 0.03918410465121269, 0.03911025449633598, 0.039057645946741104, 0.039004337042570114], "accuracy": [0.709139883518219, 0.7950224280357361, 0.8157678842544556, 0.8263213038444519, 0.8338770270347595, 0.8400316834449768, 0.8436678647994995, 0.8475969433784485, 0.8499324321746826, 0.852422297000885, 0.8538710474967957, 0.8559932112693787, 0.8577141761779785, 0.8592902421951294, 0.8603314161300659, 0.8617085218429565, 0.862679660320282, 0.8630394339561462, 0.8642366528511047, 0.8647603988647461, 0.8658668398857117, 0.8660292029380798, 0.8669780492782593, 0.8676323890686035, 0.8682898879051208, 0.8684889078140259, 0.8693835735321045, 0.8693597316741943, 0.8702161908149719, 0.8706954121589661, 0.8710997700691223, 0.8710042834281921, 0.8720183372497559, 0.872480034828186, 0.8726806640625, 0.8726264834403992, 0.8734304904937744, 0.8738205432891846, 0.8737584352493286, 0.8738873600959778, 0.874376118183136, 0.874724805355072, 0.8743172287940979, 0.8740847706794739, 0.8741261959075928, 0.8744239211082458], "val_loss": [0.06387831270694733, 0.05440839007496834, 0.05088445171713829, 0.048889271914958954, 0.04728304222226143, 0.045580532401800156, 0.04487141594290733, 0.04437035322189331, 0.0436059944331646, 0.04338150471448898, 0.042297206819057465, 0.04207412526011467, 0.041856128722429276, 0.04214249551296234, 0.041152823716402054, 0.04101089760661125, 0.04052961245179176, 0.04037972539663315, 0.04049496725201607, 0.04020894318819046, 0.039917439222335815, 0.039856355637311935, 0.0398307703435421, 0.03965788707137108, 0.03975500538945198, 0.039408307522535324, 0.03927155211567879, 0.03918787091970444, 0.03884047642350197, 0.039024993777275085, 0.03887152299284935, 0.03886943683028221, 0.03856998682022095, 0.03843608498573303, 0.03844967857003212, 0.038439393043518066, 0.038383644074201584, 0.038321688771247864, 0.038305509835481644, 0.03825250640511513, 0.03816566616296768, 0.038230519741773605, 0.03821543976664543, 0.038226451724767685, 0.03814473748207092, 0.038150835782289505], "val_accuracy": [0.8267472982406616, 0.8443275690078735, 0.8520359992980957, 0.8552597761154175, 0.8592715859413147, 0.861392080783844, 0.863125741481781, 0.8639997839927673, 0.8659626841545105, 0.8661776185035706, 0.8689572215080261, 0.8685846924781799, 0.86872798204422, 0.8683124780654907, 0.8706622123718262, 0.8714072704315186, 0.8721093535423279, 0.8726108074188232, 0.8724675178527832, 0.8732412457466125, 0.8739719986915588, 0.873957633972168, 0.8735851049423218, 0.8733128905296326, 0.8736137747764587, 0.8756197094917297, 0.8747743368148804, 0.8751898407936096, 0.875691294670105, 0.8756483197212219, 0.8755910396575928, 0.8752185106277466, 0.8773533701896667, 0.8771384358406067, 0.8772530555725098, 0.8768948912620544, 0.8771957755088806, 0.8772960305213928, 0.8774393200874329, 0.8777115345001221, 0.8779551386833191, 0.8782273530960083, 0.8778977990150452, 0.8771241307258606, 0.8778548240661621, 0.8782560229301453], "lr": [2.499999936844688e-05, 2.499999936844688e-05, 2.499999936844688e-05, 2.499999936844688e-05, 2.499999936844688e-05, 2.499999936844688e-05, 2.499999936844688e-05, 2.499999936844688e-05, 2.499999936844688e-05, 2.499999936844688e-05, 2.499999936844688e-05, 2.499999936844688e-05, 2.499999936844688e-05, 2.499999936844688e-05, 2.499999936844688e-05, 2.499999936844688e-05, 2.499999936844688e-05, 2.499999936844688e-05, 2.499999936844688e-05, 2.499999936844688e-05, 2.499999936844688e-05, 2.499999936844688e-05, 2.499999936844688e-05, 2.499999936844688e-05, 2.499999936844688e-05, 2.499999936844688e-05, 2.499999936844688e-05, 2.499999936844688e-05, 2.499999936844688e-05, 2.499999936844688e-05, 2.499999936844688e-05, 2.499999936844688e-05, 1.249999968422344e-05, 1.249999968422344e-05, 1.249999968422344e-05, 1.249999968422344e-05, 1.249999968422344e-05, 6.24999984211172e-06, 6.24999984211172e-06, 6.24999984211172e-06, 6.24999984211172e-06, 6.24999984211172e-06, 6.24999984211172e-06, 6.24999984211172e-06, 3.12499992105586e-06, 3.12499992105586e-06]}