{"loss": [0.5984237194061279, 0.37995174527168274, 0.3066242039203644, 0.2598521113395691, 0.22799964249134064, 0.20514754951000214, 0.18766024708747864, 0.17440152168273926, 0.16378431022167206, 0.15566293895244598, 0.14840836822986603, 0.14287689328193665, 0.13782063126564026, 0.13359536230564117, 0.13019698858261108, 0.12664441764354706, 0.12384596467018127, 0.12084303796291351, 0.11889759451150894, 0.11660176515579224, 0.11475248634815216, 0.11259181797504425, 0.11096446961164474, 0.10963638871908188, 0.10825240612030029, 0.10669922828674316, 0.10568193346261978, 0.10447806864976883, 0.10326680541038513, 0.10238419473171234, 0.10118712484836578, 0.10030703246593475, 0.09949494898319244, 0.09840087592601776, 0.09778160601854324, 0.09692628681659698, 0.09623666107654572, 0.09576711803674698, 0.09491637349128723, 0.09411004930734634, 0.0936288982629776, 0.09304553270339966, 0.09261544048786163, 0.09206012636423111, 0.09156926721334457, 0.09090255945920944, 0.0902930423617363, 0.09021735191345215, 0.08951407670974731, 0.08892723172903061], "accuracy": [0.4092307984828949, 0.5843215584754944, 0.6431893110275269, 0.6824530363082886, 0.7096747756004333, 0.7286722660064697, 0.7437055706977844, 0.7555517554283142, 0.7655177116394043, 0.772871196269989, 0.7804380059242249, 0.7856152653694153, 0.7904230952262878, 0.7945257425308228, 0.7984293103218079, 0.8021673560142517, 0.804736852645874, 0.8078572154045105, 0.8100907802581787, 0.8121476769447327, 0.8144035339355469, 0.8171258568763733, 0.818701982498169, 0.8205439448356628, 0.8210676908493042, 0.8229590058326721, 0.8243074417114258, 0.8258103132247925, 0.8275726437568665, 0.8278480768203735, 0.8291630744934082, 0.8303793668746948, 0.8315001130104065, 0.832818329334259, 0.8337050676345825, 0.8346284031867981, 0.8348926901817322, 0.8357380628585815, 0.8365563750267029, 0.8379430174827576, 0.8381451964378357, 0.838643491268158, 0.8394681215286255, 0.8401765823364258, 0.8412846326828003, 0.8413259983062744, 0.8421554565429688, 0.842610776424408, 0.8432364463806152, 0.8441374897956848], "val_loss": [0.32300272583961487, 0.24323099851608276, 0.19911536574363708, 0.16953818500041962, 0.14937323331832886, 0.13587051630020142, 0.12545526027679443, 0.11836113780736923, 0.11228885501623154, 0.1079496443271637, 0.10378172248601913, 0.101016104221344, 0.09857013821601868, 0.09634406119585037, 0.0945921242237091, 0.09287787973880768, 0.09107746183872223, 0.09027650207281113, 0.08918894827365875, 0.08788692206144333, 0.08711232990026474, 0.08622342348098755, 0.08560530841350555, 0.08466964960098267, 0.08414153754711151, 0.08314232528209686, 0.08272610604763031, 0.08218806982040405, 0.08147480338811874, 0.08109992742538452, 0.08060410618782043, 0.08025384694337845, 0.07975468039512634, 0.07938817888498306, 0.07902421802282333, 0.07873054593801498, 0.07833730429410934, 0.07788261771202087, 0.07754714041948318, 0.0772753655910492, 0.0770803913474083, 0.07678285241127014, 0.07663057744503021, 0.07627441734075546, 0.07590996474027634, 0.07569878548383713, 0.0753154531121254, 0.07515494525432587, 0.07506723701953888, 0.07478541880846024], "val_accuracy": [0.6376192569732666, 0.7031263709068298, 0.7395621538162231, 0.7669857144355774, 0.7866148948669434, 0.800312340259552, 0.8102415800094604, 0.8166317939758301, 0.8226208686828613, 0.8270338177680969, 0.8319196701049805, 0.8342694044113159, 0.8369343876838684, 0.8394131064414978, 0.8415049910545349, 0.8431383967399597, 0.8455168008804321, 0.8462045192718506, 0.8474653959274292, 0.8483823537826538, 0.8496145606040955, 0.8505315780639648, 0.8512622714042664, 0.8520646691322327, 0.8527953624725342, 0.8543427586555481, 0.854428768157959, 0.8553743958473206, 0.8561194539070129, 0.8567785024642944, 0.8573946356773376, 0.8573659658432007, 0.8581826686859131, 0.8586411476135254, 0.8590279817581177, 0.8594721555709839, 0.8599879741668701, 0.8603175282478333, 0.8608332872390747, 0.8609765768051147, 0.8611772060394287, 0.861664354801178, 0.8619938492774963, 0.8621371388435364, 0.8623090982437134, 0.8627818822860718, 0.863154411315918, 0.863254725933075, 0.8635556101799011, 0.8636988997459412], "lr": [3.12499992105586e-06, 3.12499992105586e-06, 3.12499992105586e-06, 3.12499992105586e-06, 3.12499992105586e-06, 3.12499992105586e-06, 3.12499992105586e-06, 3.12499992105586e-06, 3.12499992105586e-06, 3.12499992105586e-06, 3.12499992105586e-06, 3.12499992105586e-06, 3.12499992105586e-06, 3.12499992105586e-06, 3.12499992105586e-06, 3.12499992105586e-06, 3.12499992105586e-06, 3.12499992105586e-06, 3.12499992105586e-06, 3.12499992105586e-06, 3.12499992105586e-06, 3.12499992105586e-06, 3.12499992105586e-06, 3.12499992105586e-06, 3.12499992105586e-06, 3.12499992105586e-06, 3.12499992105586e-06, 3.12499992105586e-06, 3.12499992105586e-06, 3.12499992105586e-06, 3.12499992105586e-06, 3.12499992105586e-06, 3.12499992105586e-06, 3.12499992105586e-06, 3.12499992105586e-06, 3.12499992105586e-06, 3.12499992105586e-06, 3.12499992105586e-06, 3.12499992105586e-06, 3.12499992105586e-06, 3.12499992105586e-06, 3.12499992105586e-06, 3.12499992105586e-06, 3.12499992105586e-06, 3.12499992105586e-06, 3.12499992105586e-06, 3.12499992105586e-06, 3.12499992105586e-06, 3.12499992105586e-06, 3.12499992105586e-06]}