Loss Function,Loss,Accuracy,Training Time
Cross Entropy Loss,0.32250460982322693,0.8769536018371582,329.3647503852844
Focal Loss,0.034682344645261765,0.8747872114181519,330.7199640274048
