Trained Dataset,Training Time
EMNIST ByClass,946.7014355659485
EMNIST ByMerge,1351.6614100933075
EMNIST Balanced,272.1338107585907
