Loss Function,Loss,Accuracy,Training Time
Cross Entropy Loss,0.30866995453834534,0.8833754658699036,1158.5150561332703
Focal Loss,0.03391116112470627,0.8778992891311646,1592.331335067749
